place_id,name,category,area,internal_candidate_score,v3_stored_score,v3_current_recomputed_score,v3_current_delta_vs_stored,v3_score_version,base_quality_prior,raw_research_quality_adjustment,quality_adjustment_cap5,quality_adjustment_cap8,quality_adjustment_cap10,researched_quality_cap5,researched_quality_cap8,researched_quality_cap10,current_hiddenness,current_independence,current_local_discovery,neutral_hiddenness,neutral_independence,neutral_local_discovery,neutral_unknown_score,neutral_unknown_delta_vs_v3,v4_a_cap5,v4_a_cap8,v4_a_cap10,v4_b_cap8,v4_a_cap5_delta_vs_v3,v4_a_cap8_delta_vs_v3,v4_a_cap10_delta_vs_v3,v4_b_cap8_delta_vs_v3,is_published,product_eligible,map_display_eligible,chain_classification,chain_excluded,critical_publication_contradiction,critical_reasons,duplicate_place_ids,non_score_eligible,non_score_blocks,fiyu_confidence,positive_quality_evidence,negative_quality_evidence,quality_source_families,quality_source_types,qualifying_quality_theme_count,review_theme_count,unknown_fields
ChIJ--kHzR31GGARGv1b_Dizn2E,French Cuisine H (Furansu Ryori Asshu),French restaurant,Setagaya Initial,67.8,79.21,79.21,0.0,public-v3-local-discovery,83.14,0.0,0.0,0.0,0.0,83.14,83.14,83.14,60.15,100.0,71.11,60.15,100.0,74.26,80.0,0.79,80.0,80.0,80.0,79.56,0.79,0.79,0.79,0.35,True,True,True,independent_single,False,False,,,True,,88.35,,,ameblo.jp | jiyugaokah2022.com | tabelog.com,blog_platform | other_or_restaurant_controlled | review_or_reservation_platform,1,3,negative_quality_evidence_not_structurally_captured
ChIJ-3fBBQCNGGARgXH3cOoZYgI,Restaurant Plumeria,洋食,Toshima Initial,72.26,75.45,75.45,0.0,public-v3-local-discovery,59.21,0.0,0.0,0.0,0.0,59.21,59.21,59.21,85.97,94.0,87.23,85.97,100.0,91.36,77.38,1.93,77.38,77.38,77.38,78.99,1.93,1.93,1.93,3.54,True,True,True,independent_single,False,False,,,True,,78.2,,,,review_or_reservation_platform,0,1,no_independently_corroborated_food_quality_theme | same_source_family_themes_excluded:1 | negative_quality_evidence_not_structurally_captured | specialist_restaurant
ChIJ-4GIAHeNGGAR5YTLPAgL26c,Yoshichu,居酒屋,Toshima Initial,74.76,79.89,79.89,0.0,public-v3-local-discovery,71.48,0.0,0.0,0.0,0.0,71.48,71.48,71.48,85.28,94.0,83.32,85.28,100.0,87.02,81.71,1.82,81.71,81.71,81.71,82.49,1.82,1.82,1.82,2.6,True,True,True,independent_single,False,False,,,True,,81.15,,,,,0,0,quality_review_themes_unavailable | negative_quality_evidence_not_structurally_captured | specialist_restaurant
ChIJ-5iVZlWKGGARnyYklVtY8f0,Soarama,Izakaya,Minato Initial,76.39,78.84,78.84,0.0,public-v3-local-discovery,58.44,0.0,0.0,0.0,0.0,58.44,58.44,58.44,94.09,100.0,93.71,94.09,100.0,93.71,78.84,0.0,78.84,78.84,78.84,80.6,0.0,0.0,0.0,1.76,True,True,True,independent_single,False,False,,,True,,81.95,,,tabelog.com | yahoo.co.jp,other_or_restaurant_controlled | review_or_reservation_platform,1,2,negative_quality_evidence_not_structurally_captured
ChIJ-SgMgaeSGGAR6h1RxrclUJQ,Moriyama,Japanese cuisine,Toshima Initial,63.71,73.69,73.69,0.0,public-v3-local-discovery,59.27,1.5,1.5,1.5,1.5,60.77,60.77,60.77,76.57,100.0,82.12,76.57,100.0,82.12,73.69,0.0,74.36,74.36,74.36,75.43,0.67,0.67,0.67,1.74,False,True,True,independent_single,False,False,,,True,,84.6,"food/execution praise +1.5: Seasonal Japanese cooking with carefully prepared fish, vegetables, rice, and soup",,amebaownd.com | ekiten.jp | fc2.com | retty.me | travelbook.co.jp,other_or_restaurant_controlled | review_or_reservation_platform,2,4,negative_quality_evidence_not_structurally_captured
ChIJ-UTjfBqPGGARviFHm--zgXQ,Tonkatsu Kofuku,とんかつ,Taito Initial,75.95,78.7,78.7,0.0,public-v3-local-discovery,59.1,0.0,0.0,0.0,0.0,59.1,59.1,59.1,96.29,100.0,90.65,96.29,100.0,93.8,79.49,0.79,79.49,79.49,79.49,81.22,0.79,0.79,0.79,2.52,True,True,True,independent_single,False,False,,,True,,67.35,,,,,0,0,quality_review_themes_unavailable | negative_quality_evidence_not_structurally_captured
ChIJ-Ux_c2qNGGAR50JQLAuRUBM,Rocket Cafe,Cafe,Toshima Initial,60.01,65.34,65.34,0.0,public-v3-local-discovery,45.91,0.0,0.0,0.0,0.0,45.91,45.91,45.91,67.83,100.0,78.04,67.83,100.0,81.19,66.13,0.79,66.13,66.13,66.13,67.9,0.79,0.79,0.79,2.56,False,True,True,independent_single,False,False,,,True,,87.95,,,atpress.ne.jp | line.me | tabelog.com,other_or_restaurant_controlled | review_or_reservation_platform,2,3,negative_quality_evidence_not_structurally_captured
ChIJ-WwCsJ-LGGARo4U4s0IhXVM,Kitchen5bis,ヨーロッパ料理,Minato Initial,63.47,70.31,70.31,0.0,public-v3-local-discovery,57.8,0.0,0.0,0.0,0.0,57.8,57.8,57.8,70.43,96.0,77.36,70.43,96.0,80.51,71.1,0.79,71.1,71.1,71.1,72.24,0.79,0.79,0.79,1.93,False,True,True,independent_single,False,False,,,True,,87.95,,,,,0,0,quality_review_themes_unavailable | negative_quality_evidence_not_structurally_captured
ChIJ-XSXyk6JGGARHAeiIYgz2Uw,Shunsaiya Toriyu,焼き鳥,Koto Initial,75.35,81.21,81.21,0.0,public-v3-local-discovery,67.72,0.0,0.0,0.0,0.0,67.72,67.72,67.72,89.38,100.0,89.31,89.38,100.0,89.31,81.21,0.0,81.21,81.21,81.21,82.29,0.0,0.0,0.0,1.08,True,True,True,independent_single,False,False,,,True,,75.95,,,,other_or_restaurant_controlled | review_or_reservation_platform,0,1,no_independently_corroborated_food_quality_theme | negative_quality_evidence_not_structurally_captured
ChIJ-YAnRWnzGGARCJHw_iZ5f6E,Kushiageya Mouiikai,串揚げ居酒屋,Suginami Initial,73.9,78.16,78.16,0.0,public-v3-local-discovery,69.54,0.0,0.0,0.0,0.0,69.54,69.54,69.54,71.61,100.0,84.52,71.61,100.0,84.52,78.16,0.0,78.16,78.16,78.16,78.91,0.0,0.0,0.0,0.75,True,True,True,independent_single,False,False,,,True,,87.95,,,,review_or_reservation_platform,0,3,no_independently_corroborated_food_quality_theme | negative_quality_evidence_not_structurally_captured
ChIJ-ZsuPKmSGGARdOiTVwhIxbc,Ureshino,うどん,Toshima Initial,65.72,70.56,70.56,0.0,public-v3-local-discovery,41.91,0.0,0.0,0.0,0.0,41.91,41.91,41.91,92.47,100.0,91.32,92.47,100.0,91.32,70.56,0.0,70.56,70.56,70.56,73.03,0.0,0.0,0.0,2.47,False,True,True,independent_single,False,False,,,True,,81.95,,,lavietaste.com | livedoor.jp,blog_platform | review_or_reservation_platform,1,3,negative_quality_evidence_not_structurally_captured
ChIJ-_3SVFj0GGAR_TFHWz2OfkA,Madonna di San Luca,Italian restaurant,Setagaya Initial,69.41,72.01,72.01,0.0,public-v3-local-discovery,48.94,0.0,0.0,0.0,0.0,48.94,48.94,48.94,92.73,94.0,87.91,92.73,100.0,92.12,73.96,1.95,73.96,73.96,73.96,76.12,1.95,1.95,1.95,4.11,False,True,True,independent_single,False,False,,,True,,73.95,,,gourmet-calendar.com | tabelog.com,other_or_restaurant_controlled | review_or_reservation_platform,2,3,negative_quality_evidence_not_structurally_captured | specialist_restaurant
ChIJ-aGcEQD1GGARhMZa65MLMew,SLow Bake Shop,Pastry shop,Setagaya Initial,71.15,81.1,81.1,0.0,public-v3-local-discovery,78.99,0.0,0.0,0.0,0.0,78.99,78.99,78.99,74.37,100.0,77.58,74.37,100.0,80.73,81.88,0.78,81.88,81.88,81.88,81.97,0.78,0.78,0.78,0.87,True,True,True,independent_single,False,False,,,True,,81.95,,,tabelog.com | tokyu.co.jp,other_or_restaurant_controlled | review_or_reservation_platform,1,2,negative_quality_evidence_not_structurally_captured
ChIJ-cMiXL_1GGARM4xdODNSg7g,Daddy's Kitchen Bar,Bar,Setagaya Initial,71.4,77.99,77.99,0.0,public-v3-local-discovery,78.64,0.0,0.0,0.0,0.0,78.64,78.64,78.64,68.62,94.0,72.82,68.62,100.0,78.86,80.4,2.41,80.4,80.4,80.4,80.41,2.41,2.41,2.41,2.42,True,True,True,independent_single,False,False,,,True,,81.95,,,daddyskitchenbar.tokyo | tabelog.com,other_or_restaurant_controlled | review_or_reservation_platform,1,2,negative_quality_evidence_not_structurally_captured | specialist_restaurant
ChIJ-f-PeNSRGGARo3SanBbHLFQ,Ginga-tei,居酒屋,Adachi Initial,71.93,75.39,75.39,0.0,public-v3-local-discovery,57.01,0.0,0.0,0.0,0.0,57.01,57.01,57.01,92.0,94.0,87.34,92.0,100.0,91.49,77.33,1.94,77.33,77.33,77.33,79.05,1.94,1.94,1.94,3.66,True,True,True,independent_single,False,False,,,True,,75.55,,,,,0,0,quality_review_themes_unavailable | negative_quality_evidence_not_structurally_captured | specialist_restaurant
ChIJ-xPoiWuNGGARXFHxIR5NjXw,Sonosaki,Izakaya restaurant,Toshima Initial,80.21,77.07,77.07,0.0,public-v3-local-discovery,71.53,0.0,0.0,0.0,0.0,71.53,71.53,71.53,96.08,73.0,78.08,96.08,100.0,93.78,85.05,7.98,85.05,85.05,85.05,86.16,7.98,7.98,7.98,9.09,False,True,True,unknown,False,True,confirmed_address_identity_conflict,,False,critical:confirmed_address_identity_conflict,34.55,,,,,0,0,quality_review_themes_unavailable | negative_quality_evidence_not_structurally_captured | chain_classification | specialist_restaurant | local_audience
ChIJ-yHJUp1hGGAR4CntbKHei9s,Omori Yakiniku Halal,Yakiniku,Ota Initial,68.05,69.53,69.53,0.0,public-v3-local-discovery,76.06,0.0,0.0,0.0,0.0,76.06,76.06,76.06,56.01,82.5,58.12,56.01,82.5,58.12,69.53,0.0,69.53,69.53,69.53,68.64,0.0,0.0,0.0,-0.89,False,True,True,small_group_distinct_concept,False,False,,,True,,87.95,,,,,0,0,quality_review_themes_unavailable | negative_quality_evidence_not_structurally_captured
ChIJ01VQLvyRGGARpHSYg_dDJSg,Izakaya Okinoya,Izakaya,Adachi Initial,69.25,73.73,73.73,0.0,public-v3-local-discovery,56.36,0.0,0.0,0.0,0.0,56.36,56.36,56.36,90.1,94.0,83.0,90.1,100.0,90.17,76.42,2.69,76.42,76.42,76.42,78.11,2.69,2.69,2.69,4.38,False,True,True,independent_single,False,False,,,True,,70.35,,,,,0,0,quality_review_themes_unavailable | negative_quality_evidence_not_structurally_captured | specialist_restaurant
ChIJ04BE83OLGGAR73155HIjelk,Kikuzo,創作中華料理,Minato Initial,81.49,77.74,77.74,0.0,public-v3-local-discovery,72.86,0.0,0.0,0.0,0.0,72.86,72.86,72.86,89.96,79.0,78.42,89.96,100.0,90.04,83.79,6.05,83.79,83.79,83.79,84.65,6.05,6.05,6.05,6.91,False,True,True,unknown,False,False,,,True,,72.15,,,ameblo.jp | hamoni.jp | tabelog.com,blog_platform | other_or_restaurant_controlled | review_or_reservation_platform,2,3,negative_quality_evidence_not_structurally_captured | chain_classification | local_audience | international_visibility | corporate_visibility
ChIJ05vFlqTzGGAR9M9bRBwIGZA,Sakura,居酒屋,Setagaya Initial,70.99,74.33,74.33,0.0,public-v3-local-discovery,58.71,0.0,0.0,0.0,0.0,58.71,58.71,58.71,84.11,94.0,84.77,84.11,100.0,88.63,76.19,1.86,76.19,76.19,76.19,77.69,1.86,1.86,1.86,3.36,False,True,True,independent_single,False,False,,,True,,75.55,,,tabelog.com | yahoo.co.jp,other_or_restaurant_controlled | review_or_reservation_platform,1,2,negative_quality_evidence_not_structurally_captured | specialist_restaurant
ChIJ06uDupBhGGAReI82OoBNoZo,Hamro Chahari Ghar,Nepali and Indian restaurant,Ota Initial,73.06,74.61,74.61,0.0,public-v3-local-discovery,57.86,0.0,0.0,0.0,0.0,57.86,57.86,57.86,83.88,100.0,83.96,83.88,100.0,89.95,76.11,1.5,76.11,76.11,76.11,77.71,1.5,1.5,1.5,3.1,False,True,True,independent_single,False,False,,,True,,81.95,,,,,0,0,quality_review_themes_unavailable | negative_quality_evidence_not_structurally_captured | local_audience
ChIJ09mKw3KLGGARTaqg5Mv-O80,Ginza Daishin,Tempura restaurant,Minato Initial,74.87,73.17,73.17,0.0,public-v3-local-discovery,56.47,1.5,1.5,1.5,1.5,57.97,57.97,57.97,71.99,100.0,87.86,71.99,100.0,86.96,72.95,-0.22,73.62,73.62,73.62,75.07,0.45,0.45,0.45,1.9,False,True,True,independent_single,False,False,,,True,,87.95,food/execution praise +1.5: Freshly fried tempura served directly to diners,,ekiten.jp | tabelog.com,review_or_reservation_platform,1,3,negative_quality_evidence_not_structurally_captured
ChIJ0QHhsSaNGGAR6F7NIhdYdyM,Yakitori Motoyama,焼き鳥,Toshima Initial,70.53,73.02,73.02,0.0,public-v3-local-discovery,54.35,0.0,0.0,0.0,0.0,54.35,54.35,54.35,81.82,100.0,85.14,81.82,100.0,88.3,73.81,0.79,73.81,73.81,73.81,75.5,0.79,0.79,0.79,2.48,False,True,True,independent_single,False,False,,,True,,81.55,,,,,0,0,quality_review_themes_unavailable | negative_quality_evidence_not_structurally_captured
ChIJ0QM2qYGNGGAROjD5hftsOmc,Trattoria Filare,Italian restaurant,Shibuya Initial,62.41,61.66,61.66,0.0,public-v3-local-discovery,51.85,1.5,1.5,1.5,1.5,53.35,53.35,53.35,65.03,79.0,66.89,65.03,100.0,69.83,65.54,3.88,66.22,66.22,66.22,67.04,4.56,4.56,4.56,5.38,False,True,True,unknown,False,False,,,True,,81.95,food/execution praise +1.5: Italian cheeses and wine receive notable menu emphasis,,owst.jp | res-reserve.com | tabelog.com,other_or_restaurant_controlled | review_or_reservation_platform,3,3,negative_quality_evidence_not_structurally_captured | chain_classification | local_audience
ChIJ0SKuTJftGGAR2IiTsrMNt88,Ramen Kaikouya,ラーメン,Suginami Initial,77.08,75.2,75.2,0.0,public-v3-local-discovery,58.47,0.0,0.0,0.0,0.0,58.47,58.47,58.47,97.3,82.5,87.68,97.3,82.5,90.83,75.99,0.79,75.99,75.99,75.99,77.61,0.79,0.79,0.79,2.41,True,True,True,small_group_distinct_concept,False,False,,,True,,87.95,,,,,0,0,quality_review_themes_unavailable | negative_quality_evidence_not_structurally_captured
ChIJ0WOwRN-JGGARbx2gs_zAm5c,Asakawa Ryori-ten,和食居酒屋,Chuo Initial,73.95,78.24,78.24,0.0,public-v3-local-discovery,72.84,1.5,1.5,1.5,1.5,74.34,74.34,74.34,71.59,100.0,78.88,71.59,100.0,82.03,79.02,0.78,79.7,79.7,79.7,80.08,1.46,1.46,1.46,1.84,True,True,True,independent_single,False,False,,,True,,88.35,food/execution praise +1.5: Carefully selected sake and wine complement the food,,ameblo.jp | asakawaryoriten.com | tabelog.com,blog_platform | other_or_restaurant_controlled | review_or_reservation_platform,3,4,negative_quality_evidence_not_structurally_captured
ChIJ0XtXQpSNGGARSC8ZX7THxUA,Sumibi Yakitori Shin,Yakitori restaurant,Chiyoda Initial,80.35,78.41,72.94,-5.47,public-v2-chain-classification,67.49,3.5,3.5,3.5,3.5,70.99,70.99,70.99,78.06,79.0,0.0,78.06,100.0,86.13,78.61,5.67,80.19,80.19,80.19,80.94,7.25,7.25,7.25,8.0,True,True,True,unknown,False,False,,,True,,88.35,food/execution praise +1.5: Skewers are noted for careful grilling and balanced seasoning | signature-dish reputation +2: Skewers are noted for careful grilling and balanced seasoning,,hotpepper.jp | tabelog.com,review_or_reservation_platform,1,2,negative_quality_evidence_not_structurally_captured | chain_classification | local_audience | international_visibility | corporate_visibility
ChIJ0Zw0SZfyGGARrOzulP_49mA,Kohrinbou,Vegetarian restaurant,Suginami Initial,70.23,74.74,74.74,0.0,public-v3-local-discovery,75.91,0.0,0.0,0.0,0.0,75.91,75.91,75.91,52.26,100.0,70.95,52.26,100.0,70.95,74.74,0.0,74.74,74.74,74.74,74.49,0.0,0.0,0.0,-0.25,False,True,True,independent_single,False,False,,,True,,87.95,,,corner.inc | happycow.net | soranews24.com | vegnews.com | wanderlog.com,other_or_restaurant_controlled,2,3,negative_quality_evidence_not_structurally_captured
ChIJ0_1_eIaNGGARcSyIJDVZtgk,RICE HACK Gluten-free Bakery,Gluten-free bakery,Shibuya Initial,70.02,79.97,79.97,0.0,public-v3-local-discovery,96.65,0.0,0.0,0.0,0.0,96.65,96.65,96.65,47.24,100.0,57.58,47.24,100.0,58.91,80.31,0.34,80.31,80.31,80.31,78.42,0.34,0.34,0.34,-1.55,True,True,True,independent_single,False,False,,,True,,88.35,,,ondenhouse.jp | tabelog.com | vegewel.com,other_or_restaurant_controlled | review_or_reservation_platform,1,1,negative_quality_evidence_not_structurally_captured | local_audience
ChIJ0_1ywfX0GGARZPZBA2ffn9Y,Jurin,Snack bar,Setagaya Initial,72.6,74.14,74.14,0.0,public-v3-local-discovery,52.65,0.0,0.0,0.0,0.0,52.65,52.65,52.65,96.8,94.0,87.3,96.8,100.0,94.94,76.95,2.81,76.95,76.95,76.95,79.06,2.81,2.81,2.81,4.92,False,True,True,independent_single,False,False,,,True,,73.95,,,,,0,0,quality_review_themes_unavailable | negative_quality_evidence_not_structurally_captured | specialist_restaurant
ChIJ0_g8b8aJGGARWYT0qZuh2Tc,Oryori Kokoroba,Kaiseki / Japanese cuisine,Chuo Initial,76.18,78.13,78.13,0.0,public-v3-local-discovery,82.73,3.5,3.5,3.5,3.5,86.23,86.23,86.23,52.21,100.0,72.27,52.21,100.0,72.27,78.13,0.0,79.7,79.7,79.7,79.0,1.57,1.57,1.57,0.87,True,True,True,independent_single,False,False,,,True,,88.35,food/execution praise +1.5: Seasonal ingredients and carefully prepared Japanese cuisine | signature-dish reputation +2: Oyakodon is a recurring signature dish,,kokoroba2022.com | michelin.com | prtimes.jp | tabelog.com,other_or_restaurant_controlled | review_or_reservation_platform,2,4,negative_quality_evidence_not_structurally_captured
ChIJ0_nEe9_zGGARtvRq6MjpTEE,Sushi Uchida Setagaya,寿司,Setagaya Initial,73.06,83.89,83.89,0.0,public-v3-local-discovery,94.91,1.5,1.5,1.5,1.5,96.41,96.41,96.41,56.4,100.0,70.9,56.4,100.0,74.05,84.68,0.79,85.36,85.36,85.36,84.24,1.47,1.47,1.47,0.35,True,True,True,independent_single,False,False,,,True,,88.35,food/execution praise +1.5: Traditional Edomae preparation and careful technique,,hotpepper.jp | sushi-uchida.com | tabelog.com | tablecheck.com,other_or_restaurant_controlled | review_or_reservation_platform,2,4,negative_quality_evidence_not_structurally_captured
ChIJ0cXQzGGJGGAReGtggQ_wRqY,Tsukiji Sushi-dokoro Fukune,Sushi restaurant,Chuo Initial,72.0,71.45,71.45,0.0,public-v3-local-discovery,51.68,0.0,0.0,0.0,0.0,51.68,51.68,51.68,84.69,100.0,81.96,84.69,100.0,85.11,72.24,0.79,72.24,72.24,72.24,73.91,0.79,0.79,0.79,2.46,False,True,True,independent_single,False,False,,,True,,87.95,,,,,0,0,quality_review_themes_unavailable | negative_quality_evidence_not_structurally_captured
ChIJ0dELEyLzGGAR7G9ZLThTX1o,Tonchū,とんかつ,Shibuya Initial,77.97,79.73,79.73,0.0,public-v3-local-discovery,65.07,0.0,0.0,0.0,0.0,65.07,65.07,65.07,89.73,100.0,87.94,89.73,100.0,91.09,80.51,0.78,80.51,80.51,80.51,81.81,0.78,0.78,0.78,2.08,True,True,True,independent_single,False,False,,,True,,87.95,,,tabelog.com | yahoo.co.jp,other_or_restaurant_controlled | review_or_reservation_platform,1,3,negative_quality_evidence_not_structurally_captured
ChIJ0eCnj8COGGAR93dsmCw1XFk,Hatopoppo,おでん,Taito Initial,74.48,77.24,77.24,0.0,public-v3-local-discovery,55.68,0.0,0.0,0.0,0.0,55.68,55.68,55.68,96.68,100.0,90.73,96.68,100.0,93.88,78.03,0.79,78.03,78.03,78.03,79.94,0.79,0.79,0.79,2.7,True,True,True,independent_single,False,False,,,True,,87.95,,,,other_or_restaurant_controlled | review_or_reservation_platform,0,1,no_independently_corroborated_food_quality_theme | negative_quality_evidence_not_structurally_captured
ChIJ0zYXDbqLGGAR7W7btrtT0x0,Yakiniku Restaurant Machiya,焼肉,Shibuya Initial,65.84,66.7,66.7,0.0,public-v3-local-discovery,60.0,0.0,0.0,0.0,0.0,60.0,60.0,60.0,62.18,82.5,72.01,62.18,82.5,75.16,67.49,0.79,67.49,67.49,67.49,68.25,0.79,0.79,0.79,1.55,False,True,True,small_group_distinct_concept,False,False,,,True,,88.35,,,,,0,0,quality_review_themes_unavailable | negative_quality_evidence_not_structurally_captured
ChIJ0zf0faKNGGARxZCkZ2Y0n64,Baraka Kebab Ikebukuro,Halal kebab restaurant,Toshima Initial,68.14,77.67,77.67,0.0,public-v3-local-discovery,67.47,0.0,0.0,0.0,0.0,67.47,67.47,67.47,96.9,78.5,84.0,96.9,78.5,89.99,79.17,1.5,79.17,79.17,79.17,80.29,1.5,1.5,1.5,2.62,True,True,True,small_group_distinct_concept,False,False,,,True,,73.95,,,,,0,0,quality_review_themes_unavailable | negative_quality_evidence_not_structurally_captured | local_audience
ChIJ1-_fFoSOGGARPE1YrocaKzc,Waka,居酒屋,Taito Initial,79.78,79.74,79.74,0.0,public-v3-local-discovery,66.53,0.0,0.0,0.0,0.0,66.53,66.53,66.53,98.25,94.0,83.86,98.25,100.0,97.32,84.01,4.27,84.01,84.01,84.01,85.55,4.27,4.27,4.27,5.81,True,True,True,independent_single,False,False,,,True,,68.35,,,tabelog.com | tarl.jp,other_or_restaurant_controlled | review_or_reservation_platform,1,2,negative_quality_evidence_not_structurally_captured | specialist_restaurant | local_audience | international_visibility | corporate_visibility
ChIJ11ZXCBzzGGARq8h1EoWVPTQ,Trattoria Shunraku,Italian,Shinjuku,83.22,75.4,75.4,0.0,public-v3-local-discovery,72.48,1.5,1.5,1.5,1.5,73.98,73.98,73.98,75.75,82.5,76.19,75.75,82.5,80.68,76.52,1.12,77.2,77.2,77.2,77.53,1.8,1.8,1.8,2.13,True,True,True,small_group_distinct_concept,False,False,,,True,,72.95,food/execution praise +1.5: Carefully prepared Italian dishes with Japanese touches,,tabelog.com | yahoo.co.jp,other_or_restaurant_controlled | review_or_reservation_platform,2,4,negative_quality_evidence_not_structurally_captured | local_audience | international_visibility | corporate_visibility
ChIJ11ztgHFgGGARWv22TZzPUQo,Sushidokoro Hana,寿司,Ota Initial,72.31,77.97,77.97,0.0,public-v3-local-discovery,63.5,0.0,0.0,0.0,0.0,63.5,63.5,63.5,87.5,100.0,85.06,87.5,100.0,88.21,78.75,0.78,78.75,78.75,78.75,79.99,0.78,0.78,0.78,2.02,True,True,True,independent_single,False,False,,,True,,81.95,,,,,0,0,quality_review_themes_unavailable | negative_quality_evidence_not_structurally_captured
ChIJ13-bjmiMGGARrjLMpf6GPXw,Byakko,Japanese kaiseki restaurant,Chiyoda Initial,75.04,75.47,75.47,0.0,public-v3-local-discovery,73.01,1.5,1.5,1.5,1.5,74.51,74.51,74.51,57.66,100.0,75.86,57.66,100.0,75.86,75.47,0.0,76.14,76.14,76.14,76.21,0.67,0.67,0.67,0.74,True,True,True,independent_single,False,False,,,True,,87.15,food/execution praise +1.5: Seasonal Japanese cooking and carefully presented dishes,,byfood.com | seesaa.net,other_or_restaurant_controlled | review_or_reservation_platform,1,3,negative_quality_evidence_not_structurally_captured
ChIJ13MX3z7yGGARlywP-y9d_GI,Shichirin no Shokutaku,焼肉,Suginami Initial,71.11,73.66,73.66,0.0,public-v3-local-discovery,48.82,0.0,0.0,0.0,0.0,48.82,48.82,48.82,95.0,100.0,89.75,95.0,100.0,92.9,74.44,0.78,74.44,74.44,74.44,76.65,0.78,0.78,0.78,2.99,False,True,True,independent_single,False,False,,,True,,81.95,,,retty.me | tabelog.com,review_or_reservation_platform,1,3,negative_quality_evidence_not_structurally_captured
ChIJ15vg2a6TGGARew0EyIzG6_8,Karaoke Snack Utaiba Rumi,スナック,Toshima Initial,75.95,83.52,83.52,0.0,public-v3-local-discovery,80.41,0.0,0.0,0.0,0.0,80.41,80.41,80.41,84.3,94.0,82.34,84.3,100.0,85.93,85.31,1.79,85.31,85.31,85.31,85.59,1.79,1.79,1.79,2.07,True,True,True,independent_single,False,False,,,True,,63.95,,,,,0,0,quality_review_themes_unavailable | negative_quality_evidence_not_structurally_captured | specialist_restaurant
ChIJ1Q8xYl6IGGARURy4G3EUOGw,Hinode Sushi,Sushi,Koto Initial,66.59,68.77,68.77,0.0,public-v3-local-discovery,44.33,0.0,0.0,0.0,0.0,44.33,44.33,44.33,92.0,94.0,83.69,92.0,100.0,90.94,71.48,2.71,71.48,71.48,71.48,73.81,2.71,2.71,2.71,5.04,False,True,True,independent_single,False,False,,,True,,87.55,,,tabelog.com | wanderlog.com,other_or_restaurant_controlled | review_or_reservation_platform,1,3,negative_quality_evidence_not_structurally_captured | specialist_restaurant
ChIJ1cgLxgDyGGARFkX14Ipaktc,Shuha Saika,Sichuan Chinese restaurant,Suginami Initial,71.63,74.45,74.45,0.0,public-v3-local-discovery,52.62,0.0,0.0,0.0,0.0,52.62,52.62,52.62,92.0,100.0,87.88,92.0,100.0,91.03,75.24,0.79,75.24,75.24,75.24,77.16,0.79,0.79,0.79,2.71,False,True,True,independent_single,False,False,,,True,,81.55,,,,,0,0,quality_review_themes_unavailable | negative_quality_evidence_not_structurally_captured
ChIJ1ctnSQCNGGAR1lXlnNU0LhY,Yakitori Kei,Yakitori restaurant,Toshima Initial,71.05,73.38,73.38,0.0,public-v3-local-discovery,54.67,0.0,0.0,0.0,0.0,54.67,54.67,54.67,87.15,100.0,82.82,87.15,100.0,85.97,74.17,0.79,74.17,74.17,74.17,75.73,0.79,0.79,0.79,2.35,False,True,True,independent_single,False,False,,,True,,81.55,,,,review_or_reservation_platform,0,2,no_independently_corroborated_food_quality_theme | same_source_family_themes_excluded:2 | negative_quality_evidence_not_structurally_captured
ChIJ20fqevbtGGAReAH6HoC0d9o,Shirisa,Indian and Nepali restaurant,Suginami Initial,71.28,79.19,79.19,0.0,public-v3-local-discovery,76.94,0.0,0.0,0.0,0.0,76.94,76.94,76.94,74.06,100.0,73.84,74.06,100.0,77.0,79.98,0.79,79.98,79.98,79.98,79.98,0.79,0.79,0.79,0.79,True,True,True,independent_single,False,False,,,True,,81.55,,,,,0,0,quality_review_themes_unavailable | negative_quality_evidence_not_structurally_captured
ChIJ23TZDXuMGGARFGADgvEDzYQ,Shusendokoro Hakura,居酒屋,Chiyoda Initial,70.25,69.51,69.51,0.0,public-v3-local-discovery,45.17,0.0,0.0,0.0,0.0,45.17,45.17,45.17,86.31,94.0,88.56,86.31,100.0,92.85,71.49,1.98,71.49,71.49,71.49,73.87,1.98,1.98,1.98,4.36,False,True,True,independent_single,False,False,,,True,,87.95,,,retty.me | yahoo.co.jp,other_or_restaurant_controlled | review_or_reservation_platform,1,2,negative_quality_evidence_not_structurally_captured | specialist_restaurant
ChIJ23e5VgCTGGARKEzLD69k71E,Sanmi,Okonomiyaki restaurant,Toshima Initial,66.4,73.82,73.82,0.0,public-v3-local-discovery,64.63,0.0,0.0,0.0,0.0,64.63,64.63,64.63,95.61,73.0,77.78,95.61,100.0,93.24,81.73,7.91,81.73,81.73,81.73,83.17,7.91,7.91,7.91,9.35,False,True,True,unknown,False,False,,,True,,28.95,,,,,0,0,quality_review_themes_unavailable | negative_quality_evidence_not_structurally_captured | chain_classification | specialist_restaurant | local_audience
ChIJ25u_VL-LGGARrZwrR0c3MtE,Kalka Dining & Bar,インド・ネパール料理,Ota Initial,75.03,73.91,73.91,0.0,public-v3-local-discovery,61.81,0.0,0.0,0.0,0.0,61.81,61.81,61.81,88.0,79.0,84.18,88.0,100.0,87.73,77.95,4.04,77.95,77.95,77.95,79.24,4.04,4.04,4.04,5.33,False,True,True,unknown,False,False,,,True,,81.15,,,,,0,0,quality_review_themes_unavailable | negative_quality_evidence_not_structurally_captured | chain_classification
ChIJ2QkcJc-MGGARtnXBOG-zeEM,Tezukuri Horumon Yaki Butasama,Yakiniku / horumon-yaki,Shibuya Initial,71.36,79.93,79.93,0.0,public-v3-local-discovery,85.59,0.0,0.0,0.0,0.0,85.59,85.59,85.59,57.91,100.0,70.92,57.91,100.0,74.07,80.72,0.79,80.72,80.72,80.72,80.14,0.79,0.79,0.79,0.21,True,True,True,independent_single,False,False,,,True,,87.95,,,,blog_platform | review_or_reservation_platform,0,1,no_independently_corroborated_food_quality_theme | negative_quality_evidence_not_structurally_captured
ChIJ2RJyAo2OGGARVXdGAFta-Eo,Shi-chan-yaki,お好み焼き・もんじゃ,Taito Initial,65.96,69.78,69.78,0.0,public-v3-local-discovery,45.11,0.0,0.0,0.0,0.0,45.11,45.11,45.11,86.01,100.0,86.3,86.01,100.0,89.45,70.56,0.78,70.56,70.56,70.56,72.78,0.78,0.78,0.78,3.0,False,True,True,independent_single,False,False,,,True,,75.55,,,,,0,0,quality_review_themes_unavailable | negative_quality_evidence_not_structurally_captured
ChIJ2S_RpcCOGGARfq3GVFHNL6I,Asakusa Tantantei,Tantanmen restaurant,Taito Initial,68.12,67.16,67.16,0.0,public-v3-local-discovery,42.48,0.0,0.0,0.0,0.0,42.48,42.48,42.48,80.75,100.0,83.71,80.75,100.0,83.71,67.16,0.0,67.16,67.16,67.16,69.22,0.0,0.0,0.0,2.06,False,True,True,independent_single,False,False,,,True,,87.95,,,,other_or_restaurant_controlled | review_or_reservation_platform,0,1,no_independently_corroborated_food_quality_theme | negative_quality_evidence_not_structurally_captured
ChIJ2U9wiauJGGARI_Hnnrytu4o,Minobi's Shengjian Bao,飲茶・点心／焼き小籠包,Koto Initial,73.28,79.3,79.3,0.0,public-v3-local-discovery,59.95,0.0,0.0,0.0,0.0,59.95,59.95,59.95,93.59,100.0,93.14,93.59,100.0,93.14,79.3,0.0,79.3,79.3,79.3,80.96,0.0,0.0,0.0,1.66,True,True,True,independent_single,False,False,,,True,,81.4,,,,other_or_restaurant_controlled,0,1,no_independently_corroborated_food_quality_theme | same_source_family_themes_excluded:1 | negative_quality_evidence_not_structurally_captured
ChIJ2WaMmH3zGGARxAuKnjxQKWg,Silver Spoon,Nepalese restaurant,Suginami Initial,73.39,79.06,79.06,0.0,public-v3-local-discovery,70.15,0.0,0.0,0.0,0.0,70.15,70.15,70.15,80.07,100.0,81.91,80.07,100.0,85.06,79.84,0.78,79.84,79.84,79.84,80.59,0.78,0.78,0.78,1.53,True,True,True,independent_single,False,False,,,True,,87.95,,,goguynet.jp | tabelog.com | ubereats.com,editorial_or_guide | other_or_restaurant_controlled | review_or_reservation_platform,2,2,negative_quality_evidence_not_structurally_captured
ChIJ2WzWhfWPGGARyYQS7SD2tIM,Kin Sushi,Sushi restaurant,Taito,85.77,81.27,78.58,-2.69,public-v1,79.33,1.5,1.5,1.5,1.5,80.83,80.83,80.83,83.42,100.0,0.0,83.42,100.0,80.82,83.42,4.84,84.09,84.09,84.09,84.09,5.51,5.51,5.51,5.51,True,True,True,unknown,False,False,,,True,,88.35,food/execution praise +1.5: Anago and seasonal seafood are repeatedly mentioned among the notable dishes,,homemate-golf.com | tabelog.com | yahoo.co.jp,other_or_restaurant_controlled | review_or_reservation_platform,2,3,negative_quality_evidence_not_structurally_captured | chain_classification | local_audience | international_visibility | corporate_visibility
ChIJ2XDUJGr1GGARzFmypXOH-Dk,Jitsuhiro,Izakaya,Ota Initial,66.38,73.72,73.72,0.0,public-v3-local-discovery,58.54,0.0,0.0,0.0,0.0,58.54,58.54,58.54,77.63,100.0,82.93,77.63,100.0,82.93,73.72,0.0,73.72,73.72,73.72,74.94,0.0,0.0,0.0,1.22,False,True,True,independent_single,False,False,,,True,,87.95,,,note.com | wanderlog.com,blog_platform | other_or_restaurant_controlled,1,2,negative_quality_evidence_not_structurally_captured
ChIJ2YmxKgCNGGARHGki5-6G9A8,Kodamaya Home Cooking,家庭料理・食堂,Toshima Initial,79.93,85.71,85.71,0.0,public-v3-local-discovery,74.22,1.5,1.5,1.5,1.5,75.72,75.72,75.72,93.55,100.0,93.12,93.55,100.0,93.12,85.71,0.0,86.39,86.39,86.39,87.26,0.68,0.68,0.68,1.55,True,True,True,independent_single,False,False,,,True,,78.2,food/execution praise +1.5: Home-style Japanese dishes with carefully prepared seasonal items,,rakuten.co.jp | tabelog.com,other_or_restaurant_controlled | review_or_reservation_platform,1,2,negative_quality_evidence_not_structurally_captured
ChIJ2a5lHf1gGGARUDgNEm-l4jQ,Kakurenbo,Izakaya,Ota Initial,70.84,74.53,74.53,0.0,public-v3-local-discovery,54.24,0.0,0.0,0.0,0.0,54.24,54.24,54.24,93.11,94.0,88.22,93.11,100.0,92.46,76.49,1.96,76.49,76.49,76.49,78.4,1.96,1.96,1.96,3.87,False,True,True,independent_single,False,False,,,True,,82.35,,,gnavi.co.jp | retty.me | tabelog.com,review_or_reservation_platform,2,2,negative_quality_evidence_not_structurally_captured | specialist_restaurant
ChIJ2bQw_tmLGGARprV9Gllket0,Amarantos,Modern French restaurant,Chuo Initial,77.49,80.52,80.52,0.0,public-v3-local-discovery,88.04,1.5,1.5,1.5,1.5,89.54,89.54,89.54,58.26,100.0,68.64,58.26,100.0,68.64,80.52,0.0,81.19,81.19,81.19,80.15,0.67,0.67,0.67,-0.37,True,True,True,independent_single,False,False,,,True,,88.35,"food/execution praise +1.5: Guests frequently mention carefully presented, course-based French cooking",,michelin.com | yahoo.co.jp,other_or_restaurant_controlled | review_or_reservation_platform,1,3,negative_quality_evidence_not_structurally_captured
ChIJ2c_MOIuIGGARYqBsX-wuzV8,Taisho,Sushi,Koto Initial,60.18,65.46,65.46,0.0,public-v3-local-discovery,36.24,0.0,0.0,0.0,0.0,36.24,36.24,36.24,82.93,100.0,86.84,82.93,100.0,86.84,65.46,0.0,65.46,65.46,65.46,67.99,0.0,0.0,0.0,2.53,False,True,True,independent_single,False,False,,,True,,81.95,,,,,0,0,quality_review_themes_unavailable | negative_quality_evidence_not_structurally_captured
ChIJ2dQnsTjyGGARzdEZoNh8aAA,Kotori,焼き鳥,Suginami Initial,61.23,69.27,69.27,0.0,public-v3-local-discovery,52.45,2.0,2.0,2.0,2.0,54.45,54.45,54.45,73.5,100.0,78.56,73.5,100.0,81.71,70.06,0.79,70.95,70.95,70.95,72.32,1.68,1.68,1.68,3.05,False,True,True,independent_single,False,False,,,True,,81.95,specialist/craft evidence +2: Charcoal-grilled yakitori and varied skewers are central to the experience,,hamadayama.ne.jp | tabelog.com,other_or_restaurant_controlled | review_or_reservation_platform,1,2,negative_quality_evidence_not_structurally_captured
ChIJ2fEGgBOLGGAR5N_POVQ8Xx0,La Maison Finistère,French restaurant,Shibuya Initial,74.61,72.52,72.52,0.0,public-v3-local-discovery,76.76,1.5,1.5,1.5,1.5,78.26,78.26,78.26,59.23,79.0,68.96,59.23,100.0,68.7,75.6,3.08,76.28,76.28,76.28,75.8,3.76,3.76,3.76,3.28,False,True,True,unknown,False,False,,,True,,88.35,"food/execution praise +1.5: Classic, traditional French cooking with carefully developed sauces",,maison-finistere.com | tabelog.com | tablecheck.com,other_or_restaurant_controlled | review_or_reservation_platform,2,3,negative_quality_evidence_not_structurally_captured | chain_classification
ChIJ2wVsOf2LGGAR6wsYq_pUuUU,Tamachi Sushi Evan,Sushi,Minato Initial,64.7,73.19,73.19,0.0,public-v3-local-discovery,84.94,0.0,0.0,0.0,0.0,84.94,84.94,84.94,38.17,100.0,56.96,38.17,100.0,56.96,73.19,0.0,73.19,73.19,73.19,71.79,0.0,0.0,0.0,-1.4,False,True,True,independent_single,False,False,,,True,,87.95,,,prtimes.jp | tablecheck.com,other_or_restaurant_controlled | review_or_reservation_platform,1,2,negative_quality_evidence_not_structurally_captured
ChIJ2x2zqJKPGGARm8MFQ0gBMRc,Sichuan Hashoku,Sichuan Chinese restaurant,Taito Initial,72.96,76.32,76.32,0.0,public-v3-local-discovery,77.14,0.0,0.0,0.0,0.0,77.14,77.14,77.14,61.03,100.0,69.82,61.03,100.0,69.82,76.32,0.0,76.32,76.32,76.32,75.96,0.0,0.0,0.0,-0.36,True,True,True,independent_single,False,False,,,True,,82.35,,,,,0,0,quality_review_themes_unavailable | negative_quality_evidence_not_structurally_captured
ChIJ2xgLh6COGGAROS-fkIIfnMU,Tempura Tokusen,Tempura restaurant,Taito Initial,67.75,73.0,73.0,0.0,public-v3-local-discovery,59.79,0.0,0.0,0.0,0.0,59.79,59.79,59.79,77.13,100.0,78.11,77.13,100.0,81.26,73.79,0.79,73.79,73.79,73.79,74.86,0.79,0.79,0.79,1.86,False,True,True,independent_single,False,False,,,True,,75.95,,,restaurantguru.com | tabelog.com,review_or_reservation_platform,2,3,negative_quality_evidence_not_structurally_captured
ChIJ2yq_lTWQGGAR_Wv1WPMLFJM,Gangara-tei,焼肉,Adachi Initial,75.69,75.52,75.52,0.0,public-v3-local-discovery,70.14,0.0,0.0,0.0,0.0,70.14,70.14,70.14,87.27,79.0,76.07,87.27,100.0,83.95,80.64,5.12,80.64,80.64,80.64,81.33,5.12,5.12,5.12,5.81,True,True,True,unknown,False,False,,,True,,75.55,,,,,0,0,quality_review_themes_unavailable | negative_quality_evidence_not_structurally_captured | chain_classification | local_audience
ChIJ2ysS0QXtGGARnqFUbd51-aY,Sake Dokoro TARO,居酒屋,Suginami Initial,77.21,79.58,79.58,0.0,public-v3-local-discovery,68.23,0.0,0.0,0.0,0.0,68.23,68.23,68.23,92.18,94.0,83.78,92.18,100.0,91.04,82.29,2.71,82.29,82.29,82.29,83.43,2.71,2.71,2.71,3.85,True,True,True,independent_single,False,False,,,True,,81.95,,,,,0,0,quality_review_themes_unavailable | negative_quality_evidence_not_structurally_captured | specialist_restaurant
ChIJ32H8-OiNGGARkKk8guBg5-k,Takoyaki Sakaba Takoya Kanda Minami-guchi,たこ焼き居酒屋,Chuo Initial,74.47,75.33,75.33,0.0,public-v3-local-discovery,77.18,0.0,0.0,0.0,0.0,77.18,77.18,77.18,73.8,75.0,73.11,73.8,86.67,77.82,78.26,2.93,78.26,78.26,78.26,78.29,2.93,2.93,2.93,2.96,True,True,True,unknown,False,False,,,True,,76.35,,,,,0,0,quality_review_themes_unavailable | negative_quality_evidence_not_structurally_captured | chain_classification
ChIJ332GacGNGGARL74nMc1uZ3c,Nadaman Honten Sazankaso,Ryotei restaurant,Minato Initial,72.31,66.59,66.59,0.0,public-v3-local-discovery,71.01,0.0,0.0,0.0,0.0,71.01,71.01,71.01,61.41,61.0,65.08,61.41,40.0,67.05,63.93,-2.66,63.93,63.93,63.93,63.73,-2.66,-2.66,-2.66,-2.86,False,True,True,unknown,False,False,,,True,,88.35,,,,,0,0,quality_review_themes_unavailable | negative_quality_evidence_not_structurally_captured | chain_classification | local_audience
ChIJ366vJBX1GGARC1_PeICtHcs,Kakuuchiya Obayashi Shoten,立ち飲み居酒屋,Setagaya Initial,71.84,72.91,72.91,0.0,public-v3-local-discovery,72.73,0.0,0.0,0.0,0.0,72.73,72.73,72.73,70.5,79.0,71.04,70.5,100.0,75.24,77.11,4.2,77.11,77.11,77.11,77.24,4.2,4.2,4.2,4.33,False,True,True,unknown,False,False,,,True,,87.15,,,,review_or_reservation_platform,0,1,no_independently_corroborated_food_quality_theme | same_source_family_themes_excluded:1 | negative_quality_evidence_not_structurally_captured | chain_classification
ChIJ379V3B-LGGARC57hFiLZVn8,Ebisu Donabe-Taki Gohan Nakayoshi Shibuya 2-chome,食堂・定食,Shibuya Initial,77.49,73.68,73.68,0.0,public-v3-local-discovery,72.49,0.0,0.0,0.0,0.0,72.49,72.49,72.49,84.06,61.0,77.18,84.06,40.0,82.91,71.96,-1.72,71.96,71.96,71.96,72.48,-1.72,-1.72,-1.72,-1.2,False,True,True,unknown,False,False,,,True,,88.35,,,,,0,0,quality_review_themes_unavailable | negative_quality_evidence_not_structurally_captured | chain_classification
ChIJ37xTWgCLGGARZdFZ3mnKivU,2951 (Nikyūgoichi),Yakiniku,Minato Initial,71.76,73.32,73.32,0.0,public-v3-local-discovery,65.18,1.5,1.5,1.5,1.5,66.68,66.68,66.68,67.89,100.0,75.22,67.89,100.0,78.38,74.11,0.79,74.78,74.78,74.78,75.37,1.46,1.46,1.46,2.05,False,True,True,independent_single,False,False,,,True,,87.95,food/execution praise +1.5: Akita beef and fresh meat are central to the menu,,foodre.jp | hotpepper.jp | retty.me,other_or_restaurant_controlled | review_or_reservation_platform,1,3,negative_quality_evidence_not_structurally_captured
ChIJ3TJTPaONGGARmTKbeEEw3VA,Osaka Okonomiyaki Tomokunchi Akasaka Mitsuke,Okonomiyaki restaurant,Shinjuku Initial,61.55,54.99,54.99,0.0,public-v3-local-discovery,78.0,0.0,0.0,0.0,0.0,78.0,78.0,78.0,44.88,40.0,48.27,44.88,40.0,51.41,54.99,0.0,54.99,54.99,54.99,54.99,0.0,0.0,0.0,0.0,False,True,True,small_same_brand_chain,True,False,,,False,chain_excluded,72.95,,,,review_or_reservation_platform,0,3,no_independently_corroborated_food_quality_theme | negative_quality_evidence_not_structurally_captured
ChIJ3U-KbgCNGGARFNCk9UTf6yI,lu.cucina,Italian restaurant,Chiyoda,83.03,76.16,81.35,5.19,public-v2-chain-classification,92.96,4.0,4.0,4.0,4.0,96.96,96.96,96.96,69.8,79.0,0.0,69.8,100.0,74.45,85.91,4.56,87.71,87.71,87.71,86.59,6.36,6.36,6.36,5.24,True,True,True,unknown,False,False,,,True,,75.95,specialist/craft evidence +2: Charcoal-grilled vegetables and meats are noted for juicy texture and aroma | signature-dish reputation +2: Charcoal-grilled vegetables and meats are noted for juicy texture and aroma,,gorp.jp | tabelog.com,other_or_restaurant_controlled | review_or_reservation_platform,1,3,same_source_family_themes_excluded:1 | negative_quality_evidence_not_structurally_captured | chain_classification | local_audience | international_visibility | corporate_visibility
ChIJ3WpThsePGGAR1y2kSs3KIDY,Unagi Kiku,Unagi restaurant,Taito Initial,75.23,83.1,83.1,0.0,public-v3-local-discovery,81.51,0.0,0.0,0.0,0.0,81.51,81.51,81.51,77.03,100.0,79.48,77.03,100.0,82.63,83.89,0.79,83.89,83.89,83.89,83.95,0.79,0.79,0.79,0.85,True,True,True,independent_single,False,False,,,True,,87.95,,,,,0,0,quality_review_themes_unavailable | negative_quality_evidence_not_structurally_captured
ChIJ3ZGuqpGOGGARPu8zh4CfANE,Fuji-en,焼肉,Taito Initial,65.69,72.26,72.26,0.0,public-v3-local-discovery,53.53,0.0,0.0,0.0,0.0,53.53,53.53,53.53,81.2,100.0,83.95,81.2,100.0,83.95,72.26,0.0,72.26,72.26,72.26,73.78,0.0,0.0,0.0,1.52,False,True,True,independent_single,False,False,,,True,,81.55,,,,other_or_restaurant_controlled | review_or_reservation_platform,0,2,no_independently_corroborated_food_quality_theme | negative_quality_evidence_not_structurally_captured
ChIJ3cFPK-aLGGARNaz58SuwM7M,Tempura Motoyoshi,天ぷら,Shinjuku Initial,73.44,79.41,79.41,0.0,public-v3-local-discovery,88.32,0.0,0.0,0.0,0.0,88.32,88.32,88.32,53.89,100.0,66.34,53.89,100.0,66.34,79.41,0.0,79.41,79.41,79.41,78.31,0.0,0.0,0.0,-1.1,True,True,True,independent_single,False,False,,,True,,87.95,,,,other_or_restaurant_controlled | review_or_reservation_platform,0,1,no_independently_corroborated_food_quality_theme | negative_quality_evidence_not_structurally_captured
ChIJ3dNp2eWPGGART11duEk3Ccs,Bayleaf Kitchen & Restaurant,Indian restaurant,Taito Initial,77.91,79.79,79.79,0.0,public-v3-local-discovery,85.28,0.0,0.0,0.0,0.0,85.28,85.28,85.28,79.37,79.0,70.64,79.37,100.0,75.6,84.18,4.39,84.18,84.18,84.18,83.7,4.39,4.39,4.39,3.91,True,True,True,unknown,False,False,,,True,,75.15,,,,,0,0,quality_review_themes_unavailable | negative_quality_evidence_not_structurally_captured | chain_classification | local_audience
ChIJ3dkcWRSNGGARDM1bsyvGOMY,Shusai Ito,居酒屋,Toshima Initial,76.09,78.93,78.93,0.0,public-v3-local-discovery,66.41,0.0,0.0,0.0,0.0,66.41,66.41,66.41,87.76,94.0,87.12,87.76,100.0,91.25,80.86,1.93,80.86,80.86,80.86,82.1,1.93,1.93,1.93,3.17,True,True,True,independent_single,False,False,,,True,,82.35,,,hatenablog.com | tabelog.com,other_or_restaurant_controlled | review_or_reservation_platform,1,2,negative_quality_evidence_not_structurally_captured | specialist_restaurant
ChIJ3wuIkG-MGGAR7mNrsi0A1fA,Hamazushi,Sushi restaurant,Chiyoda Initial,70.01,74.36,74.36,0.0,public-v3-local-discovery,58.08,0.0,0.0,0.0,0.0,58.08,58.08,58.08,85.31,100.0,81.73,85.31,100.0,84.88,75.15,0.79,75.15,75.15,75.15,76.49,0.79,0.79,0.79,2.13,False,True,True,independent_single,False,False,,,True,,75.95,,,corner.inc | lavietaste.com,other_or_restaurant_controlled | review_or_reservation_platform,1,3,negative_quality_evidence_not_structurally_captured
ChIJ3zGtHTqPGGARHWUaT80fqGA,Kuramae Eishichi Sakaba,Izakaya,Taito Initial,77.66,80.19,80.19,0.0,public-v3-local-discovery,62.12,0.0,0.0,0.0,0.0,62.12,62.12,62.12,93.01,100.0,93.14,93.01,100.0,93.14,80.19,0.0,80.19,80.19,80.19,81.74,0.0,0.0,0.0,1.55,True,True,True,independent_single,False,False,,,True,,87.95,,,,,0,0,quality_review_themes_unavailable | negative_quality_evidence_not_structurally_captured
ChIJ40cWZGqNGGARjilCHbXc39c,Takezushi,Sushi restaurant,Toshima Initial,66.67,72.43,72.43,0.0,public-v3-local-discovery,53.19,0.0,0.0,0.0,0.0,53.19,53.19,53.19,85.14,100.0,82.91,85.14,100.0,86.06,73.22,0.79,73.22,73.22,73.22,74.86,0.79,0.79,0.79,2.43,False,True,True,independent_single,False,False,,,True,,87.95,,,note.com | tabelog.com,blog_platform | other_or_restaurant_controlled | review_or_reservation_platform,1,3,negative_quality_evidence_not_structurally_captured
ChIJ42tfTCOPGGARVW0Je-12oFw,Canteen KU,アジア・エスニック料理店,Taito Initial,75.15,83.14,83.14,0.0,public-v3-local-discovery,80.88,2.0,2.0,2.0,2.0,82.88,82.88,82.88,78.29,100.0,80.01,78.29,100.0,83.16,83.93,0.79,84.83,84.83,84.83,84.84,1.69,1.69,1.69,1.7,True,True,True,independent_single,False,False,,,True,,75.95,"specialist/craft evidence +2: Specialized Malaysian and Singaporean cooking, including less common regional dishes",,ameblo.jp | tabelog.com,blog_platform | other_or_restaurant_controlled | review_or_reservation_platform,1,2,negative_quality_evidence_not_structurally_captured
ChIJ430Y_mhgGGARua9nBeiMAVw,Ashiato,居酒屋,Ota Initial,68.04,71.54,71.54,0.0,public-v3-local-discovery,47.57,0.0,0.0,0.0,0.0,47.57,47.57,47.57,93.11,94.0,88.27,93.11,100.0,92.52,73.5,1.96,73.5,73.5,73.5,75.75,1.96,1.96,1.96,4.21,False,True,True,independent_single,False,False,,,True,,87.95,,,,,0,0,quality_review_themes_unavailable | negative_quality_evidence_not_structurally_captured | specialist_restaurant
ChIJ431L2V-NGGAReIVCnv8eYSs,Jinsei Yokocho Ushiwaka,ホルモン焼肉,Toshima Initial,75.35,75.44,75.44,0.0,public-v3-local-discovery,70.02,0.0,0.0,0.0,0.0,70.02,70.02,70.02,83.08,79.0,78.47,83.08,100.0,84.53,80.1,4.66,80.1,80.1,80.1,80.83,4.66,4.66,4.66,5.39,True,True,True,unknown,False,False,,,True,,87.95,,,,,0,0,quality_review_themes_unavailable | negative_quality_evidence_not_structurally_captured | chain_classification
ChIJ44IQVrOLGGAR3UfhNRWIxi8,unis,French restaurant,Minato Initial,75.1,78.78,78.78,0.0,public-v3-local-discovery,87.38,0.0,0.0,0.0,0.0,87.38,87.38,87.38,67.15,82.5,68.03,67.15,82.5,71.21,79.57,0.79,79.57,79.57,79.57,78.76,0.79,0.79,0.79,-0.02,True,True,True,small_group_distinct_concept,False,False,,,True,,88.35,,,tabelog.com | unis-anniversary.com,other_or_restaurant_controlled | review_or_reservation_platform,1,3,negative_quality_evidence_not_structurally_captured | local_audience
ChIJ44bXRwDvGGARMehI9NKLAnI,Chinese Cuisine Kasho,中華料理,Suginami Initial,79.81,86.62,80.04,-6.58,public-v2-chain-classification,63.88,1.5,1.5,1.5,1.5,65.38,65.38,65.38,97.33,100.0,0.0,97.33,100.0,95.2,82.15,2.11,82.82,82.82,82.82,84.31,2.78,2.78,2.78,4.27,True,True,True,independent_single,False,False,,,True,,87.95,"food/execution praise +1.5: Lightly seasoned dishes with refined, balanced flavors",,ameblo.jp | gnavi.co.jp,blog_platform | review_or_reservation_platform,1,2,negative_quality_evidence_not_structurally_captured | local_audience | international_visibility | corporate_visibility
ChIJ49tRZG-LGGAR9HCfkpW7u6s,Sushi Ichiro,Sushi restaurant,Shibuya Initial,74.59,76.17,76.17,0.0,public-v3-local-discovery,72.2,0.0,0.0,0.0,0.0,72.2,72.2,72.2,70.47,100.0,72.42,70.47,100.0,76.38,77.16,0.99,77.16,77.16,77.16,77.36,0.99,0.99,0.99,1.19,True,True,True,independent_single,False,False,,,True,,76.35,,,,,0,0,quality_review_themes_unavailable | negative_quality_evidence_not_structurally_captured | local_audience
ChIJ4RN2YKv1GGARObbfKGt8n8M,Tonkatsu Motoko,とんかつ,Setagaya Initial,77.17,81.68,81.68,0.0,public-v3-local-discovery,78.18,0.0,0.0,0.0,0.0,78.18,78.18,78.18,79.61,100.0,78.23,79.61,100.0,81.38,82.47,0.79,82.47,82.47,82.47,82.63,0.79,0.79,0.79,0.95,True,True,True,independent_single,False,False,,,True,,87.55,,,hotpepper.jp | keizai.biz,other_or_restaurant_controlled | review_or_reservation_platform,1,3,negative_quality_evidence_not_structurally_captured
ChIJ4V-98xeNGGAReEwSXC2f-VY,Yamituki Curry Waseda,Asian-style curry restaurant,Shinjuku Initial,61.71,60.5,60.5,0.0,public-v3-local-discovery,44.44,0.0,0.0,0.0,0.0,44.44,44.44,44.44,83.48,61.0,75.32,83.48,40.0,80.59,58.67,-1.83,58.67,58.67,58.67,60.48,-1.83,-1.83,-1.83,-0.02,False,True,True,unknown,False,False,,,True,,87.95,,,lavietaste.com | taptrip.jp | waseda-street.com,other_or_restaurant_controlled | review_or_reservation_platform,1,2,negative_quality_evidence_not_structurally_captured | chain_classification
ChIJ4WqguWSLGGAR2PeK-xhlYT4,Hong Kong Room GOUKA,Chinese restaurant,Shinjuku Initial,73.1,75.99,75.99,0.0,public-v3-local-discovery,77.03,0.0,0.0,0.0,0.0,77.03,77.03,77.03,52.69,100.0,73.69,52.69,100.0,73.69,75.99,0.0,75.99,75.99,75.99,75.82,0.0,0.0,0.0,-0.17,True,True,True,independent_single,False,False,,,True,,87.95,,,gouka.jp | tabelog.com,other_or_restaurant_controlled | review_or_reservation_platform,2,3,negative_quality_evidence_not_structurally_captured
ChIJ4YEj2fntGGAR-MtbBPyfPNk,Mutsumiya,日本料理・居酒屋,Suginami Initial,74.11,75.27,75.27,0.0,public-v3-local-discovery,68.67,0.0,0.0,0.0,0.0,68.67,68.67,68.67,82.5,79.0,80.57,82.5,100.0,83.22,79.08,3.81,79.08,79.08,79.08,79.81,3.81,3.81,3.81,4.54,True,True,True,unknown,False,False,,,True,,87.95,,,,,0,0,quality_review_themes_unavailable | negative_quality_evidence_not_structurally_captured | chain_classification
ChIJ4ZQODgCNGGARhsxyGRSEs8Y,Kaisendon Tonari,海鮮丼,Chiyoda Initial,72.01,77.52,77.52,0.0,public-v3-local-discovery,80.3,0.0,0.0,0.0,0.0,80.3,80.3,80.3,76.87,82.5,69.92,76.87,82.5,73.07,78.31,0.79,78.31,78.31,78.31,77.95,0.79,0.79,0.79,0.43,True,True,True,small_group_distinct_concept,False,False,,,True,,87.95,,,,review_or_reservation_platform,0,1,no_independently_corroborated_food_quality_theme | same_source_family_themes_excluded:1 | negative_quality_evidence_not_structurally_captured
ChIJ4ZrORS_zGGARGLVM0XeiYKU,Tsuta,Japanese izakaya,Shibuya Initial,71.3,76.32,76.32,0.0,public-v3-local-discovery,59.99,0.0,0.0,0.0,0.0,59.99,59.99,59.99,87.27,100.0,84.92,87.27,100.0,88.07,77.1,0.78,77.1,77.1,77.1,78.51,0.78,0.78,0.78,2.19,True,True,True,independent_single,False,False,,,True,,87.95,,,ameblo.jp | bangumi.org | retty.me | tabelog.com,blog_platform | other_or_restaurant_controlled | review_or_reservation_platform,2,3,negative_quality_evidence_not_structurally_captured
ChIJ4_V35umJGGAR5tXZRVDT0vU,Hatchobori Yaoyabal,野菜料理バル,Chuo Initial,68.6,71.96,71.96,0.0,public-v3-local-discovery,64.85,0.0,0.0,0.0,0.0,64.85,64.85,64.85,61.83,100.0,74.02,61.83,100.0,78.25,73.02,1.06,73.02,73.02,73.02,73.69,1.06,1.06,1.06,1.73,False,True,True,independent_single,False,False,,,True,,82.35,,,,,0,0,quality_review_themes_unavailable | negative_quality_evidence_not_structurally_captured | local_audience
ChIJ4ew6VwCJGGARRNf0K2m7FCs,DD Kitchen,インド・ネパール料理,Koto Initial,71.74,75.86,75.86,0.0,public-v3-local-discovery,62.51,1.5,1.5,1.5,1.5,64.01,64.01,64.01,87.95,94.0,81.77,87.95,100.0,88.8,78.52,2.66,79.2,79.2,79.2,80.44,3.34,3.34,3.34,4.58,True,True,True,independent_single,False,False,,,True,,87.95,food/execution praise +1.5: Biryani is a notable menu choice mentioned in customer reviews,,tabelog.com | yahoo.co.jp,other_or_restaurant_controlled | review_or_reservation_platform,2,2,negative_quality_evidence_not_structurally_captured | specialist_restaurant
ChIJ4xDrXAD1GGARoj0_bqC6sZ0,Wonderful Tonight,沖縄そば,Setagaya Initial,75.75,79.31,79.31,0.0,public-v3-local-discovery,64.51,0.0,0.0,0.0,0.0,64.51,64.51,64.51,89.13,100.0,87.65,89.13,100.0,90.8,80.1,0.79,80.1,80.1,80.1,81.41,0.79,0.79,0.79,2.1,True,True,True,independent_single,False,False,,,True,,87.95,,,,,0,0,quality_review_themes_unavailable | negative_quality_evidence_not_structurally_captured
ChIJ4xf8cG-LGGARJBJSGl_KRN0,Appia Alta Nishi-Azabu,Italian restaurant,Shibuya Initial,63.46,64.49,64.49,0.0,public-v3-local-discovery,69.13,0.0,0.0,0.0,0.0,69.13,69.13,69.13,45.05,78.5,59.38,45.05,78.5,59.38,64.49,0.0,64.49,64.49,64.49,64.0,0.0,0.0,0.0,-0.49,False,True,True,small_group_distinct_concept,False,False,,,True,,88.35,,,,other_or_restaurant_controlled,0,1,no_independently_corroborated_food_quality_theme | negative_quality_evidence_not_structurally_captured
ChIJ4zPFkdlhGGARmXgY8x4kL7c,Uodokoro Ushioda,寿司・海鮮料理,Ota Initial,78.54,82.68,82.68,0.0,public-v3-local-discovery,71.98,0.0,0.0,0.0,0.0,71.98,71.98,71.98,86.75,100.0,89.12,86.75,100.0,89.12,82.68,0.0,82.68,82.68,82.68,83.54,0.0,0.0,0.0,0.86,True,True,True,independent_single,False,False,,,True,,72.95,,,infomart.co.jp | tabelog.com,other_or_restaurant_controlled | review_or_reservation_platform,1,1,negative_quality_evidence_not_structurally_captured
ChIJ4zZBiD7yGGARzjqNolKCXQo,Okame,居酒屋,Suginami Initial,66.2,77.33,77.33,0.0,public-v3-local-discovery,62.57,0.0,0.0,0.0,0.0,62.57,62.57,62.57,91.57,94.0,85.34,91.57,100.0,92.76,80.08,2.75,80.08,80.08,80.08,81.59,2.75,2.75,2.75,4.26,True,True,True,independent_single,False,False,,,True,,75.95,,,tabelog.com | tokyo.jp,government_or_local_official | review_or_reservation_platform,1,2,negative_quality_evidence_not_structurally_captured | specialist_restaurant
ChIJ4zoyEQCNGGARXjAis5Alavg,British Sushi (Igu-rishi),寿司,Toshima Initial,77.09,77.36,77.36,0.0,public-v3-local-discovery,81.69,0.0,0.0,0.0,0.0,81.69,81.69,81.69,67.52,82.5,72.37,67.52,82.5,75.52,78.14,0.78,78.14,78.14,78.14,77.84,0.78,0.78,0.78,0.48,True,True,True,small_group_distinct_concept,False,False,,,True,,87.95,,,,blog_platform | other_or_restaurant_controlled | review_or_reservation_platform,0,1,no_independently_corroborated_food_quality_theme | negative_quality_evidence_not_structurally_captured
ChIJ51--ySuNGGARfcqkPkXleA8,Jingumae Hanare,日本料理,Shibuya Initial,75.16,70.26,70.26,0.0,public-v3-local-discovery,59.99,3.5,3.5,3.5,3.5,63.49,63.49,63.49,70.25,82.5,81.41,70.25,82.5,80.51,70.04,-0.22,71.61,71.61,71.61,72.46,1.35,1.35,1.35,2.2,False,True,True,small_group_distinct_concept,False,False,,,True,,87.95,"food/execution praise +1.5: Seasonal, carefully prepared Japanese cooking | specialist/craft evidence +2: Handmade soba and dessert courses are recurring highlights",,note.com | postcard.inc | retty.me | tabelog.com,blog_platform | other_or_restaurant_controlled | review_or_reservation_platform,2,4,negative_quality_evidence_not_structurally_captured
ChIJ54BubPeRGGARM53-ekpdyIs,Fujikiyo,Chinese restaurant,Adachi Initial,71.34,70.85,70.85,0.0,public-v3-local-discovery,45.85,0.0,0.0,0.0,0.0,45.85,45.85,45.85,96.0,94.0,86.88,96.0,100.0,94.47,73.65,2.8,73.65,73.65,73.65,76.08,2.8,2.8,2.8,5.23,False,True,True,independent_single,False,False,,,True,,87.95,,,,government_or_local_official | other_or_restaurant_controlled,0,1,no_independently_corroborated_food_quality_theme | negative_quality_evidence_not_structurally_captured | specialist_restaurant
ChIJ56dhtFn0GGARgSp3L1Krpks,Azuma,Yakitori restaurant,Setagaya Initial,61.77,65.53,65.53,0.0,public-v3-local-discovery,40.63,0.0,0.0,0.0,0.0,40.63,40.63,40.63,86.37,94.0,80.78,86.37,100.0,87.7,68.16,2.63,68.16,68.16,68.16,70.52,2.63,2.63,2.63,4.99,False,True,True,independent_single,False,False,,,True,,81.15,,,homemate-golf.com | menufans.com,other_or_restaurant_controlled | review_or_reservation_platform,1,2,negative_quality_evidence_not_structurally_captured | specialist_restaurant
ChIJ59VeR_GJGGARbn-edpUVonw,HAMAMORI,Izakaya,Chuo Initial,65.85,71.9,71.9,0.0,public-v3-local-discovery,66.62,0.0,0.0,0.0,0.0,66.62,66.62,66.62,62.7,100.0,70.07,62.7,100.0,73.61,72.79,0.89,72.79,72.79,72.79,73.14,0.89,0.89,0.89,1.24,False,True,True,independent_single,False,False,,,True,,82.35,,,hamamori.jp | hotpepper.jp | tabelog.com,other_or_restaurant_controlled | review_or_reservation_platform,2,3,negative_quality_evidence_not_structurally_captured | local_audience
ChIJ5SQxEtSNGGARNaR8pP-3Nss,Yanaka Italian Bar nenecolo,Italian bar,Taito Initial,68.95,77.1,77.1,0.0,public-v3-local-discovery,74.81,0.0,0.0,0.0,0.0,74.81,74.81,74.81,71.08,100.0,71.08,71.08,100.0,74.23,77.88,0.78,77.88,77.88,77.88,77.86,0.78,0.78,0.78,0.76,True,True,True,independent_single,False,False,,,True,,82.35,,,,,0,0,quality_review_themes_unavailable | negative_quality_evidence_not_structurally_captured
ChIJ5U9GCWSIGGARBCHqqMU1XAU,Karankoron,スナック,Koto Initial,69.97,72.61,72.61,0.0,public-v3-local-discovery,51.35,0.0,0.0,0.0,0.0,51.35,51.35,51.35,93.72,94.0,85.38,93.72,100.0,92.81,75.37,2.76,75.37,75.37,75.37,77.44,2.76,2.76,2.76,4.83,False,True,True,independent_single,False,False,,,True,,75.55,,,,,0,0,quality_review_themes_unavailable | negative_quality_evidence_not_structurally_captured | specialist_restaurant
ChIJ5aQVZi-SGGARWaQ6RT19Rfs,Toge-no-Chaya,居酒屋,Adachi Initial,70.86,72.75,72.75,0.0,public-v3-local-discovery,50.48,0.0,0.0,0.0,0.0,50.48,50.48,50.48,90.93,94.0,89.16,90.93,100.0,93.51,74.73,1.98,74.73,74.73,74.73,76.88,1.98,1.98,1.98,4.13,False,True,True,independent_single,False,False,,,True,,88.35,,,rakuten.co.jp | yahoo.co.jp,other_or_restaurant_controlled,1,1,negative_quality_evidence_not_structurally_captured | specialist_restaurant
ChIJ5c4DzR7vGGARdqEejLxEXOI,Oishinbo,Izakaya,Suginami Initial,73.0,75.61,75.61,0.0,public-v3-local-discovery,58.19,0.0,0.0,0.0,0.0,58.19,58.19,58.19,89.0,94.0,87.9,89.0,100.0,92.11,77.56,1.95,77.56,77.56,77.56,79.26,1.95,1.95,1.95,3.65,True,True,True,independent_single,False,False,,,True,,82.35,,,,,0,0,quality_review_themes_unavailable | negative_quality_evidence_not_structurally_captured | specialist_restaurant
ChIJ5c5HDjePGGAR8l4-0q05G5s,ensia.,French restaurant,Taito Initial,71.37,78.36,78.36,0.0,public-v3-local-discovery,82.83,3.5,3.5,3.5,3.5,86.33,86.33,86.33,55.07,100.0,71.31,55.07,100.0,71.31,78.36,0.0,79.94,79.94,79.94,79.19,1.58,1.58,1.58,0.83,True,True,True,independent_single,False,False,,,True,,88.35,food/execution praise +1.5: House-made cakes and desserts are a notable part of the experience | specialist/craft evidence +2: House-made cakes and desserts are a notable part of the experience,,asakusa-kokusaidori.jp | ensia.info | hitosara.com,other_or_restaurant_controlled | review_or_reservation_platform,2,3,negative_quality_evidence_not_structurally_captured
ChIJ61JpVoJhGGAROzKSqEjHwhI,Bhojan Griha Indian Nepali Restaurant & Bar,Nepalese restaurant,Ota Initial,67.95,73.56,73.56,0.0,public-v3-local-discovery,58.67,0.0,0.0,0.0,0.0,58.67,58.67,58.67,75.06,100.0,83.59,75.06,100.0,83.59,73.56,0.0,73.56,73.56,73.56,74.8,0.0,0.0,0.0,1.24,False,True,True,independent_single,False,False,,,True,,84.6,,,,review_or_reservation_platform,0,2,no_independently_corroborated_food_quality_theme | negative_quality_evidence_not_structurally_captured
ChIJ61cWH6KLGGARK1QiFJ3BA9c,Mirkolone,Italian restaurant,Minato Initial,71.01,72.92,72.92,0.0,public-v3-local-discovery,51.78,0.0,0.0,0.0,0.0,51.78,51.78,51.78,86.75,100.0,86.44,86.75,100.0,89.59,73.71,0.79,73.71,73.71,73.71,75.6,0.79,0.79,0.79,2.68,False,True,True,independent_single,False,False,,,True,,87.55,,,ameblo.jp | gourmet-calendar.com | hotpepper.jp | livedoor.com | tabelog.com,blog_platform | other_or_restaurant_controlled | review_or_reservation_platform,2,4,negative_quality_evidence_not_structurally_captured
ChIJ61rMLvjtGGAR3zh7AYttt20,Ogikubo Dining,創作和食,Suginami Initial,72.7,79.86,79.86,0.0,public-v3-local-discovery,79.12,5.5,5,5.5,5.5,84.12,84.62,84.62,66.8,100.0,76.96,66.8,100.0,80.11,80.65,0.79,82.9,83.13,83.13,82.9,3.04,3.27,3.27,3.04,True,True,True,independent_single,False,False,,,True,,81.95,"food/execution praise +1.5: Fresh mackerel and seafood dishes are central to the restaurant's identity | specialist/craft evidence +2: Handmade tofu is a defining specialty, made with domestically sourced soybeans | signature-dish reputation +2: Handmade tofu is a defining specialty, made with domestically sourced soybeans",,hotpepper.jp | ogikubo-depart.com | tabelog.com,other_or_restaurant_controlled | review_or_reservation_platform,2,3,negative_quality_evidence_not_structurally_captured
ChIJ62M-BNiRGGARBWewheiFde4,Ramen Shota,Ramen restaurant,Adachi Initial,61.23,63.78,63.78,0.0,public-v3-local-discovery,35.18,0.0,0.0,0.0,0.0,35.18,35.18,35.18,87.2,94.0,83.07,87.2,100.0,86.74,65.6,1.82,65.6,65.6,65.6,68.17,1.82,1.82,1.82,4.39,False,True,True,independent_single,False,False,,,True,,82.35,,,adachikanko.net | huntersvillage.jp | rakuten.co.jp | sake-bon.com | tabelog.com,other_or_restaurant_controlled | review_or_reservation_platform,2,3,negative_quality_evidence_not_structurally_captured | specialist_restaurant
ChIJ64_EPC_zGGARNoglPFfM1dk,Hatsune,ダイニングバー,Shibuya Initial,79.15,78.46,78.46,0.0,public-v3-local-discovery,65.31,0.0,0.0,0.0,0.0,65.31,65.31,65.31,90.97,94.0,85.3,90.97,100.0,92.72,81.22,2.76,81.22,81.22,81.22,82.59,2.76,2.76,2.76,4.13,True,True,True,independent_single,False,False,,,True,,87.95,,,,other_or_restaurant_controlled | review_or_reservation_platform,0,3,no_independently_corroborated_food_quality_theme | negative_quality_evidence_not_structurally_captured | specialist_restaurant
ChIJ65SoN07zGGARQokr1FUDgxE,Ushio,食堂・定食,Shinjuku Initial,71.07,74.47,74.47,0.0,public-v3-local-discovery,54.19,0.0,0.0,0.0,0.0,54.19,54.19,54.19,85.91,100.0,88.78,85.91,100.0,88.78,74.47,0.0,74.47,74.47,74.47,76.2,0.0,0.0,0.0,1.73,False,True,True,independent_single,False,False,,,True,,87.95,,,ekiten.jp | u-tokyo.ac.jp | yahoo.co.jp,other_or_restaurant_controlled | review_or_reservation_platform,2,3,negative_quality_evidence_not_structurally_captured
ChIJ65T6kMiLGGARTDFVn5rH6W4,Mahoroba,居酒屋,Minato Initial,70.32,70.52,70.52,0.0,public-v3-local-discovery,51.58,0.0,0.0,0.0,0.0,51.58,51.58,51.58,86.26,94.0,81.07,86.26,100.0,88.02,73.16,2.64,73.16,73.16,73.16,74.98,2.64,2.64,2.64,4.46,False,True,True,independent_single,False,False,,,True,,75.95,,,dishnote.com | tabelog.com,other_or_restaurant_controlled | review_or_reservation_platform,1,2,negative_quality_evidence_not_structurally_captured | specialist_restaurant
ChIJ65a2cEP0GGARe9VhZkuTsDw,Sushiya no Sacchan,寿司店,Setagaya Initial,72.86,73.47,73.47,0.0,public-v3-local-discovery,52.35,0.0,0.0,0.0,0.0,52.35,52.35,52.35,83.64,100.0,89.46,83.64,100.0,92.61,74.26,0.79,74.26,74.26,74.26,76.27,0.79,0.79,0.79,2.8,False,True,True,independent_single,False,False,,,True,,88.35,,,ekiten.jp | kaminoge-shotengai.com,other_or_restaurant_controlled | review_or_reservation_platform,1,3,negative_quality_evidence_not_structurally_captured
ChIJ65jkKseOGGARskuMD0kgztU,Ichidai,焼き鳥,Taito Initial,72.15,77.34,77.34,0.0,public-v3-local-discovery,77.56,0.0,0.0,0.0,0.0,77.56,77.56,77.56,65.08,100.0,70.69,65.08,100.0,74.34,78.25,0.91,78.25,78.25,78.25,78.09,0.91,0.91,0.91,0.75,True,True,True,independent_single,False,False,,,True,,88.35,,,ameblo.jp | exblog.jp | tabelog.com,blog_platform | other_or_restaurant_controlled | review_or_reservation_platform,1,3,negative_quality_evidence_not_structurally_captured | local_audience
ChIJ67hqqPLzGGARa8R3-1KL5gw,Miyako Sushi,Sushi restaurant,Setagaya Initial,75.85,79.27,79.27,0.0,public-v3-local-discovery,62.52,0.0,0.0,0.0,0.0,62.52,62.52,62.52,93.81,100.0,88.24,93.81,100.0,91.39,80.05,0.78,80.05,80.05,80.05,81.5,0.78,0.78,0.78,2.23,True,True,True,independent_single,False,False,,,True,,86.35,,,homemate-golf.com | tabelog.com,other_or_restaurant_controlled | review_or_reservation_platform,1,1,negative_quality_evidence_not_structurally_captured
ChIJ6Rl5rQSNGGARgldtbVINhnE,Kera Tokyo Rooftop Lounge Bar,Ethiopian restaurant and rooftop lounge bar,Shinjuku,82.18,82.61,82.61,0.0,public-v3-local-discovery,96.0,0.0,0.0,0.0,0.0,96.0,96.0,96.0,54.03,100.0,65.24,54.03,100.0,65.75,82.74,0.13,82.74,82.74,82.74,81.23,0.13,0.13,0.13,-1.38,True,True,True,independent_single,False,False,,,True,,67.15,,,foratravel.com | ubereats.com,other_or_restaurant_controlled,1,3,negative_quality_evidence_not_structurally_captured | local_audience | international_visibility | corporate_visibility
ChIJ6TiC4k-JGGARvdTT0o7jRZg,Sakanaya Fujino,和食店,Chuo Initial,72.9,71.5,71.5,0.0,public-v3-local-discovery,52.52,0.0,0.0,0.0,0.0,52.52,52.52,52.52,80.58,100.0,83.1,80.58,100.0,86.25,72.28,0.78,72.28,72.28,72.28,73.97,0.78,0.78,0.78,2.47,False,True,True,independent_single,False,False,,,True,,87.95,,,chiba-sake.jp | fc2.com | gnavi.co.jp | hatenablog.com | line.me | tabelog.com,other_or_restaurant_controlled | review_or_reservation_platform,2,3,negative_quality_evidence_not_structurally_captured
ChIJ6XjDoTWNGGARpwhDeCnccMk,Casa Bianca,Puglian / Southern Italian restaurant,Chiyoda Initial,68.11,78.46,78.46,0.0,public-v3-local-discovery,63.38,0.0,0.0,0.0,0.0,63.38,63.38,63.38,90.45,100.0,85.5,90.45,100.0,88.66,79.25,0.79,79.25,79.25,79.25,80.52,0.79,0.79,0.79,2.06,True,True,True,independent_single,False,False,,,True,,88.35,,,,,0,0,quality_review_themes_unavailable | negative_quality_evidence_not_structurally_captured
ChIJ6ZkZUk6JGGARpsg7fXPrWMQ,Oryori Hamasei,Japanese cuisine,Chuo Initial,62.45,63.24,63.24,0.0,public-v3-local-discovery,52.23,0.0,0.0,0.0,0.0,52.23,52.23,52.23,64.96,82.5,70.47,64.96,82.5,73.62,64.03,0.79,64.03,64.03,64.03,65.1,0.79,0.79,0.79,1.86,False,True,True,small_group_distinct_concept,False,False,,,True,,88.35,,,,,0,0,quality_review_themes_unavailable | negative_quality_evidence_not_structurally_captured
ChIJ6d8N8dntGGARoNUj9Kt2QcI,Yuima,Chinese restaurant,Suginami,88.78,83.29,84.11,0.82,public-v1,87.43,0.0,0.0,0.0,0.0,87.43,87.43,87.43,90.17,100.0,0.0,90.17,100.0,88.21,89.92,5.81,89.92,89.92,89.92,89.96,5.81,5.81,5.81,5.85,True,True,True,unknown,False,False,,,True,,88.35,,,,,0,0,quality_review_themes_unavailable | negative_quality_evidence_not_structurally_captured | chain_classification | local_audience | international_visibility | corporate_visibility
ChIJ6wyjWr-MGGAR_NE1hAKTuRk,Miyoshi Sushi,Sushi,Shibuya Initial,82.11,84.72,84.72,0.0,public-v3-local-discovery,95.02,1.5,1.5,1.5,1.5,96.52,96.52,96.52,63.38,100.0,69.81,63.38,100.0,73.21,85.57,0.85,86.24,86.24,86.24,85.08,1.52,1.52,1.52,0.36,True,True,True,independent_single,False,False,,,True,,81.95,"food/execution praise +1.5: Fresh sushi with delicate, satisfying flavors",,tabelog.com | tripadvisor.com,review_or_reservation_platform,2,3,same_source_family_themes_excluded:1 | negative_quality_evidence_not_structurally_captured | local_audience | international_visibility | corporate_visibility
ChIJ6yG9PJiJGGARx48kpHj6BEI,Nicolas Chevrollier,French restaurant,Chuo Initial,76.81,83.99,83.99,0.0,public-v3-local-discovery,89.0,0.0,0.0,0.0,0.0,89.0,89.0,89.0,67.78,100.0,75.09,67.78,100.0,78.23,84.77,0.78,84.77,84.77,84.77,84.24,0.78,0.78,0.78,0.25,True,True,True,independent_single,False,False,,,True,,88.35,,,ameblo.jp | nicolas-chevrollier.com | tabelog.com | tv-tokyo.co.jp,blog_platform | other_or_restaurant_controlled | review_or_reservation_platform,1,3,negative_quality_evidence_not_structurally_captured
ChIJ6y_gq2HxGGAR2uLMzXHMbcg,Uokushi Gochi,居酒屋,Setagaya Initial,81.08,68.59,68.59,0.0,public-v3-local-discovery,59.2,1.5,1.5,1.5,1.5,60.7,60.7,60.7,75.25,79.0,75.23,75.25,100.0,82.2,73.48,4.89,74.15,74.15,74.15,75.23,5.56,5.56,5.56,6.64,False,True,True,unknown,False,False,,,True,,87.95,food/execution praise +1.5: Fresh sashimi is frequently praised for its quality and value,,autoreserve.com | lavietaste.com | tabelog.com,other_or_restaurant_controlled | review_or_reservation_platform,2,3,negative_quality_evidence_not_structurally_captured | chain_classification | local_audience | international_visibility | corporate_visibility
ChIJ72EBJrmNGGARsZPiR6shOhY,Sumibi Yakitori Toriichi Kanda Honten,焼き鳥,Chiyoda Initial,70.22,67.86,67.86,0.0,public-v3-local-discovery,50.59,0.0,0.0,0.0,0.0,50.59,50.59,50.59,77.13,82.5,84.6,77.13,82.5,84.6,67.86,0.0,67.86,67.86,67.86,69.56,0.0,0.0,0.0,1.7,False,True,True,small_group_distinct_concept,False,False,,,True,,88.35,,,,,0,0,quality_review_themes_unavailable | negative_quality_evidence_not_structurally_captured
ChIJ72JUcB5gGGARwVkAbc0mC5A,Sushi Atsumi,Sushi,Ota Initial,72.84,77.63,77.63,0.0,public-v3-local-discovery,63.06,0.0,0.0,0.0,0.0,63.06,63.06,63.06,84.25,100.0,86.47,84.25,100.0,86.47,77.63,0.0,77.63,77.63,77.63,78.8,0.0,0.0,0.0,1.17,True,True,True,independent_single,False,False,,,True,,75.55,,,,other_or_restaurant_controlled | review_or_reservation_platform,0,2,no_independently_corroborated_food_quality_theme | negative_quality_evidence_not_structurally_captured
ChIJ72KD4ViNGGAR64t749qOFK8,Omer's Kebab,Turkish kebab restaurant,Shinjuku Initial,71.04,75.31,75.31,0.0,public-v3-local-discovery,68.29,0.0,0.0,0.0,0.0,68.29,68.29,68.29,64.66,100.0,79.52,64.66,100.0,79.52,75.31,0.0,75.31,75.31,75.31,75.87,0.0,0.0,0.0,0.56,True,True,True,independent_single,False,False,,,True,,87.55,,,tabelog.com | yahoo.co.jp,other_or_restaurant_controlled | review_or_reservation_platform,1,3,negative_quality_evidence_not_structurally_captured
ChIJ72uBRQCJGGARCc85ei8PTLE,Torikazu,Yakitori restaurant,Koto Initial,72.48,76.91,76.91,0.0,public-v3-local-discovery,61.59,2.0,2.0,2.0,2.0,63.59,63.59,63.59,84.85,100.0,85.88,84.85,100.0,89.03,77.7,0.79,78.6,78.6,78.6,79.87,1.69,1.69,1.69,2.96,True,True,True,independent_single,False,False,,,True,,87.95,specialist/craft evidence +2: Charcoal-grilled yakitori is the central draw,,future-c.jp | tabelog.com,other_or_restaurant_controlled | review_or_reservation_platform,1,2,negative_quality_evidence_not_structurally_captured
ChIJ742aaWfxGGARFj65EdgMdJE,Midori Syo Seijo,Sushi,Setagaya Initial,62.33,70.11,70.11,0.0,public-v3-local-discovery,81.39,1.5,1.5,1.5,1.5,82.89,82.89,82.89,54.03,79.0,54.11,54.03,100.0,55.02,73.48,3.37,74.16,74.16,74.16,72.77,4.05,4.05,4.05,2.66,False,True,True,unknown,False,False,,,True,,61.35,food/execution praise +1.5: Seasonal and carefully selected sushi ingredients,,sushinomidori.co.jp | tabelog.com,other_or_restaurant_controlled | review_or_reservation_platform,2,3,negative_quality_evidence_not_structurally_captured | chain_classification | local_audience
ChIJ76aXvb6MGGARfzc-x6tZPsI,Osteria Gravino,Italian restaurant,Shibuya Initial,69.66,77.97,77.97,0.0,public-v3-local-discovery,83.87,0.0,0.0,0.0,0.0,83.87,83.87,83.87,55.92,100.0,67.37,55.92,100.0,70.44,78.74,0.77,78.74,78.74,78.74,78.07,0.77,0.77,0.77,0.1,True,True,True,independent_single,False,False,,,True,,87.95,,,favy.jp | lg.jp | tabelog.com,other_or_restaurant_controlled | review_or_reservation_platform,1,3,same_source_family_themes_excluded:1 | negative_quality_evidence_not_structurally_captured | local_audience
ChIJ77hm9XmJGGARBg2WUJiJzFQ,Mocchi,Snack bar,Chuo Initial,77.19,73.86,73.86,0.0,public-v3-local-discovery,61.08,0.0,0.0,0.0,0.0,61.08,61.08,61.08,96.36,73.0,83.88,96.36,100.0,92.68,80.11,6.25,80.11,80.11,80.11,81.69,6.25,6.25,6.25,7.83,False,True,True,unknown,False,False,,,True,,62.75,,,,,0,0,quality_review_themes_unavailable | negative_quality_evidence_not_structurally_captured | chain_classification | specialist_restaurant
ChIJ77jWOriOGGARfpzO6ZQTIWs,Jajauma,Japanese cuisine,Taito Initial,73.78,75.76,75.76,0.0,public-v3-local-discovery,59.12,0.0,0.0,0.0,0.0,59.12,59.12,59.12,94.24,94.0,83.7,94.24,100.0,87.45,77.6,1.84,77.6,77.6,77.6,79.02,1.84,1.84,1.84,3.26,True,True,True,independent_single,False,False,,,True,,74.35,,,,,0,0,quality_review_themes_unavailable | negative_quality_evidence_not_structurally_captured | specialist_restaurant
ChIJ79-v8hePGGARmtYtIuy1qcw,Asakusa Tonkatsu Matsuyoshi,とんかつ,Taito Initial,76.25,78.84,78.84,0.0,public-v3-local-discovery,100.0,0.0,0.0,0.0,0.0,100.0,100.0,100.0,44.04,82.5,59.45,44.04,82.5,59.45,78.84,0.0,78.84,78.84,78.84,76.82,0.0,0.0,0.0,-2.02,True,True,True,small_group_distinct_concept,False,False,,,True,,87.95,,,,other_or_restaurant_controlled | review_or_reservation_platform,0,1,no_independently_corroborated_food_quality_theme | negative_quality_evidence_not_structurally_captured
ChIJ7Q5vD0rzGGARTzQkciu11N8,Horumon Nagomi,焼肉,Setagaya Initial,67.16,72.58,72.58,0.0,public-v3-local-discovery,62.94,1.5,1.5,1.5,1.5,64.44,64.44,64.44,64.63,100.0,78.24,64.63,100.0,81.39,73.36,0.78,74.04,74.04,74.04,74.89,1.46,1.46,1.46,2.31,False,True,True,independent_single,False,False,,,True,,88.35,food/execution praise +1.5: Fresh horumon and wagyu are central to the menu,,dancyu.jp | horumonnagomi.com,other_or_restaurant_controlled | review_or_reservation_platform,1,3,negative_quality_evidence_not_structurally_captured
ChIJ7QPc6eHxGGARRgNnP2ZD7Ks,C'est mon cœur,French deli and takeout restaurant,Setagaya Initial,73.63,80.63,80.63,0.0,public-v3-local-discovery,74.86,0.0,0.0,0.0,0.0,74.86,74.86,74.86,81.39,100.0,78.94,81.39,100.0,84.05,81.91,1.28,81.91,81.91,81.91,82.37,1.28,1.28,1.28,1.74,True,True,True,independent_single,False,False,,,True,,76.35,,,,,0,0,quality_review_themes_unavailable | negative_quality_evidence_not_structurally_captured | local_audience
ChIJ7Rm_8i3zGGARsZXF8wPppaM,FAN 1 FOOD,バングラデシュ料理・ケバブ,Suginami Initial,76.12,79.5,79.5,0.0,public-v3-local-discovery,60.51,0.0,0.0,0.0,0.0,60.51,60.51,60.51,92.48,100.0,93.58,92.48,100.0,93.58,79.5,0.0,79.5,79.5,79.5,81.15,0.0,0.0,0.0,1.65,True,True,True,independent_single,False,False,,,True,,87.95,,,,blog_platform | other_or_restaurant_controlled,0,2,no_independently_corroborated_food_quality_theme | negative_quality_evidence_not_structurally_captured
ChIJ7VSvU3qMGGARE556noMp6_4,Tempura Tengen,Tempura restaurant,Chiyoda Initial,61.92,64.22,64.22,0.0,public-v3-local-discovery,50.94,0.0,0.0,0.0,0.0,50.94,50.94,50.94,57.93,100.0,70.42,57.93,100.0,70.42,64.22,0.0,64.22,64.22,64.22,65.19,0.0,0.0,0.0,0.97,False,True,True,independent_single,False,False,,,True,,88.35,,,,,0,0,quality_review_themes_unavailable | negative_quality_evidence_not_structurally_captured
ChIJ7Z-ywmaNGGAR11I6NndgGOk,Lou Shang Chongqing Hotpot Ikebukuro,Chongqing hot pot,Toshima Initial,81.13,77.33,79.25,1.92,public-v2-chain-classification,86.24,0.0,0.0,0.0,0.0,86.24,86.24,86.24,79.01,71.0,0.0,79.01,73.33,79.75,81.6,2.35,81.6,81.6,81.6,81.27,2.35,2.35,2.35,2.02,True,True,True,unknown,False,False,,,True,,87.95,,,,review_or_reservation_platform,0,2,no_independently_corroborated_food_quality_theme | same_source_family_themes_excluded:2 | negative_quality_evidence_not_structurally_captured | chain_classification | local_audience | international_visibility | corporate_visibility
ChIJ7aNCQACRGGARXpFhGewamLM,Waryu Sousaku Kanasa Okinawa,沖縄料理,Adachi Initial,74.97,80.83,80.83,0.0,public-v3-local-discovery,64.41,0.0,0.0,0.0,0.0,64.41,64.41,64.41,92.9,100.0,91.64,92.9,100.0,91.64,80.83,0.0,80.83,80.83,80.83,82.19,0.0,0.0,0.0,1.36,True,True,True,independent_single,False,False,,,True,,87.95,,,,,0,0,quality_review_themes_unavailable | negative_quality_evidence_not_structurally_captured
ChIJ7aW3h6zzGGARY4F_qs8cBaM,Buncho,焼き鳥・居酒屋,Suginami Initial,70.85,75.72,75.72,0.0,public-v3-local-discovery,64.5,0.0,0.0,0.0,0.0,64.5,64.5,64.5,75.57,100.0,81.42,75.57,100.0,84.58,76.51,0.79,76.51,76.51,76.51,77.51,0.79,0.79,0.79,1.79,True,True,True,independent_single,False,False,,,True,,72.95,,,,,0,0,quality_review_themes_unavailable | negative_quality_evidence_not_structurally_captured
ChIJ7wNN_GaLGGARTLg9mFQfRUs,Nobu,Bar,Shibuya Initial,82.18,81.59,81.59,0.0,public-v3-local-discovery,71.24,0.0,0.0,0.0,0.0,71.24,71.24,71.24,97.36,94.0,83.3,97.36,100.0,96.58,85.81,4.22,85.81,85.81,85.81,87.07,4.22,4.22,4.22,5.48,True,True,True,independent_single,False,False,,,True,,68.15,,,lavietaste.com | tabelog.com,review_or_reservation_platform,1,3,negative_quality_evidence_not_structurally_captured | specialist_restaurant | local_audience | international_visibility | corporate_visibility
ChIJ7zfyJVaLGGAR01f63pWpQbk,Jukusei Sushi Wagokoro,Sushi restaurant,Shibuya Initial,70.03,73.82,73.82,0.0,public-v3-local-discovery,67.88,0.0,0.0,0.0,0.0,67.88,67.88,67.88,66.75,100.0,73.04,66.75,100.0,76.19,74.61,0.79,74.61,74.61,74.61,75.02,0.79,0.79,0.79,1.2,False,True,True,independent_single,False,False,,,True,,81.95,,,,,0,0,quality_review_themes_unavailable | negative_quality_evidence_not_structurally_captured
ChIJ80iGQEGNGGARRN2Sp1pxto0,Toritsune,焼き鳥,Toshima Initial,79.09,79.64,79.64,0.0,public-v3-local-discovery,77.81,0.0,0.0,0.0,0.0,77.81,77.81,77.81,82.66,79.0,81.49,82.66,100.0,84.36,83.5,3.86,83.5,83.5,83.5,83.83,3.86,3.86,3.86,4.19,True,True,True,unknown,False,False,,,True,,87.95,,,,,0,0,quality_review_themes_unavailable | negative_quality_evidence_not_structurally_captured | chain_classification
ChIJ80kMNuqRGGARICujKvIsURg,Hanmaumu,韓国料理,Adachi Initial,69.78,73.19,73.19,0.0,public-v3-local-discovery,53.59,0.0,0.0,0.0,0.0,53.59,53.59,53.59,87.79,94.0,87.24,87.79,100.0,91.38,75.13,1.94,75.13,75.13,75.13,77.02,1.94,1.94,1.94,3.83,False,True,True,independent_single,False,False,,,True,,73.35,,,hitosara.com | tabelog.com,review_or_reservation_platform,1,1,negative_quality_evidence_not_structurally_captured | specialist_restaurant
ChIJ85MQAg6NGGARa5rHKPcgDuM,Le Marcassin,French restaurant,Toshima Initial,69.55,76.85,76.85,0.0,public-v3-local-discovery,67.61,0.0,0.0,0.0,0.0,67.61,67.61,67.61,78.84,100.0,78.42,78.84,100.0,81.57,77.64,0.79,77.64,77.64,77.64,78.34,0.79,0.79,0.79,1.49,True,True,True,independent_single,False,False,,,True,,88.35,,,retty.me | tabelog.com | wanderlog.com,other_or_restaurant_controlled | review_or_reservation_platform,2,4,negative_quality_evidence_not_structurally_captured
ChIJ8QBBS87zGGARFjvY_VJFYdk,Bistrot33 Santrois,French bistro,Suginami Initial,72.75,75.98,75.98,0.0,public-v3-local-discovery,73.14,0.0,0.0,0.0,0.0,73.14,73.14,73.14,64.33,100.0,73.68,64.33,100.0,76.83,76.77,0.79,76.77,76.77,76.77,76.95,0.79,0.79,0.79,0.97,True,True,True,independent_single,False,False,,,True,,88.35,,,,,0,0,quality_review_themes_unavailable | negative_quality_evidence_not_structurally_captured
ChIJ8QGNiSRhGGARqu3BuaXwAqc,Italian Bar Importante,Italian bar,Ota Initial,60.75,67.59,67.59,0.0,public-v3-local-discovery,66.28,0.0,0.0,0.0,0.0,66.28,66.28,66.28,52.11,94.0,63.4,52.11,100.0,67.86,69.61,2.02,69.61,69.61,69.61,69.69,2.02,2.02,2.02,2.1,False,True,True,independent_single,False,False,,,True,,88.35,,,,,0,0,quality_review_themes_unavailable | negative_quality_evidence_not_structurally_captured | specialist_restaurant | local_audience
ChIJ8QQjZQ6NGGARhnUMXkc3Dk0,"Halal Tokyo - Kaliber Co., Ltd.",Asian grocery store,Shinjuku Initial,68.63,69.16,69.16,0.0,public-v3-local-discovery,74.94,2.0,2.0,2.0,2.0,76.94,76.94,76.94,58.17,79.0,59.46,58.17,100.0,56.83,71.66,2.5,72.56,72.56,72.56,71.55,3.4,3.4,3.4,2.39,False,True,True,unknown,False,False,,,True,,87.55,signature-dish reputation +2: Specialty spices and imported pantry ingredients,,alfafaa.com | halaltokyo.jp | rubese.net,government_or_local_official | other_or_restaurant_controlled,1,4,negative_quality_evidence_not_structurally_captured | chain_classification
ChIJ8QsMuq6NGGARP6Q43Mqo8YI,Nihonshu Pairing Kamosu,居酒屋,Chiyoda Initial,77.15,82.38,82.38,0.0,public-v3-local-discovery,89.58,1.5,1.5,1.5,1.5,91.08,91.08,91.08,57.23,100.0,73.95,57.23,100.0,77.1,83.17,0.79,83.85,83.85,83.85,83.15,1.47,1.47,1.47,0.77,True,True,True,independent_single,False,False,,,True,,88.35,food/execution praise +1.5: Carefully matched food-and-sake pairings,,camos-inc.com | tabelog.com,other_or_restaurant_controlled | review_or_reservation_platform,2,3,negative_quality_evidence_not_structurally_captured
ChIJ8VEQQRz1GGARMHghOlJ8FmI,Ucharu,焼肉,Setagaya Initial,77.06,73.63,73.63,0.0,public-v3-local-discovery,63.31,0.0,0.0,0.0,0.0,63.31,63.31,63.31,89.15,79.0,79.66,89.15,100.0,89.48,79.23,5.6,79.23,79.23,79.23,80.54,5.6,5.6,5.6,6.91,False,True,True,unknown,False,False,,,True,,87.95,,,,,0,0,quality_review_themes_unavailable | negative_quality_evidence_not_structurally_captured | chain_classification | local_audience
ChIJ8VrZDgBhGGARBKwzTkEqlsE,Dining Bousi to Megane,ハンバーガー・ダイニングバー,Ota Initial,60.3,73.41,73.41,0.0,public-v3-local-discovery,73.67,0.0,0.0,0.0,0.0,73.67,73.67,73.67,55.27,100.0,67.89,55.27,100.0,71.04,74.2,0.79,74.2,74.2,74.2,74.07,0.79,0.79,0.79,0.66,False,True,True,independent_single,False,False,,,True,,88.35,,,bousitomegane.com | tabelog.com,other_or_restaurant_controlled | review_or_reservation_platform,1,3,same_source_family_themes_excluded:1 | negative_quality_evidence_not_structurally_captured
ChIJ8XgLk52LGGARAJI9y3j4j6g,Nihonryori Sora,Kaiseki restaurant,Shibuya Initial,72.02,79.95,79.95,0.0,public-v3-local-discovery,75.99,0.0,0.0,0.0,0.0,75.99,75.99,75.99,77.93,100.0,76.28,77.93,100.0,80.92,81.11,1.16,81.11,81.11,81.11,81.36,1.16,1.16,1.16,1.41,True,True,True,independent_single,False,False,,,True,,88.35,,,,,0,0,quality_review_themes_unavailable | negative_quality_evidence_not_structurally_captured | local_audience
ChIJ8_MQ-zyJGGAR7jP-HFrIn3E,Oden & Game Bar PONCOTTU,Izakaya / oden bar,Koto Initial,69.59,77.26,77.26,0.0,public-v3-local-discovery,74.18,0.0,0.0,0.0,0.0,74.18,74.18,74.18,70.41,100.0,73.25,70.41,100.0,76.39,78.04,0.78,78.04,78.04,78.04,78.15,0.78,0.78,0.78,0.89,True,True,True,independent_single,False,False,,,True,,87.95,,,,,0,0,quality_review_themes_unavailable | negative_quality_evidence_not_structurally_captured
ChIJ8aptWwCJGGAR02EgAQU3Bok,Yutsudo,Japanese restaurant,Koto Initial,69.2,76.31,76.31,0.0,public-v3-local-discovery,69.68,0.0,0.0,0.0,0.0,69.68,69.68,69.68,96.32,73.0,78.22,96.32,100.0,94.04,84.31,8.0,84.31,84.31,84.31,85.53,8.0,8.0,8.0,9.22,True,True,True,unknown,False,False,,,True,,58.35,,,,,0,0,quality_review_themes_unavailable | negative_quality_evidence_not_structurally_captured | chain_classification | specialist_restaurant | local_audience
ChIJ8bIjRVGPGGARnwjXeppG5_s,Fuji Indian Restaurant & Bar,Indian restaurant,Adachi Initial,64.95,75.5,75.5,0.0,public-v3-local-discovery,64.71,0.0,0.0,0.0,0.0,64.71,64.71,64.71,75.81,100.0,80.03,75.81,100.0,80.03,75.5,0.0,75.5,75.5,75.5,76.26,0.0,0.0,0.0,0.76,True,True,True,independent_single,False,False,,,True,,81.55,,,fc2.com | tripadvisor.jp,other_or_restaurant_controlled | review_or_reservation_platform,2,2,negative_quality_evidence_not_structurally_captured
ChIJ8cP4yE-JGGARgjsd7kVodXM,Iwateya,居酒屋,Chuo Initial,80.34,85.58,80.19,-5.39,public-v2-chain-classification,72.29,1.5,1.5,1.5,1.5,73.79,73.79,73.79,91.27,94.0,0.0,91.27,100.0,91.5,84.1,3.91,84.77,84.77,84.77,85.66,4.58,4.58,4.58,5.47,True,True,True,independent_single,False,False,,,True,,88.35,"food/execution praise +1.5: Home-style dishes with carefully selected, generously used ingredients",,tabelog.com | tbs.co.jp,other_or_restaurant_controlled | review_or_reservation_platform,1,3,negative_quality_evidence_not_structurally_captured | specialist_restaurant | local_audience | international_visibility | corporate_visibility
ChIJ8fCDCkyJGGAR-F3gBrJjggk,Katei Ryori Fujino,Japanese izakaya,Koto Initial,74.03,71.21,71.21,0.0,public-v3-local-discovery,60.42,0.0,0.0,0.0,0.0,60.42,60.42,60.42,93.68,73.0,76.08,93.68,100.0,90.15,78.78,7.57,78.78,78.78,78.78,80.27,7.57,7.57,7.57,9.06,False,True,True,unknown,False,False,,,True,,31.75,,,,,0,0,quality_review_themes_unavailable | negative_quality_evidence_not_structurally_captured | chain_classification | specialist_restaurant | local_audience
ChIJ8f_HxC6LGGARWQY1kbhvPpA,Ufufu Shirokanedai,Taiwanese castella specialty shop,Minato Initial,73.37,79.78,79.78,0.0,public-v3-local-discovery,76.51,0.0,0.0,0.0,0.0,76.51,76.51,76.51,77.17,100.0,75.11,77.17,100.0,78.25,80.57,0.79,80.57,80.57,80.57,80.65,0.79,0.79,0.79,0.87,True,True,True,independent_single,False,False,,,True,,75.95,,,,,0,0,quality_review_themes_unavailable | negative_quality_evidence_not_structurally_captured
ChIJ8wSCRH7zGGARDr-Bnbm9eKc,BEStORY COFFEE,"Japanese teishoku restaurant, oden restaurant, izakaya, and coffee shop",Setagaya Initial,78.84,82.78,82.78,0.0,public-v3-local-discovery,69.97,0.0,0.0,0.0,0.0,69.97,69.97,69.97,88.29,100.0,92.18,88.29,100.0,92.18,82.78,0.0,82.78,82.78,82.78,83.89,0.0,0.0,0.0,1.11,True,True,True,independent_single,False,False,,,True,,77.8,,,,,0,0,quality_review_themes_unavailable | negative_quality_evidence_not_structurally_captured
ChIJ8xZ4XxSLGGARCv6nIp56DNU,Toritoshi,焼き鳥,Shibuya Initial,73.46,78.94,78.94,0.0,public-v3-local-discovery,68.24,3.5,3.5,3.5,3.5,71.74,71.74,71.74,83.66,100.0,82.72,83.66,100.0,85.87,79.72,0.78,81.3,81.3,81.3,82.01,2.36,2.36,2.36,3.07,True,True,True,independent_single,False,False,,,True,,87.95,food/execution praise +1.5: Charcoal-grilled yakitori with carefully judged cooking | specialist/craft evidence +2: Charcoal-grilled yakitori with carefully judged cooking,,ikkos-films.com | tabelog.com | yaromeshi.com,other_or_restaurant_controlled | review_or_reservation_platform,1,4,negative_quality_evidence_not_structurally_captured
ChIJ8z3vLC6PGGARX8q5PPQXrhg,Isolabo Rokucho,Ramen restaurant,Adachi Initial,67.45,54.99,54.99,0.0,public-v3-local-discovery,75.67,0.0,0.0,0.0,0.0,75.67,75.67,75.67,68.4,40.0,57.49,68.4,40.0,60.64,54.99,0.0,54.99,54.99,54.99,54.99,0.0,0.0,0.0,0.0,False,True,True,small_same_brand_chain,True,False,,,False,chain_excluded,76.35,,,,,0,0,quality_review_themes_unavailable | negative_quality_evidence_not_structurally_captured
ChIJ8zcRnPORGGARQt0L8DtQJ5k,Kokoya,居酒屋,Adachi Initial,75.25,74.82,74.82,0.0,public-v3-local-discovery,71.64,0.0,0.0,0.0,0.0,71.64,71.64,71.64,88.58,73.0,73.39,88.58,100.0,85.25,81.84,7.02,81.84,81.84,81.84,82.52,7.02,7.02,7.02,7.7,False,True,True,unknown,False,False,,,True,,81.95,,,,,0,0,quality_review_themes_unavailable | negative_quality_evidence_not_structurally_captured | chain_classification | specialist_restaurant | local_audience
ChIJ9-llXWOMGGARcM6dYrjLa30,Uosuzu,居酒屋,Chiyoda Initial,73.75,75.64,75.64,0.0,public-v3-local-discovery,51.26,0.0,0.0,0.0,0.0,51.26,51.26,51.26,93.49,100.0,94.21,93.49,100.0,94.21,75.64,0.0,75.64,75.64,75.64,77.79,0.0,0.0,0.0,2.15,True,True,True,independent_single,False,False,,,True,,81.95,,,hotpepper.jp | tabelog.com,review_or_reservation_platform,2,3,negative_quality_evidence_not_structurally_captured
ChIJ91ADjFD1GGARPgyIa9wajpc,Sushi Kazu,寿司,Ota Initial,66.75,72.82,72.82,0.0,public-v3-local-discovery,52.89,0.0,0.0,0.0,0.0,52.89,52.89,52.89,86.25,100.0,84.33,86.25,100.0,87.48,73.61,0.79,73.61,73.61,73.61,75.34,0.79,0.79,0.79,2.52,False,True,True,independent_single,False,False,,,True,,88.35,,,kenkenpa.net | san-tatsu.jp,editorial_or_guide | other_or_restaurant_controlled | review_or_reservation_platform,1,2,negative_quality_evidence_not_structurally_captured
ChIJ92c0HNCLGGAR3wocSnSAZ1c,Torisawattsu,Chicken hot pot restaurant,Shibuya Initial,72.22,72.45,72.45,0.0,public-v3-local-discovery,56.81,0.0,0.0,0.0,0.0,56.81,56.81,56.81,93.55,82.5,81.9,93.55,82.5,87.53,73.85,1.4,73.85,73.85,73.85,75.39,1.4,1.4,1.4,2.94,False,False,True,small_group_distinct_concept,False,False,,,False,product_ineligible,87.95,,,sohu.com | tabelog.com | yahoo.co.jp,other_or_restaurant_controlled | review_or_reservation_platform,2,3,negative_quality_evidence_not_structurally_captured | local_audience
ChIJ93-qptqIGGARLIXzc9BZtG0,Briller parfum,French-Italian restaurant,Koto Initial,66.95,71.26,71.26,0.0,public-v3-local-discovery,52.24,0.0,0.0,0.0,0.0,52.24,52.24,52.24,81.5,100.0,82.1,81.5,100.0,85.25,72.05,0.79,72.05,72.05,72.05,73.7,0.79,0.79,0.79,2.44,False,True,True,independent_single,False,False,,,True,,87.95,,,daiichikanshin.com | tabelog.com | wanderlog.com,other_or_restaurant_controlled | review_or_reservation_platform,2,4,negative_quality_evidence_not_structurally_captured
ChIJ94JbagD1GGARlplO43_1hjw,Pienezza Fukasawa,Italian restaurant,Setagaya Initial,73.03,73.33,73.33,0.0,public-v3-local-discovery,69.49,0.0,0.0,0.0,0.0,69.49,69.49,69.49,79.04,79.0,73.4,79.04,100.0,79.85,78.09,4.76,78.09,78.09,78.09,78.61,4.76,4.76,4.76,5.28,False,True,True,unknown,False,False,,,True,,82.35,,,,,0,0,quality_review_themes_unavailable | negative_quality_evidence_not_structurally_captured | chain_classification | local_audience
ChIJ9S--AbaLGGARvXb8nM2vTPA,Osteria Radici,Italian restaurant,Minato Initial,60.64,69.45,69.45,0.0,public-v3-local-discovery,66.81,0.0,0.0,0.0,0.0,66.81,66.81,66.81,54.13,100.0,65.05,54.13,100.0,67.71,70.11,0.66,70.11,70.11,70.11,70.16,0.66,0.66,0.66,0.71,False,True,True,independent_single,False,False,,,True,,88.35,,,,,0,0,quality_review_themes_unavailable | negative_quality_evidence_not_structurally_captured | local_audience
ChIJ9SI_IgBhGGARxp5FyFlAojE,Teppanyaki Kamnabi,Teppanyaki,Ota Initial,74.14,75.52,75.52,0.0,public-v3-local-discovery,93.11,0.0,0.0,0.0,0.0,93.11,93.11,93.11,53.13,79.0,55.22,53.13,100.0,51.52,77.75,2.23,77.75,77.75,77.75,75.67,2.23,2.23,2.23,0.15,True,True,True,unknown,False,False,,,True,,76.35,,,,,0,0,quality_review_themes_unavailable | negative_quality_evidence_not_structurally_captured | chain_classification
ChIJ9Y9K_3aLGGARYQIxj08v9rY,hal okada vegan patisserie,Cake shop,Minato Initial,72.15,74.89,74.89,0.0,public-v3-local-discovery,78.19,0.0,0.0,0.0,0.0,78.19,78.19,78.19,68.59,82.5,68.17,68.59,82.5,71.32,75.68,0.79,75.68,75.68,75.68,75.34,0.79,0.79,0.79,0.45,False,True,True,small_group_distinct_concept,False,False,,,True,,82.35,,,,,0,0,quality_review_themes_unavailable | negative_quality_evidence_not_structurally_captured
ChIJ9YGfzvPtGGARySG0L_7f_uE,Manali,Indian restaurant,Suginami Initial,70.01,75.22,75.22,0.0,public-v3-local-discovery,67.03,0.0,0.0,0.0,0.0,67.03,67.03,67.03,79.84,94.0,75.91,79.84,100.0,82.28,77.71,2.49,77.71,77.71,77.71,78.47,2.49,2.49,2.49,3.25,True,True,True,independent_single,False,False,,,True,,81.95,,,,,0,0,quality_review_themes_unavailable | negative_quality_evidence_not_structurally_captured | specialist_restaurant
ChIJ9Yv_FwCRGGAR2TT-YO9nXgM,Buta no Kakurega,ラーメン・大衆麺酒場,Adachi Initial,73.89,70.28,70.28,0.0,public-v3-local-discovery,61.68,0.0,0.0,0.0,0.0,61.68,61.68,61.68,86.42,73.0,74.45,86.42,100.0,87.19,77.52,7.24,77.52,77.52,77.52,78.79,7.24,7.24,7.24,8.51,False,True,True,unknown,False,False,,,True,,81.55,,,,,0,0,quality_review_themes_unavailable | negative_quality_evidence_not_structurally_captured | chain_classification | specialist_restaurant | local_audience
ChIJ9a_pbz7yGGARxkV5DAtmyFc,Yakitori Kōchan,焼き鳥,Suginami Initial,76.85,79.81,79.81,0.0,public-v3-local-discovery,61.17,0.0,0.0,0.0,0.0,61.17,61.17,61.17,97.0,100.0,90.92,97.0,100.0,94.08,80.6,0.79,80.6,80.6,80.6,82.24,0.79,0.79,0.79,2.43,True,True,True,independent_single,False,False,,,True,,75.95,,,,other_or_restaurant_controlled | review_or_reservation_platform,0,1,no_independently_corroborated_food_quality_theme | negative_quality_evidence_not_structurally_captured
ChIJ9bR3sTn1GGAR8v17-pffnz8,Akari,Izakaya,Ota Initial,76.9,79.3,79.3,0.0,public-v3-local-discovery,65.38,0.0,0.0,0.0,0.0,65.38,65.38,65.38,94.89,94.0,86.18,94.89,100.0,93.7,82.08,2.78,82.08,82.08,82.08,83.5,2.78,2.78,2.78,4.2,True,True,True,independent_single,False,False,,,True,,81.15,,,,,0,0,quality_review_themes_unavailable | negative_quality_evidence_not_structurally_captured | specialist_restaurant
ChIJ9dsyrN-IGGARiP2zp3BiQns,Okonomiyaki and Monja Anzu no Sato,お好み焼き・もんじゃ焼き,Koto Initial,66.74,73.0,73.0,0.0,public-v3-local-discovery,58.73,0.0,0.0,0.0,0.0,58.73,58.73,58.73,72.67,100.0,82.68,72.67,100.0,82.68,73.0,0.0,73.0,73.0,73.0,74.2,0.0,0.0,0.0,1.2,False,True,True,independent_single,False,False,,,True,,87.95,,,,other_or_restaurant_controlled | review_or_reservation_platform,0,3,no_independently_corroborated_food_quality_theme | negative_quality_evidence_not_structurally_captured
ChIJ9f-5MEKPGGAR_EELaRv_7Ps,Sho-chan Katsu,とんかつ,Taito Initial,75.4,77.76,77.76,0.0,public-v3-local-discovery,59.19,0.0,0.0,0.0,0.0,59.19,59.19,59.19,91.32,100.0,89.7,91.32,100.0,92.85,78.55,0.79,78.55,78.55,78.55,80.23,0.79,0.79,0.79,2.47,True,True,True,independent_single,False,False,,,True,,82.35,,,,,0,0,quality_review_themes_unavailable | negative_quality_evidence_not_structurally_captured
ChIJ9wgyB-CLGGARRi0-iZfZRtU,Tsukiji Suzuki,Kaiseki / Japanese cuisine,Chuo Initial,78.86,76.91,76.91,0.0,public-v3-local-discovery,67.27,0.0,0.0,0.0,0.0,67.27,67.27,67.27,78.44,100.0,79.5,78.44,100.0,79.5,76.91,0.0,76.91,76.91,76.91,77.52,0.0,0.0,0.0,0.61,True,True,True,independent_single,False,False,,,True,,87.95,,,,,0,0,quality_review_themes_unavailable | negative_quality_evidence_not_structurally_captured
ChIJ9yAQZMCLGGARv8Zu0S99ks8,Pebble Hiroo Terrace,California brunch restaurant,Shibuya Initial,74.61,70.02,70.02,0.0,public-v3-local-discovery,74.87,0.0,0.0,0.0,0.0,74.87,74.87,74.87,51.75,82.5,64.76,51.75,82.5,64.76,70.02,0.0,70.02,70.02,70.02,69.51,0.0,0.0,0.0,-0.51,False,True,True,small_group_distinct_concept,False,False,,,True,,88.35,,,,other_or_restaurant_controlled | review_or_reservation_platform,0,1,no_independently_corroborated_food_quality_theme | negative_quality_evidence_not_structurally_captured
ChIJ9zqtD_eLGGAR_K06T4CnvtI,Tsukiji Sushi Omakase Hanare,Sushi restaurant,Chuo Initial,71.61,70.26,70.26,0.0,public-v3-local-discovery,65.26,0.0,0.0,0.0,0.0,65.26,65.26,65.26,75.76,70.5,75.83,75.76,70.5,80.39,71.4,1.14,71.4,71.4,71.4,72.16,1.14,1.14,1.14,1.9,False,True,True,small_group_distinct_concept,False,False,,,True,,81.95,,,,,0,0,quality_review_themes_unavailable | negative_quality_evidence_not_structurally_captured | local_audience
ChIJA1SHdMryGGARh1toWzMdssc,Gluon,Bar,Shinjuku Initial,80.77,79.27,79.27,0.0,public-v3-local-discovery,71.31,0.0,0.0,0.0,0.0,71.31,71.31,71.31,83.03,94.0,82.51,83.03,100.0,86.12,81.07,1.8,81.07,81.07,81.07,81.81,1.8,1.8,1.8,2.54,True,True,True,independent_single,False,False,,,True,,64.15,,,,,0,0,quality_review_themes_unavailable | negative_quality_evidence_not_structurally_captured | specialist_restaurant
ChIJA7_TuH2NGGARlL5lAsluol4,Uofuji,Seafood restaurant,Toshima Initial,73.58,77.97,77.97,0.0,public-v3-local-discovery,64.16,0.0,0.0,0.0,0.0,64.16,64.16,64.16,84.66,100.0,85.59,84.66,100.0,88.74,78.76,0.79,78.76,78.76,78.76,79.98,0.79,0.79,0.79,2.01,True,True,True,independent_single,False,False,,,True,,87.95,,,,,0,0,quality_review_themes_unavailable | negative_quality_evidence_not_structurally_captured
ChIJA9P0I32NGGAR_mCTINelNHA,Mexican Dining ESO Kanda 2nd Branch,Mexican restaurant,Chiyoda Initial,65.03,54.99,54.99,0.0,public-v3-local-discovery,51.24,2.0,2.0,2.0,2.0,53.24,53.24,53.24,73.96,40.0,62.74,73.96,40.0,65.89,54.99,0.0,54.99,54.99,54.99,54.99,0.0,0.0,0.0,0.0,False,True,True,small_same_brand_chain,True,False,,,False,chain_excluded,87.95,specialist/craft evidence +2: House-made tacos and Mexican-American dishes are central to the menu,,enjoytokyo.jp | foodre.jp | gnavi.co.jp,government_or_local_official | other_or_restaurant_controlled | review_or_reservation_platform,1,2,negative_quality_evidence_not_structurally_captured
ChIJAQAAwFLyGGARs61nxq57Agw,Gatti,Italian restaurant and wine bar,Suginami,82.43,83.65,83.39,-0.26,public-v2-chain-classification,74.1,3.0,3.0,3.0,3.0,77.1,77.1,77.1,91.27,100.0,0.0,91.27,100.0,93.53,85.42,2.03,86.77,86.77,86.77,87.59,3.38,3.38,3.38,4.2,True,True,True,independent_single,False,False,,,True,,87.55,food/execution praise +3: Italian dishes are frequently paired with carefully selected wines,,funvino-winecellar.com | keio.ac.jp | localmediasugiseta.com | tabelog.com,other_or_restaurant_controlled | review_or_reservation_platform,3,3,negative_quality_evidence_not_structurally_captured | local_audience | international_visibility | corporate_visibility
ChIJAQALSQGMGGARSP9jwTsW9sk,Izakaya Chorotto,居酒屋,Chiyoda Initial,73.2,75.16,75.16,0.0,public-v3-local-discovery,57.89,0.0,0.0,0.0,0.0,57.89,57.89,57.89,80.96,100.0,87.86,80.96,100.0,87.86,75.16,0.0,75.16,75.16,75.16,76.66,0.0,0.0,0.0,1.5,True,True,True,independent_single,False,False,,,True,,87.95,,,,,0,0,quality_review_themes_unavailable | negative_quality_evidence_not_structurally_captured
ChIJAQAs2VmLGGAR2xgVuG8eqHA,Sushi Suga,Sushi,Shibuya Initial,71.15,75.09,75.09,0.0,public-v3-local-discovery,76.18,0.0,0.0,0.0,0.0,76.18,76.18,76.18,56.78,100.0,69.15,56.78,100.0,69.15,75.09,0.0,75.09,75.09,75.09,74.73,0.0,0.0,0.0,-0.36,True,True,True,independent_single,False,False,,,True,,87.95,,,autoreserve.com | tabelog.com,other_or_restaurant_controlled | review_or_reservation_platform,1,1,negative_quality_evidence_not_structurally_captured
ChIJAQAx9lbtGGARjIpf3KuKD8A,Omura,soba,Toshima Initial,63.85,69.98,69.98,0.0,public-v3-local-discovery,52.14,0.0,0.0,0.0,0.0,52.14,52.14,52.14,76.21,100.0,80.35,76.21,100.0,83.5,70.77,0.79,70.77,70.77,70.77,72.34,0.79,0.79,0.79,2.36,False,True,True,independent_single,False,True,confirmed_address_identity_conflict,,False,critical:confirmed_address_identity_conflict,87.95,,,ekiten.jp | retty.me | syupo.com | tabelog.com,other_or_restaurant_controlled | review_or_reservation_platform,2,3,negative_quality_evidence_not_structurally_captured
ChIJAQBM40SJGGARE_FACL6szA0,Nihonbashi Kakigaracho Sugita,Sushi,Chuo Initial,71.66,76.26,76.26,0.0,public-v3-local-discovery,78.05,0.0,0.0,0.0,0.0,78.05,78.05,78.05,59.63,100.0,68.78,59.63,100.0,68.78,76.26,0.0,76.26,76.26,76.26,75.8,0.0,0.0,0.0,-0.46,True,True,True,independent_single,False,False,,,True,,88.35,,,hatenablog.com | tabelog.com | yahoo.co.jp | yamazen-tokyo.com,other_or_restaurant_controlled | review_or_reservation_platform,2,3,negative_quality_evidence_not_structurally_captured
ChIJAQCFN6iLGGARQEWTPF25uB0,Housaku,居酒屋,Minato Initial,71.76,71.73,71.73,0.0,public-v3-local-discovery,49.11,0.0,0.0,0.0,0.0,49.11,49.11,49.11,92.24,94.0,86.78,92.24,100.0,94.36,74.53,2.8,74.53,74.53,74.53,76.79,2.8,2.8,2.8,5.06,False,True,True,independent_single,False,False,,,True,,81.95,,,ameblo.jp | tokyo.jp,blog_platform | government_or_local_official | review_or_reservation_platform,1,2,negative_quality_evidence_not_structurally_captured | specialist_restaurant
ChIJAQChQwvtGGAR-S6JzuL1AIk,Fish Ground,Italian,Suginami Initial,73.04,75.3,75.3,0.0,public-v3-local-discovery,73.27,0.0,0.0,0.0,0.0,73.27,73.27,73.27,80.12,79.0,73.85,80.12,100.0,78.76,79.68,4.38,79.68,79.68,79.68,79.95,4.38,4.38,4.38,4.65,True,True,True,unknown,False,False,,,True,,87.95,,,fc2.com | tabelog.com,other_or_restaurant_controlled | review_or_reservation_platform,2,3,negative_quality_evidence_not_structurally_captured | chain_classification
ChIJAQD9meRfGGARvpZScnxp88w,Oden Daihachi,おでん・居酒屋,Ota Initial,61.46,71.89,71.89,0.0,public-v3-local-discovery,54.15,0.0,0.0,0.0,0.0,54.15,54.15,54.15,81.71,100.0,81.07,81.71,100.0,84.22,72.68,0.79,72.68,72.68,72.68,74.18,0.79,0.79,0.79,2.29,False,True,True,independent_single,False,False,,,True,,68.75,,,,other_or_restaurant_controlled | review_or_reservation_platform,0,1,no_independently_corroborated_food_quality_theme | negative_quality_evidence_not_structurally_captured
ChIJAQDDj2iMGGARr7r2XJLzCN0,Sushi Tamamura,Sushi restaurant,Chiyoda Initial,69.11,73.76,73.76,0.0,public-v3-local-discovery,59.56,0.0,0.0,0.0,0.0,59.56,59.56,59.56,80.7,100.0,79.41,80.7,100.0,82.56,74.55,0.79,74.55,74.55,74.55,75.7,0.79,0.79,0.79,1.94,False,True,True,independent_single,False,False,,,True,,88.35,,,ameblo.jp | sushi-tamamura.jp | yahoo.co.jp,blog_platform | other_or_restaurant_controlled | review_or_reservation_platform,2,3,negative_quality_evidence_not_structurally_captured
ChIJAQDXpnKLGGARKzlCAm1e2bM,Oysterbar & Wine BELON Hiroo,Oyster bar / Italian seafood restaurant,Minato Initial,60.24,48.36,48.36,0.0,public-v3-local-discovery,46.73,0.0,0.0,0.0,0.0,46.73,46.73,46.73,57.53,36.0,53.22,57.53,36.0,53.22,48.36,0.0,48.36,48.36,48.36,48.69,0.0,0.0,0.0,0.33,False,True,True,small_same_brand_chain,True,False,,,False,chain_excluded,88.35,,,tabelog.com | tablecheck.com | therestaurant-hiroo.com,other_or_restaurant_controlled | review_or_reservation_platform,1,1,negative_quality_evidence_not_structurally_captured
ChIJAQRkJDuSGGARFjcdtnpVtF4,Sumibi Motsuyaki Tsukinoya,もつ焼き,Adachi Initial,65.1,80.09,80.09,0.0,public-v3-local-discovery,85.42,2.0,2.0,2.0,2.0,87.42,87.42,87.42,62.22,100.0,69.27,62.22,100.0,72.41,80.87,0.78,81.77,81.77,81.77,81.02,1.68,1.68,1.68,0.93,True,True,True,independent_single,False,False,,,True,,86.35,"specialist/craft evidence +2: Charcoal-grilled pork skewers including liver, shiro, and nankotsu",,lavietaste.com | tabelog.com,other_or_restaurant_controlled | review_or_reservation_platform,1,3,negative_quality_evidence_not_structurally_captured
ChIJARPIYTiNGGARteebOz7T5kk,Wagyu BBQ Kamaushi,焼肉,Chiyoda,83.03,75.41,83.18,7.77,public-v2-chain-classification,92.96,1.5,1.5,1.5,1.5,94.46,94.46,94.46,58.55,100.0,0.0,58.55,100.0,73.33,83.95,0.77,84.62,84.62,84.62,83.57,1.44,1.44,1.44,0.39,True,True,True,independent_single,False,False,,,True,,88.35,food/execution praise +1.5: Carefully selected wagyu with rich flavor and varied cuts,,japan-food.guide | tabelog.com,other_or_restaurant_controlled | review_or_reservation_platform,1,2,negative_quality_evidence_not_structurally_captured | local_audience | international_visibility | corporate_visibility
ChIJAUDNLI6OGGARhVZcKVyjNEM,Tori Sho,焼き鳥,Taito Initial,70.34,72.44,72.44,0.0,public-v3-local-discovery,48.91,0.0,0.0,0.0,0.0,48.91,48.91,48.91,93.63,100.0,85.55,93.63,100.0,91.82,74.01,1.57,74.01,74.01,74.01,76.15,1.57,1.57,1.57,3.71,False,True,True,independent_single,False,False,,,True,,82.35,,,,,0,0,quality_review_themes_unavailable | negative_quality_evidence_not_structurally_captured | local_audience
ChIJAUwgCWnzGGARulYBSvYJkuw,Genki Club,居酒屋,Setagaya Initial,76.0,72.83,72.83,0.0,public-v3-local-discovery,61.33,0.0,0.0,0.0,0.0,61.33,61.33,61.33,95.6,73.0,79.76,95.6,100.0,91.3,79.76,6.93,79.76,79.76,79.76,81.26,6.93,6.93,6.93,8.43,False,True,True,unknown,False,False,,,True,,81.95,,,,,0,0,quality_review_themes_unavailable | negative_quality_evidence_not_structurally_captured | chain_classification | specialist_restaurant
ChIJAZOKBEyPGGARWoSCCwgRm8E,Atarayo Akihabara,Izakaya restaurant,Chiyoda,91.19,88.12,86.61,-1.51,public-v1,92.46,1.5,1.5,1.5,1.5,93.96,93.96,93.96,90.14,100.0,0.0,90.14,100.0,90.22,92.68,6.07,93.36,93.36,93.36,93.17,6.75,6.75,6.75,6.56,True,True,True,unknown,False,False,,,True,,72.95,food/execution praise +1.5: Guests highlight the calm atmosphere and well-prepared grilled dishes,,hotpepper.jp | tabelog.com,review_or_reservation_platform,1,2,negative_quality_evidence_not_structurally_captured | chain_classification | local_audience | international_visibility | corporate_visibility
ChIJAZWDbj2SGGARYKJCNx1QYFs,Ajidokoro Goshiki,居酒屋,Adachi Initial,61.46,75.06,75.06,0.0,public-v3-local-discovery,55.73,0.0,0.0,0.0,0.0,55.73,55.73,55.73,95.3,94.0,86.36,95.3,100.0,93.9,77.85,2.79,77.85,77.85,77.85,79.76,2.79,2.79,2.79,4.7,True,True,True,independent_single,False,False,,,True,,74.75,,,,,0,0,quality_review_themes_unavailable | negative_quality_evidence_not_structurally_captured | specialist_restaurant
ChIJAatFHPvuGGARcodkX71VJqY,SHIPPO,立ち飲み居酒屋,Suginami Initial,75.17,77.58,77.58,0.0,public-v3-local-discovery,65.23,0.0,0.0,0.0,0.0,65.23,65.23,65.23,87.64,94.0,83.9,87.64,100.0,91.17,80.29,2.71,80.29,80.29,80.29,81.59,2.71,2.71,2.71,4.01,True,True,True,independent_single,False,False,,,True,,87.55,,,,other_or_restaurant_controlled | review_or_reservation_platform,0,2,no_independently_corroborated_food_quality_theme | negative_quality_evidence_not_structurally_captured | specialist_restaurant
ChIJAcj17xuSGGARGa1CBEdiTgY,Oshidori,お好み焼き,Adachi Initial,73.75,79.1,79.1,0.0,public-v3-local-discovery,61.98,0.0,0.0,0.0,0.0,61.98,61.98,61.98,90.86,100.0,90.31,90.86,100.0,90.31,79.1,0.0,79.1,79.1,79.1,80.51,0.0,0.0,0.0,1.41,True,True,True,independent_single,False,False,,,True,,81.95,,,,,0,0,quality_review_themes_unavailable | negative_quality_evidence_not_structurally_captured
ChIJAeHxH3uJGGAR513grhFQQVA,Tsuru Chan,Restaurant,Chuo Initial,65.38,56.78,56.78,0.0,public-v3-local-discovery,33.46,0.0,0.0,0.0,0.0,33.46,33.46,33.46,83.25,73.0,73.14,94.34,100.0,94.6,67.86,11.08,67.86,67.86,67.86,70.91,11.08,11.08,11.08,14.13,False,True,True,unknown,False,False,,,True,,21.95,,,,,0,0,quality_review_themes_unavailable | negative_quality_evidence_not_structurally_captured | tourist_coverage | chain_classification | specialist_restaurant | local_audience | tourist_orientation | international_visibility | corporate_visibility
ChIJAeQLdV6IGGARVTNeke9fTSI,Kameya,Japanese cuisine / izakaya,Koto Initial,61.01,67.55,67.55,0.0,public-v3-local-discovery,46.78,0.0,0.0,0.0,0.0,46.78,46.78,46.78,81.92,94.0,80.46,81.92,100.0,83.85,69.3,1.75,69.3,69.3,69.3,71.16,1.75,1.75,1.75,3.61,False,True,True,independent_single,False,False,,,True,,87.95,,,,,0,0,quality_review_themes_unavailable | negative_quality_evidence_not_structurally_captured | specialist_restaurant
ChIJAf7ukoL0GGARjWvXMHpXrSQ,La Luna Llena,スペイン料理,Setagaya Initial,62.83,70.74,70.74,0.0,public-v3-local-discovery,64.22,0.0,0.0,0.0,0.0,64.22,64.22,64.22,57.92,100.0,72.59,57.92,100.0,75.74,71.52,0.78,71.52,71.52,71.52,72.1,0.78,0.78,0.78,1.36,False,True,True,independent_single,False,False,,,True,,87.95,,,goetheweb.jp | lavietaste.com | tabelog.com,other_or_restaurant_controlled | review_or_reservation_platform,2,4,negative_quality_evidence_not_structurally_captured
ChIJAw0sQ8uNGGARnxvdZGgBUM0,Nanamaru,Izakaya,Toshima Initial,68.81,80.77,80.77,0.0,public-v3-local-discovery,67.47,0.0,0.0,0.0,0.0,67.47,67.47,67.47,97.79,94.0,86.57,97.79,100.0,90.63,82.69,1.92,82.69,82.69,82.69,83.85,1.92,1.92,1.92,3.08,True,True,True,independent_single,False,False,,,True,,57.55,,,,,0,0,quality_review_themes_unavailable | negative_quality_evidence_not_structurally_captured | specialist_restaurant
ChIJAxFpBE6JGGAR99q5InP3ac4,Hito Quattro Eight,居酒屋,Chuo,83.61,76.47,77.42,0.95,public-v1,76.7,0.0,0.0,0.0,0.0,76.7,76.7,76.7,79.45,100.0,0.0,79.45,100.0,87.01,83.19,5.77,83.19,83.19,83.19,83.7,5.77,5.77,5.77,6.28,True,True,True,unknown,False,False,,,True,,66.95,,,hotpepper.jp | jal.co.jp | tabelog.com,other_or_restaurant_controlled | review_or_reservation_platform,2,3,negative_quality_evidence_not_structurally_captured | chain_classification | local_audience | international_visibility | corporate_visibility
ChIJAxxeOKCRGGARKbrVEdCtpqU,Saeki,ホルモン焼肉,Adachi Initial,67.42,74.83,74.83,0.0,public-v3-local-discovery,53.59,0.0,0.0,0.0,0.0,53.59,53.59,53.59,89.41,100.0,89.22,89.41,100.0,89.22,74.83,0.0,74.83,74.83,74.83,76.61,0.0,0.0,0.0,1.78,False,True,True,independent_single,False,False,,,True,,65.95,,,,,0,0,quality_review_themes_unavailable | negative_quality_evidence_not_structurally_captured
ChIJAyB_qCCLGGARb9nHjmtksdg,Ryogoku Zushi,Sushi,Minato Initial,76.62,77.98,77.98,0.0,public-v3-local-discovery,60.16,0.0,0.0,0.0,0.0,60.16,60.16,60.16,92.21,100.0,88.29,92.21,100.0,91.44,78.76,0.78,78.76,78.76,78.76,80.33,0.78,0.78,0.78,2.35,True,True,True,independent_single,False,False,,,True,,75.95,,,tabelog.com | tripadvisor.com,review_or_reservation_platform,1,2,negative_quality_evidence_not_structurally_captured
ChIJAzEllT-MGGARu4woyND35yQ,Yakitaro Suidobashi,焼肉,Chiyoda Initial,74.38,54.99,54.99,0.0,public-v3-local-discovery,66.26,0.0,0.0,0.0,0.0,66.26,66.26,66.26,59.84,40.0,62.72,59.84,40.0,62.72,54.99,0.0,54.99,54.99,54.99,54.99,0.0,0.0,0.0,0.0,False,True,True,small_same_brand_chain,True,False,,,False,chain_excluded,87.95,,,,,0,0,quality_review_themes_unavailable | negative_quality_evidence_not_structurally_captured
ChIJB0WiWxH0GGARyFyfoyYQi9Q,Sushi Kimura,Sushi,Setagaya Initial,60.63,54.99,54.99,0.0,public-v3-local-discovery,68.07,0.0,0.0,0.0,0.0,68.07,68.07,68.07,50.92,40.0,45.3,50.92,40.0,45.3,54.99,0.0,54.99,54.99,54.99,54.46,0.0,0.0,0.0,-0.53,False,True,True,small_same_brand_chain,True,False,,,False,chain_excluded,88.35,,,,other_or_restaurant_controlled,0,1,no_independently_corroborated_food_quality_theme | negative_quality_evidence_not_structurally_captured
ChIJB1nV6g3zGGARw3iNYsoxcq0,Unaga,うなぎ料理店,Shibuya,82.49,77.35,81.33,3.98,public-v2-chain-classification,87.36,0.0,0.0,0.0,0.0,87.36,87.36,87.36,80.23,79.0,0.0,80.23,100.0,80.93,86.58,5.25,86.58,86.58,86.58,86.26,5.25,5.25,5.25,4.93,True,True,True,unknown,False,False,,,True,,66.95,,,retty.me | yahoo.co.jp,other_or_restaurant_controlled | review_or_reservation_platform,1,2,negative_quality_evidence_not_structurally_captured | chain_classification | local_audience | international_visibility | corporate_visibility
ChIJB1wPUgDtGGARLtc1lNMwcIw,Indian Restaurant New Mina,Indian curry,Suginami Initial,64.12,63.8,63.8,0.0,public-v3-local-discovery,51.81,0.0,0.0,0.0,0.0,51.81,51.81,51.81,72.27,79.0,71.19,72.27,100.0,76.45,68.27,4.47,68.27,68.27,68.27,69.5,4.47,4.47,4.47,5.7,False,True,True,unknown,False,False,,,True,,87.95,,,demae-can.com | lemon8-app.com | restaurantguru.jp | ubereats.com,other_or_restaurant_controlled,2,2,negative_quality_evidence_not_structurally_captured | chain_classification | local_audience
ChIJB3aTQACNGGARcn9lXfW3-rA,Taishū Sakaba Mejiro Katsuriki,居酒屋,Toshima Initial,73.71,71.59,71.59,0.0,public-v3-local-discovery,64.26,0.0,0.0,0.0,0.0,64.26,64.26,64.26,84.69,73.0,76.06,84.69,100.0,86.01,78.12,6.53,78.12,78.12,78.12,79.21,6.53,6.53,6.53,7.62,False,True,True,unknown,False,False,,,True,,72.95,,,,,0,0,quality_review_themes_unavailable | negative_quality_evidence_not_structurally_captured | chain_classification | specialist_restaurant
ChIJB4ty4CL1GGARXt_6OUnA3lo,Donnamondai Sangenjaya,居酒屋,Setagaya Initial,68.28,68.32,68.32,0.0,public-v3-local-discovery,65.8,0.0,0.0,0.0,0.0,65.8,65.8,65.8,63.53,76.5,70.84,63.53,80.56,76.66,70.39,2.07,70.39,70.39,70.39,70.93,2.07,2.07,2.07,2.61,False,True,True,small_group_distinct_concept,False,True,confirmed_address_identity_conflict,,False,critical:confirmed_address_identity_conflict,87.95,,,owst.jp | tabelog.com,other_or_restaurant_controlled | review_or_reservation_platform,1,1,negative_quality_evidence_not_structurally_captured | specialist_restaurant
ChIJB6NIhJWRGGARIbMYqHUWBU4,Appare,Yakitori restaurant,Adachi Initial,67.13,63.77,63.77,0.0,public-v3-local-discovery,53.67,0.0,0.0,0.0,0.0,53.67,53.67,53.67,76.39,73.0,68.86,85.18,100.0,86.8,73.63,9.86,73.63,73.63,73.63,75.28,9.86,9.86,9.86,11.51,False,True,True,unknown,False,False,,,True,,23.55,,,,,0,0,quality_review_themes_unavailable | negative_quality_evidence_not_structurally_captured | tourist_coverage | chain_classification | specialist_restaurant | local_audience | tourist_orientation | international_visibility | corporate_visibility
ChIJB6_I0F-NGGARrVr9Up4MQ9Q,SAKURA Khit,ミャンマー料理,Shinjuku Initial,76.43,74.32,74.32,0.0,public-v3-local-discovery,61.02,0.0,0.0,0.0,0.0,61.02,61.02,61.02,92.03,75.0,87.22,92.03,86.67,91.52,77.14,2.82,77.14,77.14,77.14,78.67,2.82,2.82,2.82,4.35,False,True,True,unknown,False,False,,,True,,85.15,,,badauk.com | demae-can.com | tabelog.com,other_or_restaurant_controlled | review_or_reservation_platform,3,3,negative_quality_evidence_not_structurally_captured | chain_classification
ChIJB7HGW4-OGGARfZnYhAbUtiE,Sushi Aki Takase,寿司,Taito Initial,76.15,76.21,76.21,0.0,public-v3-local-discovery,54.15,0.0,0.0,0.0,0.0,54.15,54.15,54.15,98.22,100.0,88.42,98.22,100.0,95.2,77.9,1.69,77.9,77.9,77.9,79.95,1.69,1.69,1.69,3.74,True,True,True,independent_single,False,False,,,True,,87.95,,,,review_or_reservation_platform,0,1,no_independently_corroborated_food_quality_theme | negative_quality_evidence_not_structurally_captured | local_audience
ChIJB9egl6mNGGARkyq7OUFAfrA,Zururi Yanaka Sohonten,Ramen restaurant,Taito,85.06,81.16,77.22,-3.94,public-v1,76.81,1.5,1.5,1.5,1.5,78.31,78.31,78.31,81.0,100.0,0.0,81.0,100.0,83.5,82.59,5.37,83.26,83.26,83.26,83.52,6.04,6.04,6.04,6.3,True,True,True,unknown,False,False,,,True,,88.35,food/execution praise +1.5: The ramen broths are flavorful yet generally easy to finish,,lavietaste.com | supleks.jp | tabelog.com,other_or_restaurant_controlled | review_or_reservation_platform,2,3,negative_quality_evidence_not_structurally_captured | chain_classification | local_audience | international_visibility | corporate_visibility
ChIJBSgoYQCJGGARSI3waEzmOIk,Edo Fukagawaya Toyosu Senkyaku Banrai,Japanese food and izakaya,Koto Initial,66.56,69.37,69.37,0.0,public-v3-local-discovery,60.75,0.0,0.0,0.0,0.0,60.75,60.75,60.75,83.17,79.0,70.81,83.17,100.0,75.85,73.78,4.41,73.78,73.78,73.78,74.53,4.41,4.41,4.41,5.16,False,True,True,unknown,False,False,,,True,,87.95,,,,,0,0,quality_review_themes_unavailable | negative_quality_evidence_not_structurally_captured | chain_classification | local_audience
ChIJBTCOj1WLGGAROPwZg9pZSLo,Sushi Akizuki,Sushi restaurant,Shibuya Initial,73.89,75.15,75.15,0.0,public-v3-local-discovery,72.94,1.5,1.5,1.5,1.5,74.44,74.44,74.44,56.98,100.0,75.1,56.98,100.0,75.1,75.14,-0.01,75.82,75.82,75.82,75.85,0.67,0.67,0.67,0.7,True,True,True,independent_single,False,False,,,True,,88.35,"food/execution praise +1.5: Traditional Edomae sushi with small, refined nigiri",,haraheri.net | hotpepper.jp | opentable.com | tabelog.com,other_or_restaurant_controlled | review_or_reservation_platform,2,3,negative_quality_evidence_not_structurally_captured
ChIJBTNbB2iNGGAR5TsUNovzUOg,Yakitori Taru wo Shiru,焼き鳥・居酒屋,Chiyoda Initial,74.19,75.9,75.9,0.0,public-v3-local-discovery,78.27,2.0,2.0,2.0,2.0,80.27,80.27,80.27,71.75,79.0,72.25,71.75,100.0,72.82,79.19,3.29,80.09,80.09,80.09,79.72,4.19,4.19,4.19,3.82,True,True,True,unknown,False,False,,,True,,82.35,specialist/craft evidence +2: Charcoal-grilled yakitori is a central part of the menu,,hotpepper.jp | tabelog.com,review_or_reservation_platform,2,3,negative_quality_evidence_not_structurally_captured | chain_classification
ChIJBTaUDyKLGGARcBz7bOqXJW8,Shibaura Sushi Wasabi,Sushi and seafood izakaya,Minato Initial,78.31,71.71,71.71,0.0,public-v3-local-discovery,64.44,0.0,0.0,0.0,0.0,64.44,64.44,64.44,76.41,82.5,75.5,76.41,82.5,75.5,71.71,0.0,71.71,71.71,71.71,72.26,0.0,0.0,0.0,0.55,False,True,True,small_group_distinct_concept,False,False,,,True,,81.95,,,tabelog.com | third-news.com,other_or_restaurant_controlled | review_or_reservation_platform,1,3,same_source_family_themes_excluded:1 | negative_quality_evidence_not_structurally_captured
ChIJBV4myl2JGGAR04FUgWr6uIU,Ichi,Izakaya,Chuo Initial,66.09,68.13,68.13,0.0,public-v3-local-discovery,50.87,0.0,0.0,0.0,0.0,50.87,50.87,50.87,79.76,94.0,76.68,79.76,100.0,79.65,69.77,1.64,69.77,69.77,69.77,71.21,1.64,1.64,1.64,3.08,False,True,True,independent_single,False,False,,,True,,75.55,,,,,0,0,quality_review_themes_unavailable | negative_quality_evidence_not_structurally_captured | specialist_restaurant
ChIJBWA-ZXqMGGARIf6dbyabSQc,Oden Kappo Inagaki,おでん・居酒屋,Chiyoda Initial,63.71,63.75,63.75,0.0,public-v3-local-discovery,42.36,0.0,0.0,0.0,0.0,42.36,42.36,42.36,65.94,100.0,79.17,65.94,100.0,79.17,63.75,0.0,63.75,63.75,63.75,65.59,0.0,0.0,0.0,1.84,False,True,True,independent_single,False,False,,,True,,87.95,,,blogspot.com | fc2.com | timeout.com,editorial_or_guide | other_or_restaurant_controlled,1,3,negative_quality_evidence_not_structurally_captured
ChIJBWOaQISLGGARRrx1VRY0OzY,Sumibi Yakitori Moriho,Yakitori restaurant,Minato Initial,72.18,75.99,75.99,0.0,public-v3-local-discovery,66.67,0.0,0.0,0.0,0.0,66.67,66.67,66.67,73.15,100.0,80.08,73.15,100.0,83.23,76.78,0.79,76.78,76.78,76.78,77.61,0.79,0.79,0.79,1.62,True,True,True,independent_single,False,False,,,True,,87.95,,,,review_or_reservation_platform,0,2,no_independently_corroborated_food_quality_theme | same_source_family_themes_excluded:2 | negative_quality_evidence_not_structurally_captured
ChIJBXTw7FyLGGARmIS97lyYry0,Shirokane Jū 5+5,居酒屋,Minato Initial,74.01,66.95,66.95,0.0,public-v3-local-discovery,53.35,0.0,0.0,0.0,0.0,53.35,53.35,53.35,88.26,73.0,75.01,88.26,100.0,90.66,74.91,7.96,74.91,74.91,74.91,76.78,7.96,7.96,7.96,9.83,False,True,True,unknown,False,False,,,True,,81.95,,,,,0,0,quality_review_themes_unavailable | negative_quality_evidence_not_structurally_captured | chain_classification | specialist_restaurant | local_audience | international_visibility
ChIJBZZPagCNGGARCU7ycOpVCJY,Restaurant Kiro;,Contemporary Italian restaurant,Chiyoda Initial,70.1,70.04,70.04,0.0,public-v3-local-discovery,69.31,1.5,1.5,1.5,1.5,70.81,70.81,70.81,57.88,82.5,71.16,57.88,82.5,71.16,70.04,0.0,70.71,70.71,70.71,70.73,0.67,0.67,0.67,0.69,False,True,True,small_group_distinct_concept,False,False,,,True,,88.35,food/execution praise +1.5: Seasonal ingredients and carefully composed courses,,kiro0908.com | tablecheck.com,other_or_restaurant_controlled | review_or_reservation_platform,1,3,negative_quality_evidence_not_structurally_captured
ChIJB_CMbt2LGGARAh-JGOtc__o,Kentoku Bessou,soba and izakaya,Minato Initial,69.42,64.75,64.75,0.0,public-v3-local-discovery,43.91,0.0,0.0,0.0,0.0,43.91,43.91,43.91,90.2,71.0,83.26,90.2,73.33,90.51,66.92,2.17,66.92,66.92,66.92,69.25,2.17,2.17,2.17,4.5,False,True,True,unknown,False,False,,,True,,88.35,,,,,0,0,quality_review_themes_unavailable | negative_quality_evidence_not_structurally_captured | chain_classification
ChIJBbAFRyWQGGARF8rGbb_QWRM,Kabuki Sushi,Sushi restaurant,Adachi Initial,74.55,76.26,76.26,0.0,public-v3-local-discovery,61.72,0.0,0.0,0.0,0.0,61.72,61.72,61.72,89.95,94.0,83.57,89.95,100.0,90.8,78.97,2.71,78.97,78.97,78.97,80.42,2.71,2.71,2.71,4.16,True,True,True,independent_single,False,False,,,True,,88.35,,,,,0,0,quality_review_themes_unavailable | negative_quality_evidence_not_structurally_captured | specialist_restaurant
ChIJBdqhQm-LGGARRDcig3BJbD4,Shunju,Chinese restaurant,Shibuya Initial,66.68,74.04,74.04,0.0,public-v3-local-discovery,59.99,0.0,0.0,0.0,0.0,59.99,59.99,59.99,79.43,100.0,80.5,79.43,100.0,83.64,74.82,0.78,74.82,74.82,74.82,76.0,0.78,0.78,0.78,1.96,False,True,True,independent_single,False,False,,,True,,88.35,,,,,0,0,quality_review_themes_unavailable | negative_quality_evidence_not_structurally_captured
ChIJBeR5QADzGGARhBYBUO43bAo,Kuikiri Ryori Yuen,Japanese cuisine,Suginami Initial,71.85,80.8,80.8,0.0,public-v3-local-discovery,82.41,1.5,1.5,1.5,1.5,83.91,83.91,83.91,64.85,100.0,75.95,64.85,100.0,79.11,81.59,0.79,82.26,82.26,82.26,82.02,1.46,1.46,1.46,1.22,True,True,True,independent_single,False,False,,,True,,88.35,food/execution praise +1.5: Careful presentation and varied ingredients and cooking methods,,hotpepper.jp | kuikiri-yuen.com | tabelog.com,other_or_restaurant_controlled | review_or_reservation_platform,3,4,negative_quality_evidence_not_structurally_captured
ChIJBew22OmOGGARiyX5wpNZgOc,Soba Dokoro Maruhana Souhonten,soba restaurant,Taito Initial,63.77,60.41,60.41,0.0,public-v3-local-discovery,45.34,0.0,0.0,0.0,0.0,45.34,45.34,45.34,65.09,79.0,73.56,65.09,100.0,74.46,63.78,3.37,63.78,63.78,63.78,65.24,3.37,3.37,3.37,4.83,False,True,True,unknown,False,False,,,True,,87.95,,,,,0,0,quality_review_themes_unavailable | negative_quality_evidence_not_structurally_captured | chain_classification
ChIJBfhNkWf0GGARhXHu8E5LbVw,Shiraishi,Izakaya,Setagaya Initial,73.9,76.65,76.65,0.0,public-v3-local-discovery,58.3,0.0,0.0,0.0,0.0,58.3,58.3,58.3,94.08,94.0,88.83,94.08,100.0,93.14,78.63,1.98,78.63,78.63,78.63,80.37,1.98,1.98,1.98,3.72,True,True,True,independent_single,False,False,,,True,,81.95,,,,,0,0,quality_review_themes_unavailable | negative_quality_evidence_not_structurally_captured | specialist_restaurant
ChIJC07yjElhGGARclL4gXoRruQ,Wasou Hikichi,Japanese cuisine / izakaya,Ota Initial,67.72,76.35,76.35,0.0,public-v3-local-discovery,71.65,1.5,1.5,1.5,1.5,73.15,73.15,73.15,68.31,100.0,75.44,68.31,100.0,78.59,77.14,0.79,77.81,77.81,77.81,78.08,1.46,1.46,1.46,1.73,True,True,True,independent_single,False,False,,,True,,87.95,food/execution praise +1.5: Seasonal Japanese dishes and fresh seafood,,foodplace.jp | hateblo.jp | lavietaste.com,other_or_restaurant_controlled | review_or_reservation_platform,2,4,negative_quality_evidence_not_structurally_captured
ChIJC0iYO5OOGGARMmbzmqKbyfU,Uozen,Japanese fish restaurant,Taito Initial,67.64,70.99,70.99,0.0,public-v3-local-discovery,59.73,0.0,0.0,0.0,0.0,59.73,59.73,59.73,65.27,100.0,77.3,65.27,100.0,76.4,70.77,-0.22,70.77,70.77,70.77,71.6,-0.22,-0.22,-0.22,0.61,False,True,True,independent_single,False,False,,,True,,86.35,,,,,0,0,quality_review_themes_unavailable | negative_quality_evidence_not_structurally_captured
ChIJC14QQQSJGGARmsqc5OAfYKg,WA-roots,鍼灸マッサージ治療院・ハーバルカフェ,Ogibashi Initial,72.31,49.99,49.99,0.0,public-v3-local-discovery,76.67,0.0,0.0,0.0,0.0,76.67,76.67,76.67,64.28,94.0,72.71,64.28,100.0,75.23,49.99,0.0,49.99,49.99,49.99,49.99,0.0,0.0,0.0,0.0,False,False,True,independent_single,False,False,,,False,product_ineligible,88.35,,,,,0,0,quality_review_themes_unavailable | negative_quality_evidence_not_structurally_captured | specialist_restaurant
ChIJC6dpIFWNGGAR3jk_Wx3V8ns,Fukufuku,お好み焼き・もんじゃ焼き,Toshima Initial,67.17,71.89,71.89,0.0,public-v3-local-discovery,53.44,0.0,0.0,0.0,0.0,53.44,53.44,53.44,81.44,100.0,82.5,81.44,100.0,85.65,72.68,0.79,72.68,72.68,72.68,74.29,0.79,0.79,0.79,2.4,False,True,True,independent_single,False,False,,,True,,75.15,,,enjoytokyo.jp | lavietaste.com,government_or_local_official | review_or_reservation_platform,1,1,negative_quality_evidence_not_structurally_captured
ChIJC7caDQCPGGARaJIuX7NbsrI,Sushi Sendan,Sushi,Taito Initial,72.35,77.9,77.9,0.0,public-v3-local-discovery,69.03,0.0,0.0,0.0,0.0,69.03,69.03,69.03,79.06,100.0,79.91,79.06,100.0,85.19,79.22,1.32,79.22,79.22,79.22,80.03,1.32,1.32,1.32,2.13,True,True,True,independent_single,False,False,,,True,,88.35,,,,,0,0,quality_review_themes_unavailable | negative_quality_evidence_not_structurally_captured | local_audience
ChIJC80tH5iLGGARbRbeFNTZEH4,Aoyagi,Kaiseki / Japanese cuisine,Minato Initial,66.62,66.34,66.34,0.0,public-v3-local-discovery,63.48,0.0,0.0,0.0,0.0,63.48,63.48,63.48,60.13,74.5,70.31,60.13,74.5,70.31,66.34,0.0,66.34,66.34,66.34,66.68,0.0,0.0,0.0,0.34,False,True,True,small_group_distinct_concept,False,False,,,True,,73.35,,,,,0,0,quality_review_themes_unavailable | negative_quality_evidence_not_structurally_captured
ChIJC9RcJACNGGARoGvSyc5MCE4,Matsusho,Ramen restaurant,Toshima Initial,73.29,72.46,72.46,0.0,public-v3-local-discovery,48.25,0.0,0.0,0.0,0.0,48.25,48.25,48.25,93.4,94.0,90.57,93.4,100.0,95.08,74.49,2.03,74.49,74.49,74.49,76.83,2.03,2.03,2.03,4.37,False,True,True,independent_single,False,False,,,True,,81.95,,,hotpepper.jp | s-nerima.jp | tabelog.com,other_or_restaurant_controlled | review_or_reservation_platform,2,2,negative_quality_evidence_not_structurally_captured | specialist_restaurant
ChIJCTUNGwDzGGARinQrBA7UW1g,Musubiya Mama Kitchen Amayadori,居酒屋・食堂,Shinjuku Initial,76.2,81.25,81.25,0.0,public-v3-local-discovery,77.64,0.0,0.0,0.0,0.0,77.64,77.64,77.64,82.67,94.0,79.26,82.67,100.0,86.01,83.84,2.59,83.84,83.84,83.84,84.26,2.59,2.59,2.59,3.01,True,True,True,independent_single,False,False,,,True,,66.95,,,,,0,0,quality_review_themes_unavailable | negative_quality_evidence_not_structurally_captured | specialist_restaurant
ChIJCUOFZgCNGGAREo-X4HDNkPI,Restaurant UMITO Akasaka,Japanese restaurant,Shinjuku Initial,71.94,72.97,72.97,0.0,public-v3-local-discovery,68.65,0.0,0.0,0.0,0.0,68.65,68.65,68.65,77.09,82.5,72.56,77.09,82.5,76.54,73.97,1.0,73.97,73.97,73.97,74.36,1.0,1.0,1.0,1.39,False,True,True,small_group_distinct_concept,False,False,,,True,,88.35,,,,,0,0,quality_review_themes_unavailable | negative_quality_evidence_not_structurally_captured | local_audience
ChIJCUPxU26NGGARFg4BUCKJ4fw,Horumon-yaki Yanagi,ホルモン焼肉店,Toshima Initial,72.61,78.35,78.35,0.0,public-v3-local-discovery,66.51,0.0,0.0,0.0,0.0,66.51,66.51,66.51,84.49,100.0,82.99,84.49,100.0,86.14,79.14,0.79,79.14,79.14,79.14,80.12,0.79,0.79,0.79,1.77,True,True,True,independent_single,False,False,,,True,,81.95,,,,other_or_restaurant_controlled,0,2,no_independently_corroborated_food_quality_theme | negative_quality_evidence_not_structurally_captured
ChIJCVgBOCTvGGARk8ZfDLqgjCU,BBQ DAYS Kichijoji Parco,Barbecue restaurant,Suginami Initial,60.15,70.89,70.89,0.0,public-v3-local-discovery,85.85,0.0,0.0,0.0,0.0,85.85,85.85,85.85,47.31,79.0,53.23,47.31,100.0,48.81,72.93,2.04,72.93,72.93,72.93,71.08,2.04,2.04,2.04,0.19,False,True,True,unknown,False,False,,,True,,88.35,,,,,0,0,quality_review_themes_unavailable | negative_quality_evidence_not_structurally_captured | chain_classification | local_audience
ChIJCYz-QD_yGGARwMThLiUnPzo,Fujiyoshi,Tempura,Suginami Initial,61.75,71.06,71.06,0.0,public-v3-local-discovery,53.02,0.0,0.0,0.0,0.0,53.02,53.02,53.02,80.31,100.0,80.62,80.31,100.0,83.77,71.85,0.79,71.85,71.85,71.85,73.39,0.79,0.79,0.79,2.33,False,True,True,independent_single,False,False,,,True,,88.35,,,,,0,0,quality_review_themes_unavailable | negative_quality_evidence_not_structurally_captured
ChIJCZQjUACLGGARG6RAlgfCqeA,Kappo Tsukiji Kiyama,Japanese kappo restaurant,Chuo Initial,75.04,76.52,76.52,0.0,public-v3-local-discovery,73.12,0.0,0.0,0.0,0.0,73.12,73.12,73.12,62.31,100.0,77.08,62.31,100.0,77.08,76.52,0.0,76.52,76.52,76.52,76.72,0.0,0.0,0.0,0.2,True,True,True,independent_single,False,False,,,True,,82.35,,,kiyama.tokyo | tabelog.com,other_or_restaurant_controlled | review_or_reservation_platform,2,3,negative_quality_evidence_not_structurally_captured
ChIJCaVV2pGOGGARn97NoMshV20,Otsuka Tempura Ten,天ぷら,Taito Initial,80.15,82.55,83.94,1.39,public-v2-chain-classification,80.42,0.0,0.0,0.0,0.0,80.42,80.42,80.42,86.16,100.0,0.0,86.16,100.0,86.21,85.67,1.73,85.67,85.67,85.67,85.95,1.73,1.73,1.73,2.01,True,True,True,independent_single,False,False,,,True,,81.95,,,lavietaste.com | limo.media | tabelog.com,other_or_restaurant_controlled | review_or_reservation_platform,2,3,negative_quality_evidence_not_structurally_captured | local_audience | international_visibility | corporate_visibility
ChIJCau-X3-OGGARTHB0Dy2S4-E,Torihachi,Izakaya,Taito Initial,72.18,76.68,76.68,0.0,public-v3-local-discovery,66.95,0.0,0.0,0.0,0.0,66.95,66.95,66.95,78.72,100.0,78.98,78.72,100.0,84.09,77.96,1.28,77.96,77.96,77.96,78.81,1.28,1.28,1.28,2.13,True,True,True,independent_single,False,False,,,True,,81.55,,,,,0,0,quality_review_themes_unavailable | negative_quality_evidence_not_structurally_captured | local_audience
ChIJCcpK2n-OGGARvw01qvpgJzg,Sobagiri En,そば,Taito Initial,77.35,77.32,77.32,0.0,public-v3-local-discovery,59.67,0.0,0.0,0.0,0.0,59.67,59.67,59.67,85.28,100.0,90.71,85.28,100.0,90.71,77.32,0.0,77.32,77.32,77.32,78.87,0.0,0.0,0.0,1.55,True,True,True,independent_single,False,False,,,True,,87.15,,,,,0,0,quality_review_themes_unavailable | negative_quality_evidence_not_structurally_captured
ChIJCe_LfgKNGGARCH5oaGiNxlI,¡ÁNIMO! Waseda,スペインバル,Shinjuku Initial,73.4,78.95,78.95,0.0,public-v3-local-discovery,73.89,0.0,0.0,0.0,0.0,73.89,73.89,73.89,77.03,100.0,76.56,77.03,100.0,81.24,80.11,1.16,80.11,80.11,80.11,80.48,1.16,1.16,1.16,1.53,True,True,True,independent_single,False,False,,,True,,76.35,,,,,0,0,quality_review_themes_unavailable | negative_quality_evidence_not_structurally_captured | local_audience
ChIJCfYMkC7zGGARmCZ9n6rlIXE,Horumon-yaki Kuunomu,ホルモン焼肉,Shibuya Initial,75.22,76.89,76.89,0.0,public-v3-local-discovery,60.0,0.0,0.0,0.0,0.0,60.0,60.0,60.0,82.78,100.0,89.89,82.78,100.0,89.89,76.89,0.0,76.89,76.89,76.89,78.38,0.0,0.0,0.0,1.49,True,True,True,independent_single,False,False,,,True,,87.95,,,,,0,0,quality_review_themes_unavailable | negative_quality_evidence_not_structurally_captured
ChIJCw4mqf6LGGARScFZAbXLQ2E,Tokyo Curry Takanawadai,Japanese curry restaurant,Minato Initial,67.0,63.2,63.2,0.0,public-v3-local-discovery,45.21,1.5,1.5,1.5,1.5,46.71,46.71,46.71,81.78,79.0,74.94,81.78,100.0,82.22,68.17,4.97,68.84,68.84,68.84,70.62,5.64,5.64,5.64,7.42,False,True,True,unknown,False,False,,,True,,81.15,"food/execution praise +1.5: Curry is described as European-style with a rich, approachable flavor profile",,tabelog.com | tsuku2.jp,other_or_restaurant_controlled | review_or_reservation_platform,2,3,negative_quality_evidence_not_structurally_captured | chain_classification | local_audience
ChIJCwOO8aiJGGARewx9jQJHk0s,HOWL DELI Ariake Urban Sports Park,Cafe,Koto Initial,68.08,72.64,72.64,0.0,public-v3-local-discovery,63.13,0.0,0.0,0.0,0.0,63.13,63.13,63.13,74.98,94.0,75.54,74.98,100.0,78.38,74.25,1.61,74.25,74.25,74.25,75.01,1.61,1.61,1.61,2.37,False,True,True,independent_single,False,False,,,True,,88.35,,,,blog_platform | other_or_restaurant_controlled,0,1,no_independently_corroborated_food_quality_theme | negative_quality_evidence_not_structurally_captured | specialist_restaurant
ChIJCxJgFgCJGGAR5vUY-F-2U98,"Cafe Mountain, Ocean & Sun atré Kameido",Cafe,Koto Initial,61.46,64.9,54.05,-10.85,public-v3-local-discovery,66.54,0.0,0.0,0.0,0.0,66.54,66.54,66.54,66.15,69.0,58.75,66.15,17.78,43.0,53.28,-0.77,53.28,53.28,53.28,52.11,-0.77,-0.77,-0.77,-1.94,False,True,True,large_chain_or_franchise,True,False,,,False,chain_excluded,82.35,,,,,0,0,quality_review_themes_unavailable | negative_quality_evidence_not_structurally_captured | specialist_restaurant | local_audience
ChIJCxfTHACLGGARL2vjsOILbrc,Kokoromai,Japanese restaurant,Shibuya Initial,69.97,74.06,74.06,0.0,public-v3-local-discovery,65.7,0.0,0.0,0.0,0.0,65.7,65.7,65.7,68.97,100.0,76.58,68.97,100.0,79.73,74.84,0.78,74.84,74.84,74.84,75.54,0.78,0.78,0.78,1.48,False,True,True,independent_single,False,False,,,True,,88.35,,,goetheweb.jp | kokoromai.jp | tabelog.com,other_or_restaurant_controlled | review_or_reservation_platform,1,1,negative_quality_evidence_not_structurally_captured
ChIJD-GoLPSNGGARMeNPIenlv5g,Uo to Sake Bekku Ikebukuro Nishiguchi,海鮮居酒屋,Toshima Initial,72.12,72.17,72.17,0.0,public-v3-local-discovery,65.36,0.0,0.0,0.0,0.0,65.36,65.36,65.36,80.28,82.5,73.37,80.28,82.5,81.2,74.13,1.96,74.13,74.13,74.13,74.92,1.96,1.96,1.96,2.75,False,True,True,small_group_distinct_concept,False,False,,,True,,87.95,,,,,0,0,quality_review_themes_unavailable | negative_quality_evidence_not_structurally_captured | local_audience
ChIJD-dXMWaLGGARvZH3hU8C1Y8,Imajin,Oden restaurant,Shibuya Initial,65.57,70.93,70.93,0.0,public-v3-local-discovery,43.07,0.0,0.0,0.0,0.0,43.07,43.07,43.07,91.94,100.0,91.04,91.94,100.0,91.04,70.93,0.0,70.93,70.93,70.93,73.33,0.0,0.0,0.0,2.4,False,True,True,independent_single,False,False,,,True,,87.55,,,bs4.jp | gourmetpress.net | itmedia.co.jp,other_or_restaurant_controlled,2,3,negative_quality_evidence_not_structurally_captured
ChIJD3NIqm3zGGARdVccSfpu_xE,Nakanoen,Yakiniku,Suginami Initial,72.57,77.3,77.3,0.0,public-v3-local-discovery,65.87,0.0,0.0,0.0,0.0,65.87,65.87,65.87,80.5,100.0,82.32,80.5,100.0,85.47,78.08,0.78,78.08,78.08,78.08,79.06,0.78,0.78,0.78,1.76,True,True,True,independent_single,False,False,,,True,,72.95,,,ekiten.jp | horoyoi-sanpo.com | wanderlog.com,other_or_restaurant_controlled | review_or_reservation_platform,2,3,negative_quality_evidence_not_structurally_captured
ChIJD3clm1WKGGARTPtYDLsVn0Y,Kaiseki Fuji,Kaiseki / Japanese cuisine,Minato Initial,70.98,78.17,78.17,0.0,public-v3-local-discovery,71.03,1.5,1.5,1.5,1.5,72.53,72.53,72.53,73.94,100.0,80.47,73.94,100.0,83.62,78.96,0.79,79.63,79.63,79.63,80.19,1.46,1.46,1.46,2.02,True,True,True,independent_single,False,False,,,True,,87.95,food/execution praise +1.5: Seasonal kaiseki ingredients and carefully prepared multi-course dishes,,retty.me | tabelog.com | tripadvisor.jp,other_or_restaurant_controlled | review_or_reservation_platform,2,3,negative_quality_evidence_not_structurally_captured
ChIJD50T9cGRGGARSTmSme6AGSk,Hitomoj​​iya,Izakaya,Adachi Initial,71.51,70.93,70.93,0.0,public-v3-local-discovery,67.67,0.0,0.0,0.0,0.0,67.67,67.67,67.67,71.65,79.0,71.52,71.65,100.0,76.96,75.44,4.51,75.44,75.44,75.44,75.9,4.51,4.51,4.51,4.97,False,True,True,unknown,False,False,,,True,,88.35,,,,,0,0,quality_review_themes_unavailable | negative_quality_evidence_not_structurally_captured | chain_classification | local_audience
ChIJD8hFaACPGGARbNXcI5erRIU,Arcobaleno,Italian restaurant,Adachi Initial,68.15,71.81,71.81,0.0,public-v3-local-discovery,58.54,0.0,0.0,0.0,0.0,58.54,58.54,58.54,78.66,94.0,78.28,78.66,100.0,84.93,74.37,2.56,74.37,74.37,74.37,75.69,2.56,2.56,2.56,3.88,False,True,True,independent_single,False,False,,,True,,87.95,,,,,0,0,quality_review_themes_unavailable | negative_quality_evidence_not_structurally_captured | specialist_restaurant
ChIJD9Ijd9GNGGARtBFdqDyzJVM,Yanaka Yoshikawa,Okonomiyaki restaurant,Taito Initial,71.83,80.7,80.7,0.0,public-v3-local-discovery,78.41,0.0,0.0,0.0,0.0,78.41,78.41,78.41,74.13,100.0,77.18,74.13,100.0,80.33,81.49,0.79,81.49,81.49,81.49,81.58,0.79,0.79,0.79,0.88,True,True,True,independent_single,False,False,,,True,,76.35,,,,,0,0,quality_review_themes_unavailable | negative_quality_evidence_not_structurally_captured
ChIJDTCX-JSNGGARW-B6XNugJNI,Kure Reimen Gomon Jinbocho,Ramen restaurant,Chiyoda Initial,63.45,61.36,61.36,0.0,public-v3-local-discovery,43.93,0.0,0.0,0.0,0.0,43.93,43.93,43.93,77.95,82.5,70.1,77.95,82.5,77.35,63.17,1.81,63.17,63.17,63.17,64.84,1.81,1.81,1.81,3.48,False,True,True,small_group_distinct_concept,False,False,,,True,,82.35,,,kurereimen.com | tabelog.com,other_or_restaurant_controlled | review_or_reservation_platform,1,2,negative_quality_evidence_not_structurally_captured | local_audience
ChIJDTXvsRuOGGARacqKK-dtUGY,CAFE DI ESPRESSO Coffee-Kan Izumi Memorial Hospital,Cafe,Adachi Initial,62.3,54.99,54.99,0.0,public-v3-local-discovery,56.36,1.5,1.5,1.5,1.5,57.86,57.86,57.86,78.04,34.0,57.01,78.04,33.33,59.35,54.99,0.0,54.99,54.99,54.99,54.99,0.0,0.0,0.0,0.0,False,True,True,small_same_brand_chain,True,False,,,False,chain_excluded,88.35,food/execution praise +1.5: Coffee is described as rich and strongly flavored,,ekiten.jp | yahoo.co.jp,other_or_restaurant_controlled | review_or_reservation_platform,1,2,negative_quality_evidence_not_structurally_captured | specialist_restaurant | local_audience
ChIJDU5Y7LXvGGARSNkeI0Bc98w,Sushiya,寿司,Suginami Initial,78.98,78.73,78.73,0.0,public-v3-local-discovery,68.23,1.5,1.5,1.5,1.5,69.73,69.73,69.73,82.3,100.0,82.71,82.3,100.0,85.86,79.51,0.78,80.19,80.19,80.19,81.0,1.46,1.46,1.46,2.27,True,True,True,independent_single,False,False,,,True,,88.35,food/execution praise +1.5: Seasonal Edomae-style sushi and fresh fish are central to the experience,,foodre.jp | hotpepper.jp | mu-navi.com,other_or_restaurant_controlled | review_or_reservation_platform,2,2,negative_quality_evidence_not_structurally_captured
ChIJDU7Wu96PGGARLIyzp_yHKzg,Inoubliable,French restaurant,Taito Initial,71.81,79.6,79.6,0.0,public-v3-local-discovery,80.97,0.0,0.0,0.0,0.0,80.97,80.97,80.97,67.22,100.0,72.33,67.22,100.0,76.28,80.59,0.99,80.59,80.59,80.59,80.35,0.99,0.99,0.99,0.75,True,True,True,independent_single,False,False,,,True,,75.95,,,inoubliable.tokyo | tabelog.com,other_or_restaurant_controlled | review_or_reservation_platform,2,3,negative_quality_evidence_not_structurally_captured | local_audience
ChIJDXXepRyPGGARsLOuoaIskkA,Veganic Monkey Magic,Vegan restaurant,Taito,83.92,78.49,78.49,0.0,public-v3-local-discovery,91.96,0.0,0.0,0.0,0.0,91.96,91.96,91.96,62.4,79.0,63.58,62.4,100.0,64.17,81.78,3.29,81.78,81.78,81.78,80.39,3.29,3.29,3.29,1.9,True,True,True,unknown,False,False,,,True,,87.15,,,happy-quinoa.com | matsumura-inn-asakusa.com | note.com | tabelog.com,blog_platform | other_or_restaurant_controlled | review_or_reservation_platform,2,2,negative_quality_evidence_not_structurally_captured | chain_classification | local_audience | international_visibility | corporate_visibility
ChIJD_rK0FbtGGAR3emz2x5VDy0,Yakitori Kushigen,焼き鳥・居酒屋,Toshima Initial,73.87,71.51,71.51,0.0,public-v3-local-discovery,59.19,2.0,2.0,2.0,2.0,61.19,61.19,61.19,84.78,79.0,81.24,84.78,100.0,87.99,76.35,4.84,77.25,77.25,77.25,78.59,5.74,5.74,5.74,7.08,False,True,True,unknown,False,False,,,True,,87.95,specialist/craft evidence +2: Broad selection of charcoal-grilled chicken and vegetable skewers,,hotpepper.jp | suntory.co.jp | tabelog.com,other_or_restaurant_controlled | review_or_reservation_platform,1,3,negative_quality_evidence_not_structurally_captured | chain_classification
ChIJDa6im2jzGGAR8BrQCp3voj8,Bar Bodeguita Cuban Salsa Spot,Cuban restaurant and Latin music bar,Setagaya Initial,60.39,70.6,70.6,0.0,public-v3-local-discovery,74.59,0.0,0.0,0.0,0.0,74.59,74.59,74.59,48.48,100.0,59.07,48.48,100.0,59.07,70.61,0.01,70.61,70.61,70.61,69.83,0.01,0.01,0.01,-0.77,False,True,True,independent_single,False,False,,,True,,86.35,,,,blog_platform | other_or_restaurant_controlled,0,2,no_independently_corroborated_food_quality_theme | negative_quality_evidence_not_structurally_captured
ChIJDchFymiJGGARNXlketQYilM,Yakitori Oonoya Kazuchan,Yakitori,Koto Initial,60.9,71.0,71.0,0.0,public-v3-local-discovery,72.09,0.0,0.0,0.0,0.0,72.09,72.09,72.09,47.23,100.0,65.92,47.23,100.0,65.02,70.78,-0.22,70.78,70.78,70.78,70.43,-0.22,-0.22,-0.22,-0.57,False,True,True,independent_single,False,False,,,True,,88.35,,,,,0,0,quality_review_themes_unavailable | negative_quality_evidence_not_structurally_captured
ChIJDdZQ8KCLGGARR_O6YT7dugo,Moelleuse,French restaurant,Minato Initial,74.87,77.34,77.34,0.0,public-v3-local-discovery,82.3,1.5,1.5,1.5,1.5,83.8,83.8,83.8,67.03,79.0,73.6,67.03,100.0,74.5,80.71,3.37,81.39,81.39,81.39,80.92,4.05,4.05,4.05,3.58,True,True,True,unknown,False,False,,,True,,88.35,food/execution praise +1.5: French wine selection is a notable part of the experience,,moelleuse.com | tabelog.com,other_or_restaurant_controlled | review_or_reservation_platform,2,3,negative_quality_evidence_not_structurally_captured | chain_classification
ChIJDeLdMJfyGGARO0GvuoxoxeI,Chanko Rikishi Futago Ryu,ちゃんこ鍋,Suginami Initial,77.26,79.31,79.31,0.0,public-v3-local-discovery,64.58,0.0,0.0,0.0,0.0,64.58,64.58,64.58,93.02,100.0,85.17,93.02,100.0,91.37,80.86,1.55,80.86,80.86,80.86,82.2,1.55,1.55,1.55,2.89,True,True,True,independent_single,False,False,,,True,,87.95,,,j-apix.co.jp | retty.me | tabelog.com,other_or_restaurant_controlled | review_or_reservation_platform,1,4,negative_quality_evidence_not_structurally_captured | local_audience
ChIJDw6nwsSIGGARJVnFtMt8Hn4,Washo Narimatsu,Izakaya,Koto Initial,64.86,67.8,67.8,0.0,public-v3-local-discovery,45.45,0.0,0.0,0.0,0.0,45.45,45.45,45.45,80.39,94.0,84.77,80.39,100.0,88.63,69.67,1.87,69.67,69.67,69.67,71.83,1.87,1.87,1.87,4.03,False,True,True,independent_single,False,False,,,True,,81.95,,,,,0,0,quality_review_themes_unavailable | negative_quality_evidence_not_structurally_captured | specialist_restaurant
ChIJDzmRm2j0GGARjPNOouLYF-4,Izakaya Hide,Izakaya,Setagaya Initial,80.54,75.65,76.31,0.66,public-v2-chain-classification,74.87,0.0,0.0,0.0,0.0,74.87,74.87,74.87,88.14,73.0,0.0,88.14,100.0,88.9,84.14,7.83,84.14,84.14,84.14,84.84,7.83,7.83,7.83,8.53,True,True,True,unknown,False,False,,,True,,72.15,,,,,0,0,quality_review_themes_unavailable | negative_quality_evidence_not_structurally_captured | chain_classification | specialist_restaurant | local_audience | international_visibility | corporate_visibility
ChIJE-xSVABhGGARnK_cAkpTLQ0,New Malika Asian Restaurant & Dining Bar,インド・ネパール料理,Ota Initial,78.36,76.41,76.41,0.0,public-v3-local-discovery,68.97,0.0,0.0,0.0,0.0,68.97,68.97,68.97,93.62,79.0,77.94,93.62,100.0,83.86,81.04,4.63,81.04,81.04,81.04,81.79,4.63,4.63,4.63,5.38,True,True,True,unknown,False,False,,,True,,57.95,,,,,0,0,quality_review_themes_unavailable | negative_quality_evidence_not_structurally_captured | chain_classification
ChIJE4x0F0ORGGARYOCFeVarwKg,Izakaya Emon,居酒屋,Adachi Initial,69.0,74.4,74.4,0.0,public-v3-local-discovery,60.01,0.0,0.0,0.0,0.0,60.01,60.01,60.01,86.92,94.0,81.01,86.92,100.0,87.96,77.03,2.63,77.03,77.03,77.03,78.43,2.63,2.63,2.63,4.03,False,True,True,independent_single,False,False,,,True,,75.95,,,,review_or_reservation_platform,0,3,no_independently_corroborated_food_quality_theme | same_source_family_themes_excluded:3 | negative_quality_evidence_not_structurally_captured | specialist_restaurant
ChIJE5TbtCGPGGARE6S60nU9JHI,Garlic Carinderia × twomoons,にんにく料理,Adachi Initial,78.82,81.48,81.48,0.0,public-v3-local-discovery,79.07,0.0,0.0,0.0,0.0,79.07,79.07,79.07,76.01,100.0,78.0,76.01,100.0,82.94,82.72,1.24,82.72,82.72,82.72,82.91,1.24,1.24,1.24,1.43,True,True,True,independent_single,False,False,,,True,,81.95,,,,review_or_reservation_platform,0,2,no_independently_corroborated_food_quality_theme | negative_quality_evidence_not_structurally_captured | local_audience
ChIJE6VxzGeLGGARd5ddKy-XLyY,Osteria Splendido,Italian restaurant,Shibuya Initial,79.72,77.6,77.6,0.0,public-v3-local-discovery,66.35,0.0,0.0,0.0,0.0,66.35,66.35,66.35,96.8,82.5,83.37,96.8,82.5,86.52,78.38,0.78,78.38,78.38,78.38,79.39,0.78,0.78,0.78,1.79,True,True,True,small_group_distinct_concept,False,False,,,True,,72.95,,,,,0,0,quality_review_themes_unavailable | negative_quality_evidence_not_structurally_captured
ChIJE7MKAxuLGGARZiA_sF3iYHU,Iwaiya,屋形船,Minato Initial,74.72,72.2,72.2,0.0,public-v3-local-discovery,74.77,0.0,0.0,0.0,0.0,74.77,74.77,74.77,70.62,76.5,65.95,70.62,80.56,67.72,73.25,1.05,73.25,73.25,73.25,72.9,1.05,1.05,1.05,0.7,False,True,True,small_group_distinct_concept,False,False,,,True,,87.95,,,,,0,0,quality_review_themes_unavailable | negative_quality_evidence_not_structurally_captured | specialist_restaurant
ChIJE8JffFyLGGARu0oj3f3eM-s,Sushi Yajima,sushi restaurant,Shibuya Initial,68.3,75.76,75.76,0.0,public-v3-local-discovery,78.82,0.0,0.0,0.0,0.0,78.82,78.82,78.82,59.19,100.0,65.64,59.19,100.0,65.64,75.76,0.0,75.76,75.76,75.76,75.1,0.0,0.0,0.0,-0.66,True,True,True,independent_single,False,False,,,True,,87.95,,,menufans.com | tabelog.com | wanderlog.com,other_or_restaurant_controlled | review_or_reservation_platform,2,3,negative_quality_evidence_not_structurally_captured
ChIJERYhiaiLGGARJRj7Pyfc-ao,Meuga,ふぐ料理,Minato Initial,78.41,77.35,77.35,0.0,public-v3-local-discovery,69.11,0.0,0.0,0.0,0.0,69.11,69.11,69.11,71.59,100.0,82.05,71.59,100.0,82.05,77.35,0.0,77.35,77.35,77.35,78.0,0.0,0.0,0.0,0.65,True,True,True,independent_single,False,False,,,True,,87.15,,,officialblog.jp | zendine.co,other_or_restaurant_controlled,2,3,negative_quality_evidence_not_structurally_captured
ChIJERj_2ZiNGGARuka9TzDq9nk,MeguRu -KOJIMACHI-,Wine bar and French restaurant,Chiyoda Initial,72.7,76.68,76.68,0.0,public-v3-local-discovery,69.31,0.0,0.0,0.0,0.0,69.31,69.31,69.31,73.36,100.0,77.93,73.36,100.0,82.86,77.91,1.23,77.91,77.91,77.91,78.59,1.23,1.23,1.23,1.91,True,True,True,independent_single,False,False,,,True,,82.35,,,,,0,0,quality_review_themes_unavailable | negative_quality_evidence_not_structurally_captured | local_audience
ChIJERydkz1hGGAR0l07NJWlHSo,Okinawa Cuisine Sakura,Okinawan regional restaurant,Ota Initial,76.21,81.07,81.07,0.0,public-v3-local-discovery,69.09,0.0,0.0,0.0,0.0,69.09,69.09,69.09,89.47,100.0,86.22,89.47,100.0,89.37,81.85,0.78,81.85,81.85,81.85,82.87,0.78,0.78,0.78,1.8,True,True,True,independent_single,False,False,,,True,,81.55,,,,,0,0,quality_review_themes_unavailable | negative_quality_evidence_not_structurally_captured
ChIJEYt6GvlgGGAR_Xenpb64ti4,Hourin-en,Chinese restaurant,Ota Initial,73.26,74.77,74.77,0.0,public-v3-local-discovery,52.17,0.0,0.0,0.0,0.0,52.17,52.17,52.17,94.28,100.0,88.62,94.28,100.0,91.77,75.56,0.79,75.56,75.56,75.56,77.54,0.79,0.79,0.79,2.77,False,True,True,independent_single,False,False,,,True,,87.95,,,drg75.com | otakushoren.com | tabelog.com,other_or_restaurant_controlled | review_or_reservation_platform,3,4,negative_quality_evidence_not_structurally_captured
ChIJEaeJQa5fGGAR7p4y7lxh81U,Gohan-ya Sakura,Japanese cafeteria,Ota Initial,72.91,71.63,71.63,0.0,public-v3-local-discovery,51.91,0.0,0.0,0.0,0.0,51.91,51.91,51.91,88.3,94.0,83.72,88.3,100.0,90.96,74.34,2.71,74.34,74.34,74.34,76.3,2.71,2.71,2.71,4.67,False,True,True,independent_single,False,False,,,True,,87.95,,,blogspot.com | seesaa.net | tabelog.com | yahoo.co.jp,other_or_restaurant_controlled | review_or_reservation_platform,2,3,negative_quality_evidence_not_structurally_captured | specialist_restaurant
ChIJEboqPYGTGGARLN705jEPVeA,Agni,Indian restaurant,Toshima Initial,70.85,76.51,76.51,0.0,public-v3-local-discovery,59.5,0.0,0.0,0.0,0.0,59.5,59.5,59.5,87.16,100.0,86.64,87.16,100.0,86.64,76.51,0.0,76.51,76.51,76.51,77.87,0.0,0.0,0.0,1.36,True,True,True,independent_single,False,False,,,True,,87.95,,,,,0,0,quality_review_themes_unavailable | negative_quality_evidence_not_structurally_captured
ChIJEc4JTQCPGGAREnvop9OJrPA,Claire,ビストロ,Taito Initial,74.9,76.63,76.63,0.0,public-v3-local-discovery,59.12,0.0,0.0,0.0,0.0,59.12,59.12,59.12,86.47,100.0,88.24,86.47,100.0,91.39,77.42,0.79,77.42,77.42,77.42,79.04,0.79,0.79,0.79,2.41,True,True,True,independent_single,False,False,,,True,,87.95,,,ameblo.jp | autoreserve.com | note.com,blog_platform | other_or_restaurant_controlled | review_or_reservation_platform,1,3,negative_quality_evidence_not_structurally_captured
ChIJEdAvw4tgGGARuvTXI6hL27I,Wine Restaurant La Margherita,Italian restaurant,Ota Initial,70.4,79.15,79.15,0.0,public-v3-local-discovery,74.37,0.0,0.0,0.0,0.0,74.37,74.37,74.37,71.5,100.0,79.84,71.5,100.0,79.84,79.15,0.0,79.15,79.15,79.15,79.43,0.0,0.0,0.0,0.28,True,True,True,independent_single,False,False,,,True,,87.95,,,ameblo.jp | keikyu.co.jp | tabelog.com | yahoo.co.jp,blog_platform | other_or_restaurant_controlled | review_or_reservation_platform,2,4,negative_quality_evidence_not_structurally_captured
ChIJEdE6Jt-PGGARrnI20vdJkHc,Bella Rouge,Italian restaurant,Taito Initial,77.22,74.59,74.59,0.0,public-v3-local-discovery,61.74,0.0,0.0,0.0,0.0,61.74,61.74,61.74,84.78,94.0,79.95,84.78,100.0,86.77,77.19,2.6,77.19,77.19,77.19,78.44,2.6,2.6,2.6,3.85,False,True,True,independent_single,False,False,,,True,,72.95,,,,,0,0,quality_review_themes_unavailable | negative_quality_evidence_not_structurally_captured | specialist_restaurant
ChIJEysMJPv1GGARZUfbPCOEid4,Uchi Gohan,食堂,Setagaya Initial,68.78,70.38,70.38,0.0,public-v3-local-discovery,47.63,0.0,0.0,0.0,0.0,47.63,47.63,47.63,82.25,100.0,86.45,82.25,100.0,89.6,71.17,0.79,71.17,71.17,71.17,73.27,0.79,0.79,0.79,2.89,False,True,True,independent_single,False,False,,,True,,87.95,,,hotpepper.jp | tabelog.com | tsuku2.jp,other_or_restaurant_controlled | review_or_reservation_platform,2,3,negative_quality_evidence_not_structurally_captured
ChIJF0XdG2CJGGARXPEmJ6ULqUA,Koda,懐石料理,Chuo Initial,75.82,77.96,77.96,0.0,public-v3-local-discovery,62.75,0.0,0.0,0.0,0.0,62.75,62.75,62.75,92.56,100.0,83.34,92.56,100.0,86.49,78.74,0.78,78.74,78.74,78.74,79.93,0.78,0.78,0.78,1.97,True,True,True,independent_single,False,False,,,True,,86.75,,,gnavi.co.jp | tabelog.com,review_or_reservation_platform,1,2,negative_quality_evidence_not_structurally_captured
ChIJF4A0mChgGGARjq2meBzjJ-A,Kurosawa Tokyosai,Chinese,Ota Initial,70.23,71.59,71.59,0.0,public-v3-local-discovery,59.24,0.0,0.0,0.0,0.0,59.24,59.24,59.24,68.26,100.0,78.79,68.26,100.0,77.89,71.37,-0.22,71.37,71.37,71.37,72.3,-0.22,-0.22,-0.22,0.71,False,True,True,independent_single,False,False,,,True,,87.95,,,fc2.com | shinkumi.co.jp | zendine.co,other_or_restaurant_controlled,2,3,negative_quality_evidence_not_structurally_captured
ChIJF54CnnXzGGARQDsDlzDpcng,Curry du Maison,French curry restaurant,Setagaya Initial,68.78,74.45,74.45,0.0,public-v3-local-discovery,67.61,0.0,0.0,0.0,0.0,67.61,67.61,67.61,63.89,100.0,77.78,63.89,100.0,80.92,75.24,0.79,75.24,75.24,75.24,75.9,0.79,0.79,0.79,1.45,False,True,True,independent_single,False,False,,,True,,87.95,,,hotpepper.jp | tabelog.com,review_or_reservation_platform,2,3,negative_quality_evidence_not_structurally_captured
ChIJF7mgyNyLGGARG1NScIcM8Nk,GINie CAFE,カフェバー,Chuo Initial,74.48,70.99,70.99,0.0,public-v3-local-discovery,73.26,0.0,0.0,0.0,0.0,73.26,73.26,73.26,57.24,82.5,68.25,57.24,82.5,68.25,70.99,0.0,70.99,70.99,70.99,70.74,0.0,0.0,0.0,-0.25,False,True,True,small_group_distinct_concept,False,False,,,True,,87.95,,,,,0,0,quality_review_themes_unavailable | negative_quality_evidence_not_structurally_captured
ChIJF95Jn6uNGGAR7jelkGxEbbM,Plaiga TOKYO,French restaurant,Chiyoda Initial,74.74,75.96,75.96,0.0,public-v3-local-discovery,88.59,0.0,0.0,0.0,0.0,88.59,88.59,88.59,53.96,82.5,62.51,53.96,82.5,62.51,75.96,0.0,75.96,75.96,75.96,74.66,0.0,0.0,0.0,-1.3,True,True,True,small_group_distinct_concept,False,False,,,True,,82.35,,,plaigatokyo.jp | tabelog.com,government_or_local_official | review_or_reservation_platform,1,3,negative_quality_evidence_not_structurally_captured
ChIJFQ_UcTqNGGAR8mA_WIWRzf4,Miyashita Naru,Izakaya,Shibuya Initial,70.08,61.98,61.98,0.0,public-v3-local-discovery,52.38,2.0,2.0,2.0,2.0,54.38,54.38,54.38,59.27,82.5,68.57,59.27,82.5,68.57,61.98,0.0,62.88,62.88,62.88,63.59,0.9,0.9,0.9,1.61,False,True,True,small_group_distinct_concept,False,False,,,True,,88.35,signature-dish reputation +2: Dashimaki tamago is repeatedly highlighted as a signature dish,,asia-kitchen.co.jp | mitsui-shopping-park.com | tabelog.com,other_or_restaurant_controlled | review_or_reservation_platform,2,3,negative_quality_evidence_not_structurally_captured
ChIJFS_DkFyJGGARt_Sn447sR7w,Teppan-dokoro Mugi,Teppanyaki,Koto Initial,66.56,76.89,76.89,0.0,public-v3-local-discovery,79.67,0.0,0.0,0.0,0.0,79.67,79.67,79.67,52.2,100.0,72.83,52.2,100.0,72.83,76.89,0.0,76.89,76.89,76.89,76.55,0.0,0.0,0.0,-0.34,True,True,True,independent_single,False,False,,,True,,88.35,,,hitosara.com | hotpepper.jp | kotomise.jp | tabelog.com,other_or_restaurant_controlled | review_or_reservation_platform,3,3,negative_quality_evidence_not_structurally_captured
ChIJFTmT2uTzGGARD_x2fba9gxE,Totoya,カフェ,Shibuya Initial,72.68,70.67,70.67,0.0,public-v3-local-discovery,57.13,0.0,0.0,0.0,0.0,57.13,57.13,57.13,94.03,73.0,79.64,94.03,100.0,91.14,77.6,6.93,77.6,77.6,77.6,79.3,6.93,6.93,6.93,8.63,False,True,True,unknown,False,False,,,True,,81.95,,,,,0,0,quality_review_themes_unavailable | negative_quality_evidence_not_structurally_captured | chain_classification | specialist_restaurant
ChIJFUftAjzzGGAR4fl9o6EWecI,Miyu Setagaya,中華料理,Setagaya Initial,63.02,73.24,73.24,0.0,public-v3-local-discovery,63.94,1.5,1.5,1.5,1.5,65.44,65.44,65.44,71.56,100.0,74.95,71.56,100.0,78.1,74.03,0.79,74.71,74.71,74.71,75.34,1.47,1.47,1.47,2.1,False,True,True,independent_single,False,False,,,True,,87.95,food/execution praise +1.5: Fresh vegetables are central to the meal and setting,,ameblo.jp | tabelog.com,blog_platform | review_or_reservation_platform,2,3,same_source_family_themes_excluded:1 | negative_quality_evidence_not_structurally_captured
ChIJFUyls--LGGARsJ_wUsDFvQI,MADOy Hibiya,Teppanyaki,Chiyoda Initial,63.58,58.54,58.54,0.0,public-v3-local-discovery,58.09,1.5,1.5,1.5,1.5,59.59,59.59,59.59,49.15,64.5,61.42,49.15,64.5,63.43,59.05,0.51,59.72,59.72,59.72,59.91,1.18,1.18,1.18,1.37,False,True,True,small_group_distinct_concept,False,False,,,True,,88.35,food/execution praise +1.5: A5 Japanese black wagyu and carefully selected steak cuts are central to the menu,,madoy.com | tabelog.com,other_or_restaurant_controlled | review_or_reservation_platform,1,2,negative_quality_evidence_not_structurally_captured | local_audience
ChIJFWSluqGRGGARIOenvSJrlkY,Taishū Nomiba Bibu,居酒屋,Adachi Initial,76.13,83.7,83.7,0.0,public-v3-local-discovery,85.8,0.0,0.0,0.0,0.0,85.8,85.8,85.8,74.68,94.0,79.17,74.68,100.0,82.42,85.42,1.72,85.42,85.42,85.42,85.25,1.72,1.72,1.72,1.55,True,True,True,independent_single,False,False,,,True,,87.95,,,gourmet | tabelog.com,other_or_restaurant_controlled | review_or_reservation_platform,1,3,same_source_family_themes_excluded:1 | negative_quality_evidence_not_structurally_captured | specialist_restaurant
ChIJFWqH_rKPGGARThEEbX-fHKc,Sushi Uosai Kito,Sushi and seafood Japanese restaurant,Taito Initial,75.24,79.16,79.16,0.0,public-v3-local-discovery,59.21,0.0,0.0,0.0,0.0,59.21,59.21,59.21,95.21,100.0,92.95,95.21,100.0,92.95,79.16,0.0,79.16,79.16,79.16,80.85,0.0,0.0,0.0,1.69,True,True,True,independent_single,False,False,,,True,,75.95,,,,,0,0,quality_review_themes_unavailable | negative_quality_evidence_not_structurally_captured
ChIJFc4l7BGJGGARhFOixSP-wEc,Jingoge 029,Korean restaurant,Koto Initial,61.87,68.93,68.93,0.0,public-v3-local-discovery,51.68,0.0,0.0,0.0,0.0,51.68,51.68,51.68,73.35,100.0,78.69,73.35,100.0,81.84,69.72,0.79,69.72,69.72,69.72,71.23,0.79,0.79,0.79,2.3,False,True,True,independent_single,False,False,,,True,,87.55,,,lavietaste.com | nishiojima-sekkotsuin.com | tabelog.com | yahoo.co.jp,other_or_restaurant_controlled | review_or_reservation_platform,3,3,negative_quality_evidence_not_structurally_captured
ChIJFejxRDyPGGAR9-Fa2PElrqM,Kinchan Korean Home Cooking,Korean restaurant,Taito,82.32,83.4,86.8,3.4,public-v2-chain-classification,93.19,2.0,2.0,2.0,2.0,95.19,95.19,95.19,75.76,100.0,0.0,75.76,100.0,80.04,88.31,1.51,89.21,89.21,89.21,88.45,2.41,2.41,2.41,1.65,True,True,True,independent_single,False,False,,,True,,66.55,"specialist/craft evidence +2: Handmade, comforting Korean home cooking",,retty.me | tabelog.com,review_or_reservation_platform,2,3,negative_quality_evidence_not_structurally_captured | local_audience | international_visibility | corporate_visibility
ChIJFx7HqbiJGGARYmiV6Ikg8RY,Yakiniku Yasora,焼肉,Chuo Initial,64.37,63.6,63.6,0.0,public-v3-local-discovery,51.47,1.5,1.5,1.5,1.5,52.97,52.97,52.97,69.37,82.5,70.64,69.37,82.5,73.78,64.39,0.79,65.06,65.06,65.06,66.1,1.46,1.46,1.46,2.5,False,True,True,small_group_distinct_concept,False,False,,,True,,88.35,food/execution praise +1.5: Carefully selected beef and meat quality are central to the restaurant’s identity,,stellafissa428.jp | tabelog.com,other_or_restaurant_controlled | review_or_reservation_platform,1,2,negative_quality_evidence_not_structurally_captured
ChIJFzsEK6-NGGAR8Q5Tlnnql24,Azaya,Izakaya,Shinjuku Initial,60.57,69.25,69.25,0.0,public-v3-local-discovery,78.21,0.0,0.0,0.0,0.0,78.21,78.21,78.21,51.95,79.0,57.67,51.95,100.0,55.65,71.9,2.65,71.9,71.9,71.9,70.77,2.65,2.65,2.65,1.52,False,True,True,unknown,False,False,,,True,,81.95,,,hotpepper.jp | tabelog.com,review_or_reservation_platform,1,3,same_source_family_themes_excluded:1 | negative_quality_evidence_not_structurally_captured | chain_classification | local_audience
ChIJG2-tJrzyGGARE8FAQGwXSfE,Tama Sushi Honten,Sushi,Suginami Initial,73.21,84.12,84.12,0.0,public-v3-local-discovery,88.37,0.0,0.0,0.0,0.0,88.37,88.37,88.37,67.26,100.0,77.05,67.26,100.0,77.05,84.12,0.0,84.12,84.12,84.12,83.55,0.0,0.0,0.0,-0.57,True,True,True,independent_single,False,False,,,True,,88.35,,,,,0,0,quality_review_themes_unavailable | negative_quality_evidence_not_structurally_captured
ChIJG5EDQxaJGGAR7p7ocHzPBUg,Furutori Higashi-Nihombashi,Japanese fine dining,Chuo Initial,73.37,76.02,76.02,0.0,public-v3-local-discovery,71.22,3.5,3.5,3.5,3.5,74.72,74.72,74.72,71.24,100.0,73.12,71.24,100.0,76.27,76.8,0.78,78.38,78.38,78.38,78.45,2.36,2.36,2.36,2.43,True,True,True,independent_single,False,False,,,True,,87.95,food/execution praise +1.5: Seasonal ingredients and carefully developed Japanese dishes | specialist/craft evidence +2: Specialist fugu and suppon cooking,,cuisine-kingdom.com | furutori-tokyo.com | tabelog.com,other_or_restaurant_controlled | review_or_reservation_platform,2,3,negative_quality_evidence_not_structurally_captured
ChIJG5N9kjuSGGARzRkXb7VMJpI,Abe Shoten,restaurant,Adachi Initial,70.93,75.12,75.12,0.0,public-v3-local-discovery,58.77,0.0,0.0,0.0,0.0,58.77,58.77,58.77,91.11,94.0,83.63,91.11,100.0,90.87,77.83,2.71,77.83,77.83,77.83,79.44,2.71,2.71,2.71,4.32,True,True,True,independent_single,False,False,,,True,,72.75,,,,,0,0,quality_review_themes_unavailable | negative_quality_evidence_not_structurally_captured | specialist_restaurant
ChIJG6dgQavzGGARbv1elJTn13E,Soyogi,立ち飲み居酒屋,Setagaya Initial,73.6,70.41,70.41,0.0,public-v3-local-discovery,55.2,0.0,0.0,0.0,0.0,55.2,55.2,55.2,95.93,73.0,80.92,95.93,100.0,92.96,77.47,7.06,77.47,77.47,77.47,79.36,7.06,7.06,7.06,8.95,False,True,True,unknown,False,False,,,True,,79.95,,,,,0,0,quality_review_themes_unavailable | negative_quality_evidence_not_structurally_captured | chain_classification | specialist_restaurant
ChIJG6ibmVxgGGAR9jBk7JXsA1Y,Yakitori Hirano,焼き鳥,Ota Initial,73.6,81.74,81.74,0.0,public-v3-local-discovery,71.54,1.0,1.0,1.0,1.0,72.54,72.54,72.54,86.0,100.0,86.59,86.0,100.0,86.59,81.74,0.0,82.19,82.19,82.19,82.89,0.45,0.45,0.45,1.15,True,True,True,independent_single,False,False,,,True,,87.55,"consistency/longevity +1: Old-school, deeply local izakaya atmosphere and long-running neighborhood character",,note.com | tabelog.com,blog_platform | review_or_reservation_platform,1,1,negative_quality_evidence_not_structurally_captured
ChIJG7n6ngxhGGART_uI0x4-gAw,Shigeru,Japanese cuisine / izakaya,Ota Initial,70.18,71.89,71.89,0.0,public-v3-local-discovery,51.41,0.0,0.0,0.0,0.0,51.41,51.41,51.41,93.96,94.0,82.25,93.96,100.0,93.0,75.48,3.59,75.48,75.48,75.48,77.56,3.59,3.59,3.59,5.67,False,True,True,independent_single,False,False,,,True,,80.75,,,,,0,0,quality_review_themes_unavailable | negative_quality_evidence_not_structurally_captured | specialist_restaurant | local_audience
ChIJG8NxqjONGGAR51rsoELi85s,Mira Food,ネパール料理・アジア料理,Shinjuku Initial,78.96,82.0,82.0,0.0,public-v3-local-discovery,68.16,0.0,0.0,0.0,0.0,68.16,68.16,68.16,95.31,100.0,88.13,95.31,100.0,88.13,82.0,0.0,82.0,82.0,82.0,83.0,0.0,0.0,0.0,1.0,True,True,True,independent_single,False,False,,,True,,87.55,,,note.com | tabelog.com,blog_platform | review_or_reservation_platform,1,3,negative_quality_evidence_not_structurally_captured
ChIJGRiQr0GJGGARI1TswFT8Qh0,Asian Restaurant Mother Palace,Indian curry,Koto Initial,76.04,54.99,54.99,0.0,public-v3-local-discovery,75.33,0.0,0.0,0.0,0.0,75.33,75.33,75.33,80.5,34.0,62.14,80.5,33.33,63.49,54.99,0.0,54.99,54.99,54.99,54.99,0.0,0.0,0.0,0.0,False,True,True,small_same_brand_chain,True,False,,,False,chain_excluded,87.95,,,goguynet.jp | menu.jp | note.com | retty.me | tabelog.com,blog_platform | editorial_or_guide | other_or_restaurant_controlled | review_or_reservation_platform,2,3,negative_quality_evidence_not_structurally_captured | specialist_restaurant
ChIJGV_20JSPGGAROX9KNGTfrZs,Yakiniku Ushikazu,Yakiniku,Taito Initial,72.14,72.62,72.62,0.0,public-v3-local-discovery,48.72,0.0,0.0,0.0,0.0,48.72,48.72,48.72,93.5,100.0,86.67,93.5,100.0,89.83,73.41,0.79,73.41,73.41,73.41,75.46,0.79,0.79,0.79,2.84,False,True,True,independent_single,False,False,,,True,,75.95,,,,,0,0,quality_review_themes_unavailable | negative_quality_evidence_not_structurally_captured
ChIJGWS6YUOJGGAR5AitVd477Eo,Sumibi Yakiniku Fukubuku,焼肉,Chuo Initial,60.95,65.35,65.35,0.0,public-v3-local-discovery,51.01,0.0,0.0,0.0,0.0,51.01,51.01,51.01,61.03,100.0,72.97,61.03,100.0,77.02,66.36,1.01,66.36,66.36,66.36,67.66,1.01,1.01,1.01,2.31,False,True,True,independent_single,False,False,,,True,,88.35,,,,,0,0,quality_review_themes_unavailable | negative_quality_evidence_not_structurally_captured | local_audience
ChIJGYTnOAD1GGARDT1tufM5cng,Fondance Tokyo,Sweets shop and cafe,Setagaya Initial,77.37,83.12,83.12,0.0,public-v3-local-discovery,83.11,0.0,0.0,0.0,0.0,83.11,83.11,83.11,75.43,100.0,77.64,75.43,100.0,82.52,84.34,1.22,84.34,84.34,84.34,84.31,1.22,1.22,1.22,1.19,True,True,True,independent_single,False,False,,,True,,87.95,,,,,0,0,quality_review_themes_unavailable | negative_quality_evidence_not_structurally_captured | local_audience
ChIJGZiCSQCPGGARtJeKu6kiMVo,Gyutan no Lemon Akihabara,牛たん専門店,Chiyoda,90.6,76.76,76.76,0.0,public-v3-local-discovery,87.65,0.0,0.0,0.0,0.0,87.65,87.65,87.65,72.39,61.0,69.24,72.39,40.0,69.05,73.56,-3.2,73.56,73.56,73.56,72.63,-3.2,-3.2,-3.2,-4.13,True,True,True,unknown,False,False,,,True,,88.35,,,,review_or_reservation_platform,0,2,no_independently_corroborated_food_quality_theme | same_source_family_themes_excluded:1 | negative_quality_evidence_not_structurally_captured | chain_classification
ChIJGboT7lOJGGARUjWxgWwwTiA,Yakiniku Wabinoya,Yakiniku restaurant,Koto Initial,67.9,69.42,69.42,0.0,public-v3-local-discovery,57.2,0.0,0.0,0.0,0.0,57.2,57.2,57.2,67.95,100.0,73.93,67.95,100.0,78.15,70.47,1.05,70.47,70.47,70.47,71.52,1.05,1.05,1.05,2.1,False,True,True,independent_single,False,False,,,True,,75.95,,,,,0,0,quality_review_themes_unavailable | negative_quality_evidence_not_structurally_captured | local_audience
ChIJGdaRJobvGGARy9kCFQvwFJw,Nanbuya,郷土料理居酒屋,Suginami Initial,74.49,80.05,80.05,0.0,public-v3-local-discovery,67.18,1.5,1.5,1.5,1.5,68.68,68.68,68.68,84.5,100.0,88.59,84.5,100.0,88.59,80.05,0.0,80.73,80.73,80.73,81.72,0.68,0.68,0.68,1.67,True,True,True,independent_single,False,False,,,True,,73.35,food/execution praise +1.5: Fresh seafood and Iwate regional cooking are central to the experience,,tokyo.jp | tv-tokyo.co.jp,government_or_local_official | other_or_restaurant_controlled | review_or_reservation_platform,1,2,negative_quality_evidence_not_structurally_captured
ChIJGxLV01iNGGARmKR9FwXZH5M,Gunchan,居酒屋,Toshima Initial,77.94,79.71,79.71,0.0,public-v3-local-discovery,69.14,0.0,0.0,0.0,0.0,69.14,69.14,69.14,88.86,94.0,84.66,88.86,100.0,92.01,82.44,2.73,82.44,82.44,82.44,83.59,2.73,2.73,2.73,3.88,True,True,True,independent_single,False,False,,,True,,81.95,,,,review_or_reservation_platform,0,2,no_independently_corroborated_food_quality_theme | negative_quality_evidence_not_structurally_captured | specialist_restaurant
ChIJGzhr9MFhGGARSodXxuWcyMs,Matsuba Sushi,寿司,Ota Initial,71.89,73.05,73.05,0.0,public-v3-local-discovery,50.22,0.0,0.0,0.0,0.0,50.22,50.22,50.22,87.25,100.0,89.46,87.25,100.0,92.61,73.84,0.79,73.84,73.84,73.84,75.96,0.79,0.79,0.79,2.91,False,True,True,independent_single,False,False,,,True,,87.95,,,,,0,0,quality_review_themes_unavailable | negative_quality_evidence_not_structurally_captured
ChIJH0r3Tv2PGGAR8f5c3oQonLs,Komekobo,居酒屋,Taito Initial,70.01,73.14,73.14,0.0,public-v3-local-discovery,47.58,0.0,0.0,0.0,0.0,47.58,47.58,47.58,95.21,100.0,89.8,95.21,100.0,92.95,73.93,0.79,73.93,73.93,73.93,76.2,0.79,0.79,0.79,3.06,False,True,True,independent_single,False,False,,,True,,81.55,,,4travel.jp | retty.me | tabelog.com,other_or_restaurant_controlled | review_or_reservation_platform,2,4,same_source_family_themes_excluded:1 | negative_quality_evidence_not_structurally_captured
ChIJH1uKdh2NGGARpdq9YMuDdX0,Shabu Shabu & Sushi Kioicho Hassan,Sukiyaki and shabu-shabu restaurant,Chiyoda Initial,64.36,72.1,72.1,0.0,public-v3-local-discovery,96.59,0.0,0.0,0.0,0.0,96.59,96.59,96.59,35.23,75.0,48.4,35.23,86.67,43.0,72.5,0.4,72.5,72.5,72.5,69.82,0.4,0.4,0.4,-2.28,False,True,True,unknown,False,False,,,True,,88.35,,,,,0,0,quality_review_themes_unavailable | negative_quality_evidence_not_structurally_captured | chain_classification
ChIJH2PORLP1GGARpH38z3noRBQ,Izakaya Hoshigumi Shinkan,居酒屋,Setagaya Initial,74.52,72.7,72.7,0.0,public-v3-local-discovery,79.88,2.0,2.0,2.0,2.0,81.88,81.88,81.88,65.53,68.5,66.6,65.53,71.67,72.14,74.56,1.86,75.46,75.46,75.46,74.97,2.76,2.76,2.76,2.27,False,True,True,small_group_distinct_concept,False,False,,,True,,88.35,signature-dish reputation +2: Salt-braised pork cartilage and beef tendon is a recurring signature,,hoshigumi.cc | tabelog.com,other_or_restaurant_controlled | review_or_reservation_platform,1,2,same_source_family_themes_excluded:1 | negative_quality_evidence_not_structurally_captured | specialist_restaurant | local_audience
ChIJH2htHhX1GGARsy0d_l4djxE,Dining Cafe Canari,Italian-inspired dining cafe,Setagaya Initial,69.35,81.97,81.97,0.0,public-v3-local-discovery,64.4,0.0,0.0,0.0,0.0,64.4,64.4,64.4,99.25,100.0,92.39,99.25,100.0,95.54,82.75,0.78,82.75,82.75,82.75,84.31,0.78,0.78,0.78,2.34,True,True,True,independent_single,False,False,,,True,,75.95,,,,,0,0,quality_review_themes_unavailable | negative_quality_evidence_not_structurally_captured
ChIJH3HBZtphGGARENW6nKn2gv0,Welcome Indian Nepali Restaurant,Indian and Nepali restaurant,Ota Initial,73.58,72.21,72.21,0.0,public-v3-local-discovery,63.98,0.0,0.0,0.0,0.0,63.98,63.98,63.98,84.09,79.0,75.83,84.09,100.0,83.59,77.3,5.09,77.3,77.3,77.3,78.28,5.09,5.09,5.09,6.07,False,True,True,unknown,False,False,,,True,,75.15,,,,,0,0,quality_review_themes_unavailable | negative_quality_evidence_not_structurally_captured | chain_classification | local_audience
ChIJH3yrUPGLGGARVxplIpOlkO4,Obuse Yoritsuki Ryori Kurabu Ginza,Japanese restaurant,Chuo Initial,67.0,69.15,69.15,0.0,public-v3-local-discovery,82.71,0.0,0.0,0.0,0.0,82.71,82.71,82.71,47.82,75.0,54.02,47.82,86.67,50.03,69.9,0.75,69.9,69.9,69.9,68.27,0.75,0.75,0.75,-0.88,False,True,True,unknown,False,False,,,True,,88.35,,,,,0,0,quality_review_themes_unavailable | negative_quality_evidence_not_structurally_captured | chain_classification | local_audience
ChIJH5WonRqRGGARGI9JisAXwWk,Korean Restaurant Maruya,Korean restaurant,Adachi Initial,70.75,71.34,71.34,0.0,public-v3-local-discovery,61.01,0.0,0.0,0.0,0.0,61.01,61.01,61.01,79.02,79.0,80.73,79.02,100.0,83.42,75.16,3.82,75.16,75.16,75.16,76.28,3.82,3.82,3.82,4.94,False,True,True,unknown,False,False,,,True,,87.95,,,,,0,0,quality_review_themes_unavailable | negative_quality_evidence_not_structurally_captured | chain_classification
ChIJH5q9t1aLGGARWcMtV2Wf7PQ,Restaurant Nanpeidai,Innovative Western cuisine,Shibuya Initial,77.96,78.74,78.74,0.0,public-v3-local-discovery,70.43,0.0,0.0,0.0,0.0,70.43,70.43,70.43,92.74,82.5,83.03,92.74,82.5,86.19,79.53,0.79,79.53,79.53,79.53,80.31,0.79,0.79,0.79,1.57,True,True,True,small_group_distinct_concept,False,False,,,True,,87.95,,,tabelog.com | teriyaki.me | wanderlog.com,other_or_restaurant_controlled | review_or_reservation_platform,2,3,negative_quality_evidence_not_structurally_captured
ChIJH6lmIlyLGGARLAeWbu-mdzQ,Vini di Arai,Italian restaurant,Shibuya,83.13,83.52,83.99,0.47,public-v2-chain-classification,73.33,1.5,1.5,1.5,1.5,74.83,74.83,74.83,96.74,100.0,0.0,96.74,100.0,93.98,86.0,2.01,86.68,86.68,86.68,87.64,2.69,2.69,2.69,3.65,True,True,True,independent_single,False,False,,,True,,87.95,food/execution praise +1.5: Food is described as balanced and complementary to the wine,,exblog.jp | tabelog.com | wine-shop.jp,other_or_restaurant_controlled | review_or_reservation_platform,2,3,negative_quality_evidence_not_structurally_captured | local_audience | international_visibility | corporate_visibility
ChIJH9HfDWPtGGARWDwJ_liLT6A,Sawayaka,Izakaya,Shinjuku Initial,80.48,81.46,76.39,-5.07,public-v2-chain-classification,67.06,0.0,0.0,0.0,0.0,67.06,67.06,67.06,94.07,79.0,0.0,94.07,100.0,94.0,82.79,6.4,82.79,82.79,82.79,84.13,6.4,6.4,6.4,7.74,True,True,True,unknown,False,False,,,True,,87.55,,,,,0,0,quality_review_themes_unavailable | negative_quality_evidence_not_structurally_captured | chain_classification | local_audience | international_visibility | corporate_visibility
ChIJHR2hVuLzGGARj3kYQYWPeV4,Sushi Dokoro Ikeda,Sushi,Setagaya Initial,67.6,75.42,75.42,0.0,public-v3-local-discovery,65.71,0.0,0.0,0.0,0.0,65.71,65.71,65.71,74.07,100.0,78.97,74.07,100.0,82.12,76.21,0.79,76.21,76.21,76.21,77.03,0.79,0.79,0.79,1.61,True,True,True,independent_single,False,False,,,True,,87.95,,,ekiten.jp | keizai.biz | note.com,blog_platform | other_or_restaurant_controlled | review_or_reservation_platform,1,3,negative_quality_evidence_not_structurally_captured
ChIJHR6dHzH1GGARzoc-EzYj9Y8,Bistro Sonomamma,欧風カレー,Setagaya Initial,73.26,79.43,79.43,0.0,public-v3-local-discovery,73.25,3.5,3.5,3.5,3.5,76.75,76.75,76.75,75.93,100.0,80.3,75.93,100.0,83.45,80.21,0.78,81.79,81.79,81.79,82.12,2.36,2.36,2.36,2.69,True,True,True,independent_single,False,False,,,True,,87.95,"food/execution praise +1.5: Hamburger curry is a recurring standout, with the patty cooked to order | signature-dish reputation +2: Hamburger curry is a recurring standout, with the patty cooked to order",,retty.me | setagaya-navi.com | tabelog.com,other_or_restaurant_controlled | review_or_reservation_platform,3,3,negative_quality_evidence_not_structurally_captured
ChIJHWI67saOGGARjQRxJEbmSvE,Hyakuyattsu,Izakaya,Taito Initial,61.11,67.33,67.33,0.0,public-v3-local-discovery,44.38,2.0,2.0,2.0,2.0,46.38,46.38,46.38,77.07,100.0,83.18,77.07,100.0,83.18,67.33,0.0,68.23,68.23,68.23,70.07,0.9,0.9,0.9,2.74,False,True,True,independent_single,False,False,,,True,,87.55,specialist/craft evidence +2: Charcoal-grilled yakitori is a recurring dinner highlight,,lavietaste.com | tabelog.com,review_or_reservation_platform,1,1,negative_quality_evidence_not_structurally_captured
ChIJHY8SKZSOGGAR6ISQQi1VEPg,Kunichan no Mise,居酒屋,Taito Initial,78.97,75.5,75.5,0.0,public-v3-local-discovery,66.11,0.0,0.0,0.0,0.0,66.11,66.11,66.11,92.18,73.0,83.89,92.18,100.0,92.7,81.75,6.25,81.75,81.75,81.75,83.08,6.25,6.25,6.25,7.58,True,True,True,unknown,False,False,,,True,,87.95,,,,,0,0,quality_review_themes_unavailable | negative_quality_evidence_not_structurally_captured | chain_classification | specialist_restaurant
ChIJHYFgOe-OGGARHfQ8JQJ5Yag,Donbee,居酒屋,Taito Initial,76.94,71.56,71.56,0.0,public-v3-local-discovery,71.37,0.0,0.0,0.0,0.0,71.37,71.37,71.37,75.8,73.0,68.48,84.39,100.0,86.13,81.31,9.75,81.31,81.31,81.31,82.05,9.75,9.75,9.75,10.49,False,True,True,unknown,False,False,,,True,,23.55,,,,,0,0,quality_review_themes_unavailable | negative_quality_evidence_not_structurally_captured | tourist_coverage | chain_classification | specialist_restaurant | local_audience | tourist_orientation | international_visibility | corporate_visibility
ChIJHYLzLwDvGGAR8QOMwNKc5Dg,Sumibi Yakitori Kumaridori,焼き鳥,Suginami Initial,75.29,78.28,78.28,0.0,public-v3-local-discovery,58.15,0.0,0.0,0.0,0.0,58.15,58.15,58.15,96.25,100.0,90.7,96.25,100.0,93.85,79.07,0.79,79.07,79.07,79.07,80.85,0.79,0.79,0.79,2.57,True,True,True,independent_single,False,False,,,True,,81.55,,,,,0,0,quality_review_themes_unavailable | negative_quality_evidence_not_structurally_captured
ChIJHZGZ1E7zGGAR735AOt4C1yk,Tudore Tranquility,Vegan restaurant,Shibuya Initial,71.28,74.59,74.59,0.0,public-v3-local-discovery,79.41,0.0,0.0,0.0,0.0,79.41,79.41,79.41,56.12,100.0,61.76,56.12,100.0,61.76,74.59,0.0,74.59,74.59,74.59,73.71,0.0,0.0,0.0,-0.88,False,True,True,independent_single,False,False,,,True,,88.35,,,,other_or_restaurant_controlled,0,3,no_independently_corroborated_food_quality_theme | negative_quality_evidence_not_structurally_captured
ChIJH_8tcEeLGGARJR8257Xl75Y,Tonkatsu Nagi,とんかつ,Shinjuku Initial,77.02,87.45,87.45,0.0,public-v3-local-discovery,100.0,1.5,1.5,1.5,1.5,100.0,100.0,100.0,62.06,100.0,72.55,62.06,100.0,72.55,87.45,0.0,87.45,87.45,87.45,86.07,0.0,0.0,0.0,-1.38,True,True,True,independent_single,False,False,,,True,,87.95,"food/execution praise +1.5: Tender, light-textured tonkatsu with a crisp coating",,tabelog.com | tonkatsu-nagi.com,other_or_restaurant_controlled | review_or_reservation_platform,1,4,same_source_family_themes_excluded:1 | negative_quality_evidence_not_structurally_captured
ChIJHekY0bKLGGARpsmmS0ODmpg,BAR THIRD PLACE LODGE,Bar,Chiyoda Initial,71.85,76.87,76.87,0.0,public-v3-local-discovery,95.09,0.0,0.0,0.0,0.0,95.09,95.09,95.09,58.1,76.5,55.56,58.1,80.56,61.61,78.99,2.12,78.99,78.99,78.99,77.32,2.12,2.12,2.12,0.45,True,True,True,small_group_distinct_concept,False,False,,,True,,88.35,,,,,0,0,quality_review_themes_unavailable | negative_quality_evidence_not_structurally_captured | specialist_restaurant | local_audience
ChIJHwBvGPD0GGARJxYOf9bnMHQ,Yakiniku Nobel,焼肉,Setagaya Initial,66.04,71.27,71.27,0.0,public-v3-local-discovery,46.73,0.0,0.0,0.0,0.0,46.73,46.73,46.73,88.4,100.0,87.91,88.4,100.0,87.91,71.27,0.0,71.27,71.27,71.27,73.32,0.0,0.0,0.0,2.05,False,True,True,independent_single,False,False,,,True,,87.95,,,,,0,0,quality_review_themes_unavailable | negative_quality_evidence_not_structurally_captured
ChIJHyk9zo2OGGAR_IhetTCSfDQ,Uosei,Sushi restaurant,Taito Initial,75.11,69.61,69.61,0.0,public-v3-local-discovery,66.68,0.0,0.0,0.0,0.0,66.68,66.68,66.68,75.06,73.0,69.6,83.41,100.0,84.39,78.62,9.01,78.62,78.62,78.62,79.5,9.01,9.01,9.01,9.89,False,True,True,unknown,False,True,confirmed_address_identity_conflict,,False,critical:confirmed_address_identity_conflict,66.15,,,,,0,0,quality_review_themes_unavailable | negative_quality_evidence_not_structurally_captured | tourist_coverage | chain_classification | specialist_restaurant | local_audience | tourist_orientation
ChIJI046hJKNGGAR6-suBnMaZpY,Taishu Sushi Sakaba Maachan,寿司酒場,Toshima Initial,73.7,74.79,74.79,0.0,public-v3-local-discovery,55.23,0.0,0.0,0.0,0.0,55.23,55.23,55.23,90.93,100.0,85.18,90.93,100.0,88.33,75.58,0.79,75.58,75.58,75.58,77.23,0.79,0.79,0.79,2.44,False,True,True,independent_single,False,False,,,True,,75.95,,,,,0,0,quality_review_themes_unavailable | negative_quality_evidence_not_structurally_captured
ChIJI0XlDtyJGGARPlaT26OsbDE,Cuisine La Chance Tokyo,French restaurant,Koto Initial,63.52,69.05,69.05,0.0,public-v3-local-discovery,74.16,0.0,0.0,0.0,0.0,74.16,74.16,74.16,59.75,79.0,59.45,59.75,100.0,60.75,72.52,3.47,72.52,72.52,72.52,71.85,3.47,3.47,3.47,2.8,False,True,True,unknown,False,False,,,True,,81.55,,,,,0,0,quality_review_themes_unavailable | negative_quality_evidence_not_structurally_captured | chain_classification
ChIJI0y12J3zGGARPbLhMoOvDG0,Sushi Nakao,Sushi restaurant,Shinjuku,83.27,76.05,83.45,7.4,public-v2-chain-classification,94.17,0.0,0.0,0.0,0.0,94.17,94.17,94.17,58.48,100.0,0.0,58.48,100.0,71.73,84.08,0.63,84.08,84.08,84.08,82.96,0.63,0.63,0.63,-0.49,True,True,True,independent_single,False,False,,,True,,88.35,,,,,0,0,quality_review_themes_unavailable | negative_quality_evidence_not_structurally_captured | local_audience | international_visibility | corporate_visibility
ChIJI101eACJGGARsfN4y6feOtE,Kunihachi,居酒屋,Chuo Initial,79.79,80.45,74.16,-6.29,public-v2-chain-classification,65.03,1.5,1.5,1.5,1.5,66.53,66.53,66.53,87.81,79.0,0.0,87.81,100.0,91.63,80.34,6.18,81.02,81.02,81.02,82.27,6.86,6.86,6.86,8.11,True,True,True,unknown,False,False,,,True,,87.55,food/execution praise +1.5: Fresh sashimi and seafood are central to the menu,,tabelog.com | yahoo.co.jp,other_or_restaurant_controlled | review_or_reservation_platform,1,3,same_source_family_themes_excluded:1 | negative_quality_evidence_not_structurally_captured | chain_classification | local_audience | international_visibility | corporate_visibility
ChIJI1q4WMuPGGARXAO9rSQDEcU,Mikawaya,もんじゃ焼き,Adachi Initial,66.99,71.3,71.3,0.0,public-v3-local-discovery,52.95,0.0,0.0,0.0,0.0,52.95,52.95,52.95,78.74,100.0,82.63,78.74,100.0,85.78,72.08,0.78,72.08,72.08,72.08,73.72,0.78,0.78,0.78,2.42,False,True,True,independent_single,False,False,,,True,,72.55,,,lavietaste.com | restaurantguru.com,other_or_restaurant_controlled | review_or_reservation_platform,2,3,negative_quality_evidence_not_structurally_captured
ChIJI2iECkjsGGARmK5Rqx0VhHA,PUB Yorimichi,居酒屋・パブ,Suginami Initial,73.45,76.5,76.5,0.0,public-v3-local-discovery,61.92,0.0,0.0,0.0,0.0,61.92,61.92,61.92,91.43,94.0,83.27,91.43,100.0,90.46,79.19,2.69,79.19,79.19,79.19,80.62,2.69,2.69,2.69,4.12,True,True,True,independent_single,False,False,,,True,,74.35,,,,,0,0,quality_review_themes_unavailable | negative_quality_evidence_not_structurally_captured | specialist_restaurant
ChIJI4eybL9hGGARcd0HpfKsslo,Warung Nusa Dua Haneda,Indonesian restaurant,Ota Initial,74.71,78.13,78.13,0.0,public-v3-local-discovery,81.22,0.0,0.0,0.0,0.0,81.22,81.22,81.22,61.42,100.0,69.46,61.42,100.0,69.46,78.13,0.0,78.13,78.13,78.13,77.54,0.0,0.0,0.0,-0.59,True,True,True,independent_single,False,False,,,True,,75.15,,,,,0,0,quality_review_themes_unavailable | negative_quality_evidence_not_structurally_captured
ChIJI5RDdgCLGGARk0ev1vrvIYg,Banh Xeo Saigon Toranomon,ベトナム料理,Minato Initial,65.84,65.4,65.4,0.0,public-v3-local-discovery,56.68,0.0,0.0,0.0,0.0,56.68,56.68,56.68,80.64,67.0,71.01,80.64,60.0,75.2,65.4,0.0,65.4,65.4,65.4,66.33,0.0,0.0,0.0,0.93,False,True,True,unknown,False,False,,,True,,88.35,,,,,0,0,quality_review_themes_unavailable | negative_quality_evidence_not_structurally_captured | chain_classification
ChIJI5TmNwCNGGAR4yvcB0Yw1-4,Saigon Café @ IKE-SUNPARK,Vietnamese restaurant,Toshima Initial,71.1,72.18,72.18,0.0,public-v3-local-discovery,55.56,0.0,0.0,0.0,0.0,55.56,55.56,55.56,91.64,82.5,84.22,91.64,82.5,87.37,72.97,0.79,72.97,72.97,72.97,74.56,0.79,0.79,0.79,2.38,False,True,True,small_group_distinct_concept,False,False,,,True,,81.95,,,,,0,0,quality_review_themes_unavailable | negative_quality_evidence_not_structurally_captured
ChIJIQIFuFiNGGAR5353FhTDr84,Kisetsu Ryori Shu,割烹・小料理,Toshima Initial,67.15,76.42,76.42,0.0,public-v3-local-discovery,67.23,0.0,0.0,0.0,0.0,67.23,67.23,67.23,76.69,100.0,78.67,76.69,100.0,81.82,77.21,0.79,77.21,77.21,77.21,77.94,0.79,0.79,0.79,1.52,True,True,True,independent_single,False,False,,,True,,81.95,,,,,0,0,quality_review_themes_unavailable | negative_quality_evidence_not_structurally_captured
ChIJIY2OeomPGGARzAMEjKdavfQ,Rakukame,居酒屋,Taito,85.52,84.49,82.42,-2.07,public-v1,95.34,0.0,0.0,0.0,0.0,95.34,95.34,95.34,78.15,94.0,0.0,78.15,100.0,76.9,88.85,6.43,88.85,88.85,88.85,87.93,6.43,6.43,6.43,5.51,True,True,True,unknown,False,False,,,True,,88.35,,,autoreserve.com | tabelog.com,other_or_restaurant_controlled | review_or_reservation_platform,1,2,negative_quality_evidence_not_structurally_captured | chain_classification | specialist_restaurant | local_audience | international_visibility | corporate_visibility
ChIJI_uH1XyMGGARZpsJq2CpCaY,Sushi Hashiguchi,Sushi restaurant,Minato Initial,73.98,76.34,76.34,0.0,public-v3-local-discovery,74.13,0.0,0.0,0.0,0.0,74.13,74.13,74.13,60.57,100.0,75.6,60.57,100.0,75.6,76.34,0.0,76.34,76.34,76.34,76.42,0.0,0.0,0.0,0.08,True,True,True,independent_single,False,False,,,True,,88.35,,,gaultmillau.com | tabelog.com,other_or_restaurant_controlled | review_or_reservation_platform,1,3,negative_quality_evidence_not_structurally_captured
ChIJIaqUGT9gGGAREXPpXUvI6Ck,Shun no Ie,小料理・和食,Ota Initial,74.26,76.12,76.12,0.0,public-v3-local-discovery,60.48,0.0,0.0,0.0,0.0,60.48,60.48,60.48,84.96,100.0,84.63,84.96,100.0,90.74,77.64,1.52,77.64,77.64,77.64,79.16,1.52,1.52,1.52,3.04,True,True,True,independent_single,False,False,,,True,,87.55,,,,,0,0,quality_review_themes_unavailable | negative_quality_evidence_not_structurally_captured | local_audience
ChIJIc3y9uWNGGARcw3Lc2CEQqc,SINPASSIO,イタリアン,Shinjuku Initial,72.0,82.1,82.1,0.0,public-v3-local-discovery,74.97,0.0,0.0,0.0,0.0,74.97,74.97,74.97,99.25,79.0,86.5,99.25,100.0,94.56,87.26,5.16,87.26,87.26,87.26,88.24,5.16,5.16,5.16,6.14,True,True,True,unknown,False,False,,,True,,81.55,,,,,0,0,quality_review_themes_unavailable | negative_quality_evidence_not_structurally_captured | chain_classification
ChIJIxdui16LGGAR6dA-SGEjgjs,Sushizen,Sushi restaurant,Shibuya,85.79,83.21,78.87,-4.34,public-v1,78.46,1.5,1.5,1.5,1.5,79.96,79.96,79.96,82.15,100.0,0.0,82.15,100.0,88.35,84.72,5.85,85.39,85.39,85.39,85.81,6.52,6.52,6.52,6.94,True,True,True,unknown,False,False,,,True,,88.35,"food/execution praise +1.5: Guests commonly describe the meal as a relaxed, carefully prepared sushi experience",,corner.inc | tabelog.com,other_or_restaurant_controlled | review_or_reservation_platform,2,3,negative_quality_evidence_not_structurally_captured | chain_classification | local_audience | international_visibility | corporate_visibility
ChIJIyBI0taLGGARUYBpuXaTx8k,Feel Good Foods,Middle Eastern restaurant,Shinjuku Initial,77.33,87.62,87.62,0.0,public-v3-local-discovery,100.0,0.0,0.0,0.0,0.0,100.0,100.0,100.0,66.49,100.0,70.58,66.49,100.0,70.58,87.62,0.0,87.62,87.62,87.62,86.15,0.0,0.0,0.0,-1.47,True,True,True,independent_single,False,False,,,True,,77.95,,,happycow.net | square.site | tabelog.com,other_or_restaurant_controlled | review_or_reservation_platform,2,2,negative_quality_evidence_not_structurally_captured
ChIJJ8H-e-yLGGAR2MBsf1b9U38,Tsumuguito,Fugu and Edo-mae sushi restaurant,Shinjuku Initial,78.29,86.07,86.07,0.0,public-v3-local-discovery,96.52,0.0,0.0,0.0,0.0,96.52,96.52,96.52,57.42,100.0,76.09,57.42,100.0,76.09,86.07,0.0,86.07,86.07,86.07,85.05,0.0,0.0,0.0,-1.02,True,True,True,independent_single,False,False,,,True,,88.35,,,,,0,0,quality_review_themes_unavailable | negative_quality_evidence_not_structurally_captured
ChIJJTYhJQGPGGARmIOUvgTbhjg,Oden Karaoke BAR SENTO Asakusa Yoshiwara,おでん・カラオケバー,Taito Initial,78.99,83.44,83.44,0.0,public-v3-local-discovery,72.9,0.0,0.0,0.0,0.0,72.9,72.9,72.9,88.66,100.0,89.36,88.66,100.0,89.36,83.44,0.0,83.44,83.44,83.44,84.27,0.0,0.0,0.0,0.83,True,True,True,independent_single,False,False,,,True,,92.8,,,,other_or_restaurant_controlled | review_or_reservation_platform,0,3,no_independently_corroborated_food_quality_theme | negative_quality_evidence_not_structurally_captured
ChIJJW4GPQCJGGARaE6TDnTqWS8,Kameido BULL'S Bar,European-style izakaya / dining bar,Koto Initial,68.11,75.33,75.33,0.0,public-v3-local-discovery,71.48,0.0,0.0,0.0,0.0,71.48,71.48,71.48,75.41,94.0,71.03,75.41,100.0,76.87,77.7,2.37,77.7,77.7,77.7,77.96,2.37,2.37,2.37,2.63,True,True,True,independent_single,False,False,,,True,,79.95,,,,,0,0,quality_review_themes_unavailable | negative_quality_evidence_not_structurally_captured | specialist_restaurant
ChIJJWVRyJyNGGAR99ULioTF7H0,MUTO Sendagaya,Japanese cuisine,Shibuya Initial,70.28,77.73,77.73,0.0,public-v3-local-discovery,79.41,0.0,0.0,0.0,0.0,79.41,79.41,79.41,61.81,100.0,70.88,61.81,100.0,74.57,78.65,0.92,78.65,78.65,78.65,78.41,0.92,0.92,0.92,0.68,False,False,True,independent_single,False,False,,,False,product_ineligible,88.35,,,tabelog.com | yahoo.co.jp,other_or_restaurant_controlled | review_or_reservation_platform,1,3,negative_quality_evidence_not_structurally_captured | local_audience
ChIJJWg6bwBhGGARPqimANtPgPk,Izakaya Genki,居酒屋,Ota Initial,62.88,75.79,75.79,0.0,public-v3-local-discovery,54.89,0.0,0.0,0.0,0.0,54.89,54.89,54.89,96.26,94.0,90.19,96.26,100.0,94.65,77.8,2.01,77.8,77.8,77.8,79.79,2.01,2.01,2.01,4.0,True,True,True,independent_single,False,False,,,True,,76.35,,,,,0,0,quality_review_themes_unavailable | negative_quality_evidence_not_structurally_captured | specialist_restaurant
ChIJJYhCgyLtGGARko7DW3ydobo,Lee's Shokutaku,Korean restaurant,Suginami Initial,70.58,74.06,74.06,0.0,public-v3-local-discovery,58.88,0.0,0.0,0.0,0.0,58.88,58.88,58.88,77.72,100.0,83.62,77.72,100.0,86.77,74.85,0.79,74.85,74.85,74.85,76.24,0.79,0.79,0.79,2.18,False,True,True,independent_single,False,False,,,True,,87.95,,,nerima-jmpy.com | tabelog.com,other_or_restaurant_controlled | review_or_reservation_platform,2,3,negative_quality_evidence_not_structurally_captured
ChIJJYonNvCRGGARXxQnhxwGkIo,Sapporo Ramen Tanukikoji,Ramen restaurant,Adachi Initial,61.75,74.84,74.84,0.0,public-v3-local-discovery,49.25,0.0,0.0,0.0,0.0,49.25,49.25,49.25,98.4,100.0,91.69,98.4,100.0,94.84,75.63,0.79,75.63,75.63,75.63,77.91,0.79,0.79,0.79,3.07,False,True,True,independent_single,False,False,,,True,,80.75,,,,,0,0,quality_review_themes_unavailable | negative_quality_evidence_not_structurally_captured
ChIJJ_Ehk7nvGGARz9yG6qrfRV4,Asian Food Restaurant Hana,Japanese curry restaurant,Suginami Initial,72.94,74.82,74.82,0.0,public-v3-local-discovery,76.94,0.0,0.0,0.0,0.0,76.94,76.94,76.94,80.78,73.0,68.51,80.78,100.0,76.39,80.84,6.02,80.84,80.84,80.84,80.81,6.02,6.02,6.02,5.99,False,True,True,unknown,False,False,,,True,,59.55,,,,,0,0,quality_review_themes_unavailable | negative_quality_evidence_not_structurally_captured | chain_classification | specialist_restaurant | local_audience
ChIJJaIxMABfGGARqDgqrUF2OhA,Seiyo Shokudo PLAT,Italian and Western-style restaurant,Ota Initial,72.0,83.24,83.24,0.0,public-v3-local-discovery,69.76,0.0,0.0,0.0,0.0,69.76,69.76,69.76,99.25,94.0,91.46,99.25,100.0,96.07,85.3,2.06,85.3,85.3,85.3,86.61,2.06,2.06,2.06,3.37,True,True,True,independent_single,False,False,,,True,,72.95,,,,other_or_restaurant_controlled | review_or_reservation_platform,0,2,no_independently_corroborated_food_quality_theme | same_source_family_themes_excluded:1 | negative_quality_evidence_not_structurally_captured | specialist_restaurant
ChIJJxm7oFLtGGARbmKFM8xAap8,Spice Cafe Sharada,スパイスビストロ,Toshima Initial,79.57,76.07,76.07,0.0,public-v3-local-discovery,67.72,0.0,0.0,0.0,0.0,67.72,67.72,67.72,82.56,82.5,83.35,82.56,82.5,86.5,76.86,0.79,76.86,76.86,76.86,77.8,0.79,0.79,0.79,1.73,True,True,True,small_group_distinct_concept,False,False,,,True,,88.35,,,,,0,0,quality_review_themes_unavailable | negative_quality_evidence_not_structurally_captured
ChIJK5zTN62LGGARU0GtzEdlr6w,Suzume no Oyado,もんじゃ焼き・鉄板焼き,Shibuya Initial,72.56,81.11,81.11,0.0,public-v3-local-discovery,95.18,0.0,0.0,0.0,0.0,95.18,95.18,95.18,49.25,100.0,63.55,49.25,100.0,66.7,81.89,0.78,81.89,81.89,81.89,80.47,0.78,0.78,0.78,-0.64,True,True,True,independent_single,False,False,,,True,,88.35,,,,other_or_restaurant_controlled | review_or_reservation_platform,0,3,no_independently_corroborated_food_quality_theme | negative_quality_evidence_not_structurally_captured
ChIJKR9UTJqLGGARCKJAHiT4zUc,the vegan marshmallooow,Pastry shop,Chuo Initial,75.52,54.99,54.99,0.0,public-v3-local-discovery,92.25,0.0,0.0,0.0,0.0,92.25,92.25,92.25,52.7,36.0,43.35,52.7,36.0,42.18,54.99,0.0,54.99,54.99,54.99,54.99,0.0,0.0,0.0,0.0,False,True,True,small_same_brand_chain,True,False,,,False,chain_excluded,87.95,,,,,0,0,quality_review_themes_unavailable | negative_quality_evidence_not_structurally_captured | local_audience
ChIJKRimrlWNGGAReCrI2pLos-M,Hashigo,Ramen restaurant,Toshima Initial,70.58,69.76,69.76,0.0,public-v3-local-discovery,41.91,0.0,0.0,0.0,0.0,41.91,41.91,41.91,98.95,94.0,87.85,98.95,100.0,95.55,72.59,2.83,72.59,72.59,72.59,75.27,2.83,2.83,2.83,5.51,False,True,True,independent_single,False,False,,,True,,82.35,,,,,0,0,quality_review_themes_unavailable | negative_quality_evidence_not_structurally_captured | specialist_restaurant
ChIJKTs4XzqNGGAR6YNgG2kJ41s,Suroufang,西安料理・清真中華,Shinjuku Initial,81.54,84.74,86.46,1.72,public-v2-chain-classification,94.41,2.0,2.0,2.0,2.0,96.41,96.41,96.41,69.74,100.0,0.0,69.74,100.0,80.13,87.98,1.52,88.88,88.88,88.88,88.06,2.42,2.42,2.42,1.6,True,True,True,independent_single,False,False,,,True,,87.55,signature-dish reputation +2: Signature dishes include stewed crispy beef and broad-bowl noodles,,chuka.tokyo | retty.me | sekameshi.com | tabelog.com | yahoo.co.jp | zubora-o-works.com,other_or_restaurant_controlled | review_or_reservation_platform,3,3,negative_quality_evidence_not_structurally_captured | local_audience | international_visibility | corporate_visibility
ChIJKUNdbLRhGGAR6U4jIpEeiM8,Jizake Washu no Mise Otsuka,居酒屋,Ota Initial,71.66,80.86,80.86,0.0,public-v3-local-discovery,81.26,0.0,0.0,0.0,0.0,81.26,81.26,81.26,64.71,100.0,78.34,64.71,100.0,78.34,80.86,0.0,80.86,80.86,80.86,80.71,0.0,0.0,0.0,-0.15,True,True,True,independent_single,False,False,,,True,,87.95,,,hitorinomi.jp | hotpepper.jp | sake-otsuka.com | tabelog.com,other_or_restaurant_controlled | review_or_reservation_platform,2,3,negative_quality_evidence_not_structurally_captured
ChIJKXakZVqLGGARFncBrKuzPI4,Sendai Gyutan & Steak Momiji Akasaka,牛タン店,Shinjuku Initial,70.17,70.97,70.97,0.0,public-v3-local-discovery,73.82,0.0,0.0,0.0,0.0,73.82,73.82,73.82,60.06,79.0,67.58,60.06,100.0,70.92,74.96,3.99,74.96,74.96,74.96,74.81,3.99,3.99,3.99,3.84,False,True,True,unknown,False,False,,,True,,88.35,,,,other_or_restaurant_controlled | review_or_reservation_platform,0,1,no_independently_corroborated_food_quality_theme | negative_quality_evidence_not_structurally_captured | chain_classification
ChIJKaNNxXqLGGARxIA_T3NT7dk,Kasumicho Sanmaruichi no Ichi,Kappo / Japanese cuisine,Shinjuku Initial,61.28,69.99,69.99,0.0,public-v3-local-discovery,67.81,0.0,0.0,0.0,0.0,67.81,67.81,67.81,48.95,100.0,68.55,48.95,100.0,68.55,69.99,0.0,69.99,69.99,69.99,70.03,0.0,0.0,0.0,0.04,False,True,True,independent_single,False,False,,,True,,87.95,,,atpress.ne.jp | kiwamino.com | opentable.jp | tabelog.com,other_or_restaurant_controlled | review_or_reservation_platform,2,3,negative_quality_evidence_not_structurally_captured
ChIJKaa8hG-LGGAR24xLzMrKdNw,Yakiniku Kamui,焼肉,Chuo Initial,79.67,74.94,74.94,0.0,public-v3-local-discovery,85.92,0.0,0.0,0.0,0.0,85.92,85.92,85.92,52.58,82.5,64.06,52.58,82.5,66.54,75.56,0.62,75.56,75.56,75.56,74.59,0.62,0.62,0.62,-0.35,False,True,True,small_group_distinct_concept,False,False,,,True,,88.35,,,,,0,0,quality_review_themes_unavailable | negative_quality_evidence_not_structurally_captured | local_audience
ChIJKbl3zY6IGGAReWrC3eiJeiU,Yanagi Sushi,寿司,Koto Initial,73.54,78.25,78.25,0.0,public-v3-local-discovery,63.02,1.0,1.0,1.0,1.0,64.02,64.02,64.02,85.22,100.0,88.42,85.22,100.0,88.42,78.25,0.0,78.7,78.7,78.7,79.92,0.45,0.45,0.45,1.67,True,True,True,independent_single,False,False,,,True,,87.95,consistency/longevity +1: Long-running neighborhood sushi shop with reported multi-generational continuity,,tabelog.com | yahoo.co.jp,other_or_restaurant_controlled | review_or_reservation_platform,1,1,negative_quality_evidence_not_structurally_captured
ChIJKcFsGACNGGARHVfx-cEkHLA,Hanasaku Kuranosuke Hanare,Japanese restaurant,Toshima Initial,70.37,72.87,72.87,0.0,public-v3-local-discovery,73.07,0.0,0.0,0.0,0.0,73.07,73.07,73.07,64.46,78.5,74.18,64.46,78.5,77.33,73.66,0.79,73.66,73.66,73.66,73.87,0.79,0.79,0.79,1.0,False,True,True,small_group_distinct_concept,False,False,,,True,,88.35,,,hanasaku-kuranosukehanare.com | hotpepper.jp | tabelog.com | yahoo.co.jp,other_or_restaurant_controlled | review_or_reservation_platform,2,3,negative_quality_evidence_not_structurally_captured
ChIJKckm35aRGGAR7hDYMHwAK0I,Izakaya Futaba,Izakaya,Adachi Initial,69.52,74.67,74.67,0.0,public-v3-local-discovery,56.27,0.0,0.0,0.0,0.0,56.27,56.27,56.27,90.73,94.0,86.54,90.73,100.0,90.6,76.58,1.91,76.58,76.58,76.58,78.3,1.91,1.91,1.91,3.63,False,True,True,independent_single,False,False,,,True,,71.15,,,,,0,0,quality_review_themes_unavailable | negative_quality_evidence_not_structurally_captured | specialist_restaurant
ChIJKdWxmR71GGAR1vIkBomBWiY,de’Afrique (De Afrique),African restaurant and bar,Setagaya Initial,63.76,73.09,73.09,0.0,public-v3-local-discovery,65.05,0.0,0.0,0.0,0.0,65.05,65.05,65.05,67.07,100.0,75.02,67.07,100.0,78.17,73.88,0.79,73.88,73.88,73.88,74.53,0.79,0.79,0.79,1.44,False,True,True,independent_single,False,False,,,True,,81.95,,,de-afrique.com | search-ethnic.com,other_or_restaurant_controlled,1,3,negative_quality_evidence_not_structurally_captured
ChIJKdddfwDzGGAR1YfPayuwpFo,Hamadayama Jojoen,Yakiniku restaurant,Suginami,87.04,88.39,81.62,-6.77,public-v1,80.75,0.0,0.0,0.0,0.0,80.75,80.75,80.75,93.0,96.0,0.0,93.0,86.67,92.97,86.53,4.91,86.53,86.53,86.53,87.14,4.91,4.91,4.91,5.52,True,True,True,unknown,False,False,,,True,,72.95,,,,,0,0,quality_review_themes_unavailable | negative_quality_evidence_not_structurally_captured | chain_classification | local_audience | international_visibility | corporate_visibility
ChIJKeJ6EOuOGGARL8WQRRzW6bA,Shodai Choberiba,Yakitori / izakaya,Taito Initial,73.59,76.55,76.55,0.0,public-v3-local-discovery,59.29,0.0,0.0,0.0,0.0,59.29,59.29,59.29,87.85,100.0,86.77,87.85,100.0,89.92,77.34,0.79,77.34,77.34,77.34,78.87,0.79,0.79,0.79,2.32,True,True,True,independent_single,False,False,,,True,,87.95,,,gnavi.co.jp | tabelog.com,review_or_reservation_platform,1,1,negative_quality_evidence_not_structurally_captured
ChIJKx08zZ-NGGARQo5Axzq02Zg,Otsuka Takase,Sushi restaurant,Shinjuku Initial,75.11,74.73,74.73,0.0,public-v3-local-discovery,60.45,0.0,0.0,0.0,0.0,60.45,60.45,60.45,75.68,100.0,84.69,75.68,100.0,84.69,74.73,0.0,74.73,74.73,74.73,75.94,0.0,0.0,0.0,1.21,False,True,True,independent_single,False,False,,,True,,87.55,,,,,0,0,quality_review_themes_unavailable | negative_quality_evidence_not_structurally_captured
ChIJKzXne1D1GGARQuBotV-AvUA,Fukuda,Japanese cuisine / izakaya,Ota Initial,66.04,70.46,70.46,0.0,public-v3-local-discovery,48.76,0.0,0.0,0.0,0.0,48.76,48.76,48.76,79.51,100.0,86.36,79.51,100.0,86.36,70.46,0.0,70.46,70.46,70.46,72.34,0.0,0.0,0.0,1.88,False,True,True,independent_single,False,False,,,True,,87.95,,,,other_or_restaurant_controlled | review_or_reservation_platform,0,2,no_independently_corroborated_food_quality_theme | negative_quality_evidence_not_structurally_captured
ChIJL1xOhCfsGGAR8M4QGYqUuAo,Wakasugi,Japanese cuisine,Suginami Initial,70.55,75.55,75.55,0.0,public-v3-local-discovery,59.2,0.0,0.0,0.0,0.0,59.2,59.2,59.2,81.53,100.0,86.73,81.53,100.0,86.73,75.55,0.0,75.55,75.55,75.55,76.93,0.0,0.0,0.0,1.38,True,True,True,independent_single,False,False,,,True,,87.55,,,autoreserve.com | tabelog.com,other_or_restaurant_controlled | review_or_reservation_platform,1,1,negative_quality_evidence_not_structurally_captured
ChIJL2GGlx3tGGARhUudZngEdf0,Nagomiya,居酒屋,Shinjuku Initial,73.83,82.07,82.07,0.0,public-v3-local-discovery,77.41,2.0,2.0,2.0,2.0,79.41,79.41,79.41,77.31,100.0,82.56,77.31,100.0,82.56,82.07,0.0,82.97,82.97,82.97,83.13,0.9,0.9,0.9,1.06,True,True,True,independent_single,False,False,,,True,,87.95,signature-dish reputation +2: Lava-stone grilling is a defining food feature,,seiburailway.jp | tabelog.com,other_or_restaurant_controlled | review_or_reservation_platform,1,2,negative_quality_evidence_not_structurally_captured
ChIJL3yqtiCSGGARNcHzMNVJJCk,Akari,Okonomiyaki restaurant,Adachi Initial,62.28,71.13,71.13,0.0,public-v3-local-discovery,58.18,0.0,0.0,0.0,0.0,58.18,58.18,58.18,71.79,100.0,76.73,71.79,100.0,79.88,71.92,0.79,71.92,71.92,71.92,73.0,0.79,0.79,0.79,1.87,False,True,True,independent_single,False,False,,,True,,72.15,,,,,0,0,quality_review_themes_unavailable | negative_quality_evidence_not_structurally_captured
ChIJL4XKpJntGGARVPZQ4yNR0kM,Sakedokoro Cool,居酒屋・ダイニングバー,Suginami Initial,75.07,79.1,79.1,0.0,public-v3-local-discovery,65.54,0.0,0.0,0.0,0.0,65.54,65.54,65.54,91.43,94.0,87.17,91.43,100.0,91.3,81.03,1.93,81.03,81.03,81.03,82.32,1.93,1.93,1.93,3.22,True,True,True,independent_single,False,False,,,True,,87.95,,,,other_or_restaurant_controlled | review_or_reservation_platform,0,3,no_independently_corroborated_food_quality_theme | same_source_family_themes_excluded:1 | negative_quality_evidence_not_structurally_captured | specialist_restaurant
ChIJL6H1TZ6OGGARjO95iA48Sz4,Maguro Ichiba Ueno Ameyoko,Seafood rice bowl restaurant,Taito Initial,74.56,63.69,63.69,0.0,public-v3-local-discovery,59.35,0.0,0.0,0.0,0.0,59.35,59.35,59.35,73.71,61.0,67.09,73.71,40.0,66.36,60.35,-3.34,60.35,60.35,60.35,60.7,-3.34,-3.34,-3.34,-2.99,False,True,True,unknown,False,False,,,True,,87.95,,,,other_or_restaurant_controlled | review_or_reservation_platform,0,1,no_independently_corroborated_food_quality_theme | negative_quality_evidence_not_structurally_captured | chain_classification
ChIJL7sHRwBhGGAR6frEU_MEcqM,Kado no Uzuraya,焼き鳥,Ota Initial,76.8,81.41,81.41,0.0,public-v3-local-discovery,64.91,0.0,0.0,0.0,0.0,64.91,64.91,64.91,94.11,100.0,92.34,94.11,100.0,92.34,81.41,0.0,81.41,81.41,81.41,82.78,0.0,0.0,0.0,1.37,True,True,True,independent_single,False,False,,,True,,81.95,,,,,0,0,quality_review_themes_unavailable | negative_quality_evidence_not_structurally_captured
ChIJL8vc5RSLGGARhXKvd0w7BXE,Sushi-ya Ono,Sushi restaurant,Shibuya Initial,76.81,75.55,75.55,0.0,public-v3-local-discovery,80.81,0.0,0.0,0.0,0.0,80.81,80.81,80.81,62.93,78.5,71.89,62.93,78.5,71.89,75.55,0.0,75.55,75.55,75.55,75.11,0.0,0.0,0.0,-0.44,True,True,True,small_group_distinct_concept,False,False,,,True,,88.35,,,,,0,0,quality_review_themes_unavailable | negative_quality_evidence_not_structurally_captured
ChIJL9tbR1iLGGAR6IYVz2eGSpY,Tokyo Washoku Rikuu,Japanese cuisine,Shibuya Initial,63.52,61.28,61.28,0.0,public-v3-local-discovery,60.0,0.0,0.0,0.0,0.0,60.0,60.0,60.0,51.56,79.0,58.78,51.56,100.0,57.35,64.07,2.79,64.07,64.07,64.07,63.94,2.79,2.79,2.79,2.66,False,True,True,unknown,False,False,,,True,,88.35,,,,,0,0,quality_review_themes_unavailable | negative_quality_evidence_not_structurally_captured | chain_classification | local_audience
ChIJLS2KBhSMGGARGIyajoRNqxI,Kin Sushi,Sushi restaurant,Chiyoda,87.54,79.68,78.05,-1.63,public-v1,83.84,0.0,0.0,0.0,0.0,83.84,83.84,83.84,69.53,100.0,0.0,69.53,100.0,77.72,82.59,4.54,82.59,82.59,82.59,82.28,4.54,4.54,4.54,4.23,True,True,True,unknown,False,False,,,True,,88.35,,,,,0,0,quality_review_themes_unavailable | negative_quality_evidence_not_structurally_captured | chain_classification | local_audience | international_visibility | corporate_visibility
ChIJLSWTTwCPGGAR5UnkDMXvn88,Lion’s Pub Sri Lankan Restaurant & Bar,Sri Lankan restaurant,Taito Initial,71.43,80.93,80.93,0.0,public-v3-local-discovery,82.11,0.0,0.0,0.0,0.0,82.11,82.11,82.11,74.1,100.0,71.47,74.1,100.0,74.62,81.72,0.79,81.72,81.72,81.72,81.34,0.79,0.79,0.79,0.41,True,True,True,independent_single,False,False,,,True,,75.15,,,,,0,0,quality_review_themes_unavailable | negative_quality_evidence_not_structurally_captured
ChIJLVtAAAnvGGARloIScRKg2dg,Sumibi Yakiniku Musashi,焼肉,Suginami Initial,61.71,64.76,64.76,0.0,public-v3-local-discovery,34.36,2.0,2.0,2.0,2.0,36.36,36.36,36.36,85.5,100.0,85.88,85.5,100.0,89.03,65.54,0.78,66.44,66.44,66.44,69.08,1.68,1.68,1.68,4.32,False,True,True,independent_single,False,False,,,True,,81.95,specialist/craft evidence +2: Charcoal-grilled yakiniku with Korean side dishes,,hotpepper.jp | tabelog.com,review_or_reservation_platform,1,2,negative_quality_evidence_not_structurally_captured
ChIJLXAYkTWLGGARC4EE-8e4XWI,TenCups Cafe Bar & Lounge,Cafe and cocktail bar,Shibuya Initial,64.03,69.43,69.43,0.0,public-v3-local-discovery,78.78,2.0,2.0,2.0,2.0,80.78,80.78,80.78,40.98,94.0,54.95,40.98,100.0,55.5,70.47,1.04,71.37,71.37,71.37,70.11,1.94,1.94,1.94,0.68,False,True,True,independent_single,False,False,,,True,,88.35,signature-dish reputation +2: Distinctive pandan-based coffee and specialty drinks,,tencupsjp.com | tripadvisor.com | voyapon.com,other_or_restaurant_controlled | review_or_reservation_platform,2,4,negative_quality_evidence_not_structurally_captured | specialist_restaurant
ChIJLXwZBfuNGGARu4Epp9TGaVE,Da-ism Sendagaya,Cafe and dining restaurant,Shibuya Initial,72.22,72.07,72.07,0.0,public-v3-local-discovery,56.66,0.0,0.0,0.0,0.0,56.66,56.66,56.66,75.72,100.0,80.86,75.72,100.0,84.01,72.86,0.79,72.86,72.86,72.86,74.22,0.79,0.79,0.79,2.15,False,True,True,independent_single,False,False,,,True,,87.95,,,,,0,0,quality_review_themes_unavailable | negative_quality_evidence_not_structurally_captured
ChIJLXxwx_1gGGARvz3PFx1Duqk,A la Carte ME・YOU,居酒屋・ダイニングバー,Ota,82.95,78.99,80.74,1.75,public-v2-chain-classification,81.77,0.0,0.0,0.0,0.0,81.77,81.77,81.77,86.66,79.0,0.0,86.66,100.0,86.88,86.52,5.78,86.52,86.52,86.52,86.77,5.78,5.78,5.78,6.03,True,True,True,unknown,False,False,,,True,,87.15,,,,,0,0,quality_review_themes_unavailable | negative_quality_evidence_not_structurally_captured | chain_classification | local_audience | international_visibility | corporate_visibility
ChIJLYr_6CmNGGARCauGxtGuPYY,Kojimachi O-Udon Kai,うどん,Chiyoda Initial,77.09,77.87,77.87,0.0,public-v3-local-discovery,64.15,1.5,1.5,1.5,1.5,65.65,65.65,65.65,82.3,100.0,86.61,82.3,100.0,89.76,78.65,0.78,79.33,79.33,79.33,80.53,1.46,1.46,1.46,2.66,True,True,True,independent_single,False,False,,,True,,87.95,food/execution praise +1.5: Freshly prepared Sanuki-style udon,,retty.me | tabelog.com,review_or_reservation_platform,1,2,negative_quality_evidence_not_structurally_captured
ChIJLZDW2iPBGGARu6JKo5YR8yM,ANDY KEBAB,トルコ料理・ケバブ,Toshima Initial,79.58,82.45,82.45,0.0,public-v3-local-discovery,90.54,0.0,0.0,0.0,0.0,90.54,90.54,90.54,78.45,79.0,72.36,78.45,100.0,72.95,85.75,3.3,85.75,85.75,85.75,84.87,3.3,3.3,3.3,2.42,True,True,True,unknown,False,False,,,True,,87.95,,,ubereats.com | yahoo.co.jp,blog_platform | other_or_restaurant_controlled | review_or_reservation_platform,1,2,negative_quality_evidence_not_structurally_captured | chain_classification
ChIJLZYCfA6LGGAR3ua4RhQqOG0,HA Restaurant Bar and Wine Shop,Italian restaurant,Shibuya Initial,72.62,76.94,76.94,0.0,public-v3-local-discovery,70.32,0.0,0.0,0.0,0.0,70.32,70.32,70.32,75.84,100.0,75.67,75.84,100.0,78.83,77.73,0.79,77.73,77.73,77.73,78.15,0.79,0.79,0.79,1.21,True,True,True,independent_single,False,False,,,True,,81.95,,,,,0,0,quality_review_themes_unavailable | negative_quality_evidence_not_structurally_captured
ChIJLaZ-H1CLGGARDWuOinQuVfE,Yakiniku Kappo Note,Wagyu yakiniku kappo,Minato Initial,72.53,75.77,75.77,0.0,public-v3-local-discovery,97.04,0.0,0.0,0.0,0.0,97.04,97.04,97.04,45.84,79.0,53.51,45.84,100.0,49.38,77.89,2.12,77.89,77.89,77.89,75.51,2.12,2.12,2.12,-0.26,True,True,True,unknown,False,False,,,True,,87.95,,,mds-fund.com | tabelog.com,other_or_restaurant_controlled | review_or_reservation_platform,1,3,negative_quality_evidence_not_structurally_captured | chain_classification
ChIJLbQWZfGRGGARCrpUXqMjg2A,Ohtone,Okonomiyaki restaurant,Adachi Initial,62.17,76.07,76.07,0.0,public-v3-local-discovery,56.07,0.0,0.0,0.0,0.0,56.07,56.07,56.07,90.34,100.0,89.14,90.34,100.0,92.29,76.86,0.79,76.86,76.86,76.86,78.67,0.79,0.79,0.79,2.6,True,True,True,independent_single,False,False,,,True,,87.95,,,,,0,0,quality_review_themes_unavailable | negative_quality_evidence_not_structurally_captured
ChIJLeCwqkjyGGARBF597qN7c48,Yushokuya Arakawa,居酒屋,Suginami Initial,74.21,72.31,72.31,0.0,public-v3-local-discovery,61.56,0.0,0.0,0.0,0.0,61.56,61.56,61.56,92.93,73.0,78.88,92.93,100.0,90.04,79.15,6.84,79.15,79.15,79.15,80.58,6.84,6.84,6.84,8.27,False,True,True,unknown,False,False,,,True,,81.95,,,,,0,0,quality_review_themes_unavailable | negative_quality_evidence_not_structurally_captured | chain_classification | specialist_restaurant
ChIJLePkiXaLGGARd_CZbep5Sw0,Gyumotsu Gyuniku Sake Banrai,居酒屋,Shibuya Initial,71.25,73.93,73.93,0.0,public-v3-local-discovery,67.49,1.5,1.5,1.5,1.5,68.99,68.99,68.99,82.25,82.5,75.38,82.25,82.5,78.53,74.72,0.79,75.39,75.39,75.39,75.87,1.46,1.46,1.46,1.94,False,True,True,small_group_distinct_concept,False,False,,,True,,87.95,food/execution praise +1.5: Fresh beef offal and meat sashimi are central menu highlights,,food-stadium.com | tabelog.com | yahoo.co.jp,other_or_restaurant_controlled | review_or_reservation_platform,2,3,same_source_family_themes_excluded:1 | negative_quality_evidence_not_structurally_captured
ChIJLwYVAW_xGGARp0NCDAnHsH4,Seijo Lunch Pino,洋食,Setagaya Initial,65.78,73.27,73.27,0.0,public-v3-local-discovery,69.01,0.0,0.0,0.0,0.0,69.01,69.01,69.01,67.51,94.0,71.96,67.51,100.0,77.9,75.66,2.39,75.66,75.66,75.66,76.1,2.39,2.39,2.39,2.83,False,True,True,independent_single,False,False,,,True,,81.95,,,,,0,0,quality_review_themes_unavailable | negative_quality_evidence_not_structurally_captured | specialist_restaurant
ChIJLxsQkl6LGGAREL9ddFDkvZs,VIVE LAVIE,ライブバー・エスニックバー,Shibuya Initial,78.67,49.99,49.99,0.0,public-v3-local-discovery,83.99,0.0,0.0,0.0,0.0,83.99,83.99,83.99,85.99,94.0,76.34,85.99,100.0,82.77,49.99,0.0,49.99,49.99,49.99,49.99,0.0,0.0,0.0,0.0,False,False,True,independent_single,False,False,,,False,product_ineligible,69.95,,,,,0,0,quality_review_themes_unavailable | negative_quality_evidence_not_structurally_captured | specialist_restaurant
ChIJLyuDBeuNGGARoJT7qwvdjag,Yiban Malatang · Hunan Spicy Rice Noodles,麻辣湯・湖南米粉,Toshima Initial,67.02,67.57,67.57,0.0,public-v3-local-discovery,59.67,0.0,0.0,0.0,0.0,59.67,59.67,59.67,76.02,79.0,69.86,76.02,100.0,73.76,71.69,4.12,71.69,71.69,71.69,72.4,4.12,4.12,4.12,4.83,False,True,True,unknown,False,False,,,True,,81.95,,,,review_or_reservation_platform,0,3,no_independently_corroborated_food_quality_theme | same_source_family_themes_excluded:3 | negative_quality_evidence_not_structurally_captured | chain_classification
ChIJM-xFqLFhGGARKiaPV_w-Y4g,S'allier,French restaurant,Ota Initial,70.07,80.39,80.39,0.0,public-v3-local-discovery,85.12,0.0,0.0,0.0,0.0,85.12,85.12,85.12,67.46,100.0,67.87,67.46,100.0,71.02,81.18,0.79,81.18,81.18,81.18,80.47,0.79,0.79,0.79,0.08,True,True,True,independent_single,False,False,,,True,,82.35,,,,,0,0,quality_review_themes_unavailable | negative_quality_evidence_not_structurally_captured
ChIJM22uLtWPGGARRfrIwfsS-H0,Okonomiyaki Sachi,お好み焼き・もんじゃ焼き,Adachi Initial,73.74,78.12,78.12,0.0,public-v3-local-discovery,62.97,0.0,0.0,0.0,0.0,62.97,62.97,62.97,82.61,100.0,89.58,82.61,100.0,89.58,78.12,0.0,78.12,78.12,78.12,79.45,0.0,0.0,0.0,1.33,True,True,True,independent_single,False,False,,,True,,87.55,,,,,0,0,quality_review_themes_unavailable | negative_quality_evidence_not_structurally_captured
ChIJM5GGCbHtGGARmUWyurTE6MY,Teppan Dining Ougi,Monjayaki restaurant,Suginami Initial,73.56,69.8,69.8,0.0,public-v3-local-discovery,55.12,0.0,0.0,0.0,0.0,55.12,55.12,55.12,91.26,79.0,77.83,91.26,100.0,91.51,76.37,6.57,76.37,76.37,76.37,78.19,6.57,6.57,6.57,8.39,False,True,True,unknown,False,False,,,True,,75.95,,,,,0,0,quality_review_themes_unavailable | negative_quality_evidence_not_structurally_captured | chain_classification | local_audience
ChIJM5Ztep-SGGARGAGCCzqKl7s,Sakedokoro Fujieda,居酒屋,Toshima Initial,78.33,83.2,83.2,0.0,public-v3-local-discovery,73.53,0.0,0.0,0.0,0.0,73.53,73.53,73.53,85.46,100.0,89.19,85.46,100.0,89.19,83.2,0.0,83.2,83.2,83.2,83.99,0.0,0.0,0.0,0.79,True,True,True,independent_single,False,False,,,True,,87.95,,,,,0,0,quality_review_themes_unavailable | negative_quality_evidence_not_structurally_captured
ChIJM6jjWTORGGAROkz9W1uLJsQ,Susuma Asian Shokudo & Izakaya,アジアン料理・居酒屋,Adachi Initial,73.45,74.43,74.43,0.0,public-v3-local-discovery,64.71,0.0,0.0,0.0,0.0,64.71,64.71,64.71,85.02,79.0,82.83,85.02,100.0,86.04,78.38,3.95,78.38,78.38,78.38,79.45,3.95,3.95,3.95,5.02,False,True,True,unknown,False,False,,,True,,87.95,,,,,0,0,quality_review_themes_unavailable | negative_quality_evidence_not_structurally_captured | chain_classification
ChIJM7HUbA1hGGARtZKt-yk2G0k,Khao Soi,タイ料理,Ota Initial,75.43,75.23,75.23,0.0,public-v3-local-discovery,52.41,0.0,0.0,0.0,0.0,52.41,52.41,52.41,92.92,100.0,90.82,92.92,100.0,93.97,76.02,0.79,76.02,76.02,76.02,78.09,0.79,0.79,0.79,2.86,True,True,True,independent_single,False,False,,,True,,87.95,,,tabelog.com | yahoo.co.jp,other_or_restaurant_controlled | review_or_reservation_platform,1,1,negative_quality_evidence_not_structurally_captured
ChIJM7fG8_KRGGARGfKHCW-9KWA,Izakaya Nagomi,居酒屋,Adachi Initial,72.55,79.82,79.82,0.0,public-v3-local-discovery,72.46,0.0,0.0,0.0,0.0,72.46,72.46,72.46,83.67,94.0,82.24,83.67,100.0,85.82,81.61,1.79,81.61,81.61,81.61,82.28,1.79,1.79,1.79,2.46,True,True,True,independent_single,False,False,,,True,,79.95,,,,,0,0,quality_review_themes_unavailable | negative_quality_evidence_not_structurally_captured | specialist_restaurant
ChIJMVniphuSGGARNu183ty0Lkw,Matsuriya,Izakaya,Adachi Initial,63.0,64.53,64.53,0.0,public-v3-local-discovery,46.68,0.0,0.0,0.0,0.0,46.68,46.68,46.68,86.92,73.0,78.16,86.92,100.0,84.52,70.17,5.64,70.17,70.17,70.17,72.07,5.64,5.64,5.64,7.54,False,True,True,unknown,False,False,,,True,,74.75,,,,,0,0,quality_review_themes_unavailable | negative_quality_evidence_not_structurally_captured | chain_classification | specialist_restaurant
ChIJMWXDaK9hGGARJT98E5mImQA,Sen -SEN-,居酒屋,Ota Initial,76.27,83.3,83.3,0.0,public-v3-local-discovery,88.2,0.0,0.0,0.0,0.0,88.2,88.2,88.2,71.92,94.0,74.9,71.92,100.0,77.67,84.9,1.6,84.9,84.9,84.9,84.37,1.6,1.6,1.6,1.07,True,True,True,independent_single,False,False,,,True,,87.55,,,tabelog.com | yahoo.co.jp,other_or_restaurant_controlled | review_or_reservation_platform,2,3,same_source_family_themes_excluded:1 | negative_quality_evidence_not_structurally_captured | specialist_restaurant
ChIJMWgWEWGMGGARVCQI8A1jeAM,Sōsaku Ryōri Ritoma,Izakaya,Chiyoda Initial,65.19,67.83,67.83,0.0,public-v3-local-discovery,57.2,0.0,0.0,0.0,0.0,57.2,57.2,57.2,68.84,94.0,70.67,68.84,100.0,76.47,70.18,2.35,70.18,70.18,70.18,71.15,2.35,2.35,2.35,3.32,False,True,True,independent_single,False,False,,,True,,88.35,,,owst.jp | tabelog.com,other_or_restaurant_controlled | review_or_reservation_platform,2,3,negative_quality_evidence_not_structurally_captured | specialist_restaurant
ChIJMZTQk7mRGGARHbVvvamciYM,Horumon Seisakusho Nanaya,Yakiniku and horumon,Adachi Initial,65.25,69.72,69.72,0.0,public-v3-local-discovery,51.48,3.5,3.5,3.5,3.5,54.98,54.98,54.98,74.53,100.0,81.51,74.53,100.0,84.66,70.51,0.79,72.09,72.09,72.09,73.57,2.37,2.37,2.37,3.85,False,True,True,independent_single,False,False,,,True,,87.95,food/execution praise +1.5: Cold noodles are specifically mentioned as a standout dish | signature-dish reputation +2: Cold noodles are specifically mentioned as a standout dish,,eat-home.tokyo | ekiten.jp | tabelog.com,other_or_restaurant_controlled | review_or_reservation_platform,2,3,negative_quality_evidence_not_structurally_captured
ChIJMZvFz8CLGGARPjo0cYQhAV0,Ginza Obi,Japanese-French restaurant,Chuo Initial,77.5,78.39,78.39,0.0,public-v3-local-discovery,81.82,1.5,1.5,1.5,1.5,83.32,83.32,83.32,57.67,100.0,71.68,57.67,100.0,71.68,78.39,0.0,79.06,79.06,79.06,78.48,0.67,0.67,0.67,0.09,True,True,True,independent_single,False,False,,,True,,87.95,food/execution praise +1.5: Seasonal Japanese-French courses with carefully prepared individual dishes,,omakaseje.com | tabelog.com,other_or_restaurant_controlled | review_or_reservation_platform,1,1,negative_quality_evidence_not_structurally_captured
ChIJM_nWKwCJGGARiEn4CYp88SE,Kuroya Kayabacho,Izakaya,Chuo Initial,69.99,68.98,68.98,0.0,public-v3-local-discovery,73.84,0.0,0.0,0.0,0.0,73.84,73.84,73.84,56.77,79.0,61.55,56.77,100.0,61.41,72.1,3.12,72.1,72.1,72.1,71.47,3.12,3.12,3.12,2.49,False,True,True,unknown,False,False,,,True,,75.95,,,,,0,0,quality_review_themes_unavailable | negative_quality_evidence_not_structurally_captured | chain_classification | local_audience | corporate_visibility
ChIJMbYSLQCNGGARB5X65ALqi0E,Yakiniku Sho Kanda-nishiguchi,焼肉,Chiyoda Initial,70.84,75.47,75.47,0.0,public-v3-local-discovery,71.62,0.0,0.0,0.0,0.0,71.62,71.62,71.62,61.16,100.0,76.28,61.16,100.0,79.43,76.26,0.79,76.26,76.26,76.26,76.65,0.79,0.79,0.79,1.18,True,True,True,independent_single,False,False,,,True,,88.35,,,,,0,0,quality_review_themes_unavailable | negative_quality_evidence_not_structurally_captured
ChIJMc63GMSLGGAR6NR9SgtMoEI,Tsukiji Sushi Omakase Chikaku no Nikai,寿司,Chuo Initial,68.33,65.37,65.37,0.0,public-v3-local-discovery,57.23,0.0,0.0,0.0,0.0,57.23,57.23,57.23,69.19,70.5,74.64,69.19,70.5,78.99,66.45,1.08,66.45,66.45,66.45,67.54,1.08,1.08,1.08,2.17,False,True,True,small_group_distinct_concept,False,False,,,True,,88.35,,,,,0,0,quality_review_themes_unavailable | negative_quality_evidence_not_structurally_captured | local_audience
ChIJMdaU3fzzGGARVYr6UravT-w,Tokino Oto Seisakusho,French bistro,Suginami Initial,65.25,73.9,73.9,0.0,public-v3-local-discovery,68.08,0.0,0.0,0.0,0.0,68.08,68.08,68.08,63.23,100.0,75.11,63.23,100.0,78.27,74.69,0.79,74.69,74.69,74.69,75.2,0.79,0.79,0.79,1.3,False,True,True,independent_single,False,True,confirmed_address_identity_conflict,,False,critical:confirmed_address_identity_conflict,72.95,,,hotpepper.jp | tokino-oto1105.com,other_or_restaurant_controlled | review_or_reservation_platform,1,4,negative_quality_evidence_not_structurally_captured
ChIJMeZssEuJGGARnSkqV8aOV5U,MINI Karaoke and Restaurant,Asian restaurant,Koto Initial,60.3,64.87,64.87,0.0,public-v3-local-discovery,51.08,0.0,0.0,0.0,0.0,51.08,51.08,51.08,83.78,73.0,73.48,95.05,100.0,95.2,76.04,11.17,76.04,76.04,76.04,78.25,11.17,11.17,11.17,13.38,False,True,True,unknown,False,False,,,True,,22.95,,,,,0,0,quality_review_themes_unavailable | negative_quality_evidence_not_structurally_captured | tourist_coverage | chain_classification | specialist_restaurant | local_audience | tourist_orientation | international_visibility | corporate_visibility
ChIJMetHZg9hGGAR9ZAC3wrb8vE,Daisen,焼肉,Ota Initial,71.71,73.11,73.11,0.0,public-v3-local-discovery,44.24,0.0,0.0,0.0,0.0,44.24,44.24,44.24,100.0,100.0,92.8,100.0,100.0,95.95,73.9,0.79,73.9,73.9,73.9,76.48,0.79,0.79,0.79,3.37,False,True,True,independent_single,False,False,,,True,,75.95,,,,,0,0,quality_review_themes_unavailable | negative_quality_evidence_not_structurally_captured
ChIJMfX2tJWOGGARfwwCPJ6OMas,REPRESENT,ダイニングバー・居酒屋,Taito Initial,77.38,79.08,79.08,0.0,public-v3-local-discovery,70.87,3.5,3.5,3.5,3.5,74.37,74.37,74.37,84.9,94.0,81.42,84.9,100.0,88.42,81.73,2.65,83.31,83.31,83.31,84.01,4.23,4.23,4.23,4.93,False,True,True,independent_single,False,True,confirmed_address_identity_conflict,,False,critical:confirmed_address_identity_conflict,87.15,"food/execution praise +1.5: Omurice is the standout lunch dish, especially the low-priced one-coin offering | signature-dish reputation +2: Omurice is the standout lunch dish, especially the low-priced one-coin offering",,happiness-gogo.com | hatenablog.com | higashi-tokyo.com | tabelog.com,other_or_restaurant_controlled | review_or_reservation_platform,2,2,negative_quality_evidence_not_structurally_captured | specialist_restaurant
ChIJMwW4woHzGGARy2q8eF0NBH8,Itamae Kappo Shuraku,Japanese restaurant,Setagaya Initial,60.03,68.99,68.99,0.0,public-v3-local-discovery,49.04,0.0,0.0,0.0,0.0,49.04,49.04,49.04,79.05,100.0,80.25,79.05,100.0,83.41,69.78,0.79,69.78,69.78,69.78,71.5,0.79,0.79,0.79,2.51,False,True,True,independent_single,False,False,,,True,,82.35,,,,,0,0,quality_review_themes_unavailable | negative_quality_evidence_not_structurally_captured
ChIJN-jHvN_zGGARDRKD_Aq24WM,Hamadayama Niku Ryutsu Center,焼肉,Suginami,87.34,54.99,54.99,0.0,public-v3-local-discovery,87.75,0.0,0.0,0.0,0.0,87.75,87.75,87.75,83.5,36.0,66.1,83.5,36.0,69.25,54.99,0.0,54.99,54.99,54.99,54.99,0.0,0.0,0.0,0.0,False,True,True,small_same_brand_chain,True,False,,,False,chain_excluded,87.95,,,,other_or_restaurant_controlled | review_or_reservation_platform,0,2,no_independently_corroborated_food_quality_theme | negative_quality_evidence_not_structurally_captured
ChIJN1U763GLGGARV5LxKZ-3aUw,Warasou,Japanese cuisine / izakaya,Minato Initial,60.21,63.89,63.89,0.0,public-v3-local-discovery,45.83,0.0,0.0,0.0,0.0,45.83,45.83,45.83,62.71,100.0,75.45,62.71,100.0,75.45,63.89,0.0,63.89,63.89,63.89,65.37,0.0,0.0,0.0,1.48,False,True,True,independent_single,False,False,,,True,,88.35,,,exblog.jp | tabelog.com,other_or_restaurant_controlled | review_or_reservation_platform,1,2,negative_quality_evidence_not_structurally_captured
ChIJN358IeaOGGARj2E_kHf2dB4,Wagashi Tsukasa Tokiwaya,Japanese sweets shop,Taito Initial,61.74,73.64,73.64,0.0,public-v3-local-discovery,59.39,2.0,2.0,2.0,2.0,61.39,61.39,61.39,77.0,100.0,81.46,77.0,100.0,81.46,73.64,0.0,74.54,74.54,74.54,75.54,0.9,0.9,0.9,1.9,False,True,True,independent_single,False,False,,,True,,75.95,specialist/craft evidence +2: Dango and handmade rice items are recurring highlights,,follow-up.co.jp | sanya-tokyo.com,other_or_restaurant_controlled,1,3,negative_quality_evidence_not_structurally_captured
ChIJN41O3OH1GGARew2gLQQ4Eys,Izakaya Hiro,居酒屋,Setagaya Initial,74.76,76.16,76.16,0.0,public-v3-local-discovery,58.11,0.0,0.0,0.0,0.0,58.11,58.11,58.11,91.55,94.0,88.73,91.55,100.0,93.04,78.14,1.98,78.14,78.14,78.14,79.89,1.98,1.98,1.98,3.73,True,True,True,independent_single,False,False,,,True,,87.95,,,,,0,0,quality_review_themes_unavailable | negative_quality_evidence_not_structurally_captured | specialist_restaurant
ChIJN56DffGRGGARodkPCrrhHMM,Tochiazuma,居酒屋・ダイニングバー,Adachi Initial,62.01,70.32,70.32,0.0,public-v3-local-discovery,52.79,0.0,0.0,0.0,0.0,52.79,52.79,52.79,76.4,100.0,80.43,76.4,100.0,83.58,71.11,0.79,71.11,71.11,71.11,72.65,0.79,0.79,0.79,2.33,False,True,True,independent_single,False,False,,,True,,87.95,,,fc2.com | tabelog.com,blog_platform | other_or_restaurant_controlled | review_or_reservation_platform,1,3,negative_quality_evidence_not_structurally_captured
ChIJN8fH9A_uGGARPD5Xx6U3Qb4,Iitoco,居酒屋,Suginami Initial,70.25,72.86,72.86,0.0,public-v3-local-discovery,64.87,0.0,0.0,0.0,0.0,64.87,64.87,64.87,72.53,94.0,74.75,72.53,100.0,81.0,75.32,2.46,75.32,75.32,75.32,76.13,2.46,2.46,2.46,3.27,False,True,True,independent_single,False,False,,,True,,87.95,,,,,0,0,quality_review_themes_unavailable | negative_quality_evidence_not_structurally_captured | specialist_restaurant
ChIJN9_zu9WTGGAR-oG_y9hJPuE,Sakedokoro TRio,居酒屋,Toshima Initial,64.36,73.1,73.1,0.0,public-v3-local-discovery,73.48,0.0,0.0,0.0,0.0,73.48,73.48,73.48,55.98,100.0,66.55,55.98,100.0,69.7,73.89,0.79,73.89,73.89,73.89,73.7,0.79,0.79,0.79,0.6,False,True,True,independent_single,False,False,,,True,,88.35,,,hotpepper.jp | sakedokoro-trio.com | tabelog.com,other_or_restaurant_controlled | review_or_reservation_platform,2,3,negative_quality_evidence_not_structurally_captured
ChIJNR3l33n1GGARuF-ZJJNijTk,Teppan-yaki Konamon Terusan,鉄板焼き,Setagaya Initial,74.52,76.98,76.98,0.0,public-v3-local-discovery,61.33,0.0,0.0,0.0,0.0,61.33,61.33,61.33,89.13,100.0,84.05,89.13,100.0,87.2,77.77,0.79,77.77,77.77,77.77,79.06,0.79,0.79,0.79,2.08,True,True,True,independent_single,False,False,,,True,,87.95,,,tabelog.com | yahoo.co.jp,other_or_restaurant_controlled | review_or_reservation_platform,1,2,negative_quality_evidence_not_structurally_captured
ChIJNR6X42ZgGGARy6ha_gINJVk,Yoshitaka,yakitori restaurant,Ota Initial,65.53,67.2,67.2,0.0,public-v3-local-discovery,62.28,0.0,0.0,0.0,0.0,62.28,62.28,62.28,80.0,73.0,64.88,80.0,100.0,75.5,73.9,6.7,73.9,73.9,73.9,74.56,6.7,6.7,6.7,7.36,False,True,True,unknown,False,False,,,True,,20.35,,,,,0,0,quality_review_themes_unavailable | negative_quality_evidence_not_structurally_captured | chain_classification | specialist_restaurant | local_audience
ChIJNRq1sIOLGGAR-RM_0tAMbiA,Minato Kappore,和食居酒屋,Minato Initial,74.86,68.83,68.83,0.0,public-v3-local-discovery,56.39,0.0,0.0,0.0,0.0,56.39,56.39,56.39,92.67,58.5,83.11,92.67,60.56,90.29,70.93,2.1,70.93,70.93,70.93,72.63,2.1,2.1,2.1,3.8,False,True,True,small_group_distinct_concept,False,False,,,True,,87.95,,,goetheweb.jp | retty.me | tokyo-calendar.jp,other_or_restaurant_controlled | review_or_reservation_platform,2,2,negative_quality_evidence_not_structurally_captured | specialist_restaurant
ChIJNSFneK7zGGARWPivEWndQQk,Sushi Suehiro,寿司,Suginami Initial,73.71,76.69,76.69,0.0,public-v3-local-discovery,58.41,0.0,0.0,0.0,0.0,58.41,58.41,58.41,89.03,100.0,88.19,89.03,100.0,91.34,77.47,0.78,77.47,77.47,77.47,79.12,0.78,0.78,0.78,2.43,True,True,True,independent_single,False,False,,,True,,81.95,,,,,0,0,quality_review_themes_unavailable | negative_quality_evidence_not_structurally_captured
ChIJNSyFcQCNGGAR-9sp6i6MokE,Melody Thai & Asia Unplugged Restaurant,Thai restaurant,Shinjuku Initial,78.94,80.41,80.41,0.0,public-v3-local-discovery,67.36,0.0,0.0,0.0,0.0,67.36,67.36,67.36,95.92,94.0,86.45,95.92,100.0,94.0,83.2,2.79,83.2,83.2,83.2,84.53,2.79,2.79,2.79,4.12,True,True,True,independent_single,False,False,,,True,,60.75,,,,,0,0,quality_review_themes_unavailable | negative_quality_evidence_not_structurally_captured | specialist_restaurant
ChIJNV_Ax3qJGGARYMBAtTBe4tc,Katsukiri,焼きとん・串焼き,Chuo Initial,73.21,76.02,76.02,0.0,public-v3-local-discovery,58.64,0.0,0.0,0.0,0.0,58.64,58.64,58.64,84.83,100.0,87.62,84.83,100.0,87.62,76.02,0.0,76.02,76.02,76.02,77.47,0.0,0.0,0.0,1.45,True,True,True,independent_single,False,False,,,True,,87.95,,,lavietaste.com | retty.me,other_or_restaurant_controlled | review_or_reservation_platform,1,3,negative_quality_evidence_not_structurally_captured
ChIJNVlpBVuSGGAREdmM_ihuoQU,Saisai,Chinese izakaya,Adachi Initial,72.08,70.8,70.8,0.0,public-v3-local-discovery,51.59,3.5,3.5,3.5,3.5,55.09,55.09,55.09,83.8,94.0,83.67,83.8,100.0,90.92,73.52,2.72,75.09,75.09,75.09,76.88,4.29,4.29,4.29,6.08,False,True,True,independent_single,False,False,,,True,,81.95,food/execution praise +1.5: Distinctive wasabi noodle dishes are a notable specialty | signature-dish reputation +2: Distinctive wasabi noodle dishes are a notable specialty,,grandio.co.jp | livedoor.jp | tabelog.com,blog_platform | other_or_restaurant_controlled | review_or_reservation_platform,2,2,negative_quality_evidence_not_structurally_captured | specialist_restaurant
ChIJNWN33VD1GGARpQ1_EFT-w0U,Rakushokutei,Izakaya,Ota Initial,75.13,80.2,80.2,0.0,public-v3-local-discovery,75.58,1.5,1.5,1.5,1.5,77.08,77.08,77.08,79.08,94.0,80.93,79.08,100.0,84.37,81.97,1.77,82.64,82.64,82.64,83.0,2.44,2.44,2.44,2.8,True,True,True,independent_single,False,False,,,True,,88.35,food/execution praise +1.5: Fresh fish and sashimi are recurring strengths,,lavietaste.com | tokyo.jp,government_or_local_official | review_or_reservation_platform,2,3,negative_quality_evidence_not_structurally_captured | specialist_restaurant
ChIJNZjyOFKOGGARMcdqdLvgea4,Sumibi Yakiniku Akakuro,焼肉,Adachi Initial,61.2,69.8,69.8,0.0,public-v3-local-discovery,58.88,2.0,2.0,2.0,2.0,60.88,60.88,60.88,63.94,100.0,74.84,63.94,100.0,77.99,70.58,0.78,71.48,71.48,71.48,72.34,1.68,1.68,1.68,2.54,False,True,True,independent_single,False,False,,,True,,87.95,signature-dish reputation +2: Thick smoked steak is a signature menu feature,,gnavi.co.jp | tabelog.com,review_or_reservation_platform,1,3,negative_quality_evidence_not_structurally_captured
ChIJN_6W5gRhGGARLcba_W3PbA0,Masamiya,とんかつ,Ota Initial,79.78,77.52,77.52,0.0,public-v3-local-discovery,58.54,1.5,1.5,1.5,1.5,60.04,60.04,60.04,95.5,100.0,87.39,95.5,100.0,95.68,79.59,2.07,80.26,80.26,80.26,82.05,2.74,2.74,2.74,4.53,True,True,True,independent_single,False,False,,,True,,72.55,food/execution praise +1.5: Crisp tonkatsu and other fried dishes are recurring menu highlights,,ameblo.jp | ekiten.jp | tabelog.com | yahoo.co.jp,blog_platform | other_or_restaurant_controlled | review_or_reservation_platform,2,3,negative_quality_evidence_not_structurally_captured | local_audience | international_visibility | corporate_visibility
ChIJNcTFWACJGGARLiKsdWwhBjE,Midoricho Ikoma,Taiwanese-Chinese restaurant,Koto Initial,75.86,77.35,77.35,0.0,public-v3-local-discovery,58.42,0.0,0.0,0.0,0.0,58.42,58.42,58.42,92.53,100.0,88.72,92.53,100.0,91.86,78.13,0.78,78.13,78.13,78.13,79.81,0.78,0.78,0.78,2.46,False,True,True,independent_single,False,True,confirmed_address_identity_conflict,,False,critical:confirmed_address_identity_conflict,70.95,,,shirataki.me | tabearuki-concierge.com,other_or_restaurant_controlled,1,3,negative_quality_evidence_not_structurally_captured
ChIJNdAxmIdhGGAR8sHmG4_9AsI,Ise,和菓子・食堂,Ota Initial,73.43,75.12,75.12,0.0,public-v3-local-discovery,54.77,0.0,0.0,0.0,0.0,54.77,54.77,54.77,96.84,94.0,87.4,96.84,100.0,95.06,77.94,2.82,77.94,77.94,77.94,79.95,2.82,2.82,2.82,4.83,True,True,True,independent_single,False,False,,,True,,81.55,,,,,0,0,quality_review_themes_unavailable | negative_quality_evidence_not_structurally_captured | specialist_restaurant
ChIJNwW4r6PyGGARIDxwcfI32Ns,Sankōken,Chinese restaurant,Shinjuku Initial,61.97,63.55,63.55,0.0,public-v3-local-discovery,37.67,0.0,0.0,0.0,0.0,37.67,37.67,37.67,82.35,94.0,80.59,82.35,100.0,87.49,66.18,2.63,66.18,66.18,66.18,68.67,2.63,2.63,2.63,5.12,False,True,True,independent_single,False,False,,,True,,72.55,,,ekiten.jp | tabelog.com,review_or_reservation_platform,1,3,negative_quality_evidence_not_structurally_captured | specialist_restaurant
ChIJNwWrapD0GGARZ2oXgpRuw6M,Trattoria Familiare,Italian restaurant,Setagaya Initial,80.75,80.57,81.16,0.59,public-v2-chain-classification,72.78,0.0,0.0,0.0,0.0,72.78,72.78,72.78,84.64,100.0,0.0,84.64,100.0,90.31,83.02,1.86,83.02,83.02,83.02,83.9,1.86,1.86,1.86,2.74,True,True,True,independent_single,False,False,,,True,,87.95,,,lavietaste.com | tabelog.com,review_or_reservation_platform,1,4,negative_quality_evidence_not_structurally_captured | local_audience | international_visibility | corporate_visibility
ChIJNwlWn_GNGGARTuUhu_-lydM,Maguro no Shimahara Plus Ogawamachi,マグロ料理専門店・創作料理,Chiyoda Initial,74.0,73.1,73.1,0.0,public-v3-local-discovery,80.67,0.0,0.0,0.0,0.0,80.67,80.67,80.67,60.82,70.5,68.41,60.82,70.5,71.65,73.91,0.81,73.91,73.91,73.91,73.46,0.81,0.81,0.81,0.36,False,True,True,small_group_distinct_concept,False,False,,,True,,88.35,,,maguronoshimahara.co.jp | owst.jp | tokyofrontline.com,other_or_restaurant_controlled | review_or_reservation_platform,1,3,negative_quality_evidence_not_structurally_captured | local_audience
ChIJNxFT5FSNGGARr4axz3CaW5M,Azuma Sushi,Sushi restaurant,Toshima Initial,70.84,73.41,73.41,0.0,public-v3-local-discovery,44.71,0.0,0.0,0.0,0.0,44.71,44.71,44.71,98.28,100.0,94.19,98.28,100.0,94.19,73.41,0.0,73.41,73.41,73.41,75.88,0.0,0.0,0.0,2.47,False,True,True,independent_single,False,False,,,True,,87.95,,,,,0,0,quality_review_themes_unavailable | negative_quality_evidence_not_structurally_captured
ChIJNxisb0VhGGAREUIf0expJbA,Wafū na Rāmen Umashi,ラーメン店,Ota Initial,80.05,80.88,77.19,-3.69,public-v2-chain-classification,71.54,1.5,1.5,1.5,1.5,73.04,73.04,73.04,90.1,79.0,0.0,90.1,100.0,90.18,83.25,6.06,83.93,83.93,83.93,84.78,6.74,6.74,6.74,7.59,True,True,True,unknown,False,False,,,True,,87.15,food/execution praise +1.5: Tender pork cartilage is a notable topping choice,,livedoor.blog | seesaa.net | tabelog.com,other_or_restaurant_controlled | review_or_reservation_platform,3,3,negative_quality_evidence_not_structurally_captured | chain_classification | local_audience | international_visibility | corporate_visibility
ChIJNy4s2fWNGGAR7OfNsHqzhvk,Taishustand Jojo Kanda,居酒屋,Chiyoda Initial,71.12,68.98,68.98,0.0,public-v3-local-discovery,70.02,0.0,0.0,0.0,0.0,70.02,70.02,70.02,67.09,73.0,65.82,67.09,100.0,71.39,74.42,5.44,74.42,74.42,74.42,74.49,5.44,5.44,5.44,5.51,False,True,True,unknown,False,False,,,True,,87.95,,,,,0,0,quality_review_themes_unavailable | negative_quality_evidence_not_structurally_captured | chain_classification | specialist_restaurant
ChIJNzYl_aqSGGARCzRvHxXm4TM,Torinto,Yakitori izakaya,Toshima Initial,70.94,76.69,76.69,0.0,public-v3-local-discovery,67.05,2.0,2.0,2.0,2.0,69.05,69.05,69.05,76.14,100.0,80.38,76.14,100.0,83.53,77.48,0.79,78.38,78.38,78.38,79.1,1.69,1.69,1.69,2.41,True,True,True,independent_single,False,False,,,True,,87.95,specialist/craft evidence +2: Charcoal-grilled chicken and yakitori are central to the menu,,gnavi.co.jp | tabelog.com | tokyonagasaki.com,other_or_restaurant_controlled | review_or_reservation_platform,1,1,negative_quality_evidence_not_structurally_captured
ChIJO-LToFCNGGARqB2UWSF5J94,Washoku Yokokura,Japanese cuisine,Shinjuku Initial,79.44,78.02,78.02,0.0,public-v3-local-discovery,69.61,0.0,0.0,0.0,0.0,69.61,69.61,69.61,95.56,79.0,82.03,95.56,100.0,85.03,81.92,3.9,81.92,81.92,81.92,82.69,3.9,3.9,3.9,4.67,True,True,True,unknown,False,False,,,True,,71.95,,,,,0,0,quality_review_themes_unavailable | negative_quality_evidence_not_structurally_captured | chain_classification
ChIJO0M3Bd-LGGARrqn_cJep2j8,Ushi Hana,Teppanyaki,Minato Initial,80.76,78.8,78.8,0.0,public-v3-local-discovery,87.61,0.0,0.0,0.0,0.0,87.61,87.61,87.61,69.73,79.0,68.26,69.73,100.0,73.38,83.23,4.43,83.23,83.23,83.23,82.52,4.43,4.43,4.43,3.72,True,True,True,unknown,False,False,,,True,,75.95,,,ozmall.co.jp | tabelog.com,other_or_restaurant_controlled | review_or_reservation_platform,1,3,negative_quality_evidence_not_structurally_captured | chain_classification | local_audience | international_visibility | corporate_visibility
ChIJO3PXPK5hGGARGT4FCzNGyeI,Kuikiri Hatsumi,Japanese restaurant,Ota Initial,63.8,71.09,71.09,0.0,public-v3-local-discovery,71.66,0.0,0.0,0.0,0.0,71.66,71.66,71.66,51.05,100.0,64.73,51.05,100.0,67.33,71.74,0.65,71.74,71.74,71.74,71.52,0.65,0.65,0.65,0.43,False,True,True,independent_single,False,False,,,True,,75.95,,,,,0,0,quality_review_themes_unavailable | negative_quality_evidence_not_structurally_captured | local_audience
ChIJO3_JKl1gGGARH3MEE7wqbZU,Go,焼肉,Ota Initial,77.5,81.57,81.57,0.0,public-v3-local-discovery,78.13,0.0,0.0,0.0,0.0,78.13,78.13,78.13,79.99,100.0,77.65,79.99,100.0,80.8,82.36,0.79,82.36,82.36,82.36,82.49,0.79,0.79,0.79,0.92,True,True,True,independent_single,False,False,,,True,,87.95,,,,other_or_restaurant_controlled | review_or_reservation_platform,0,1,no_independently_corroborated_food_quality_theme | negative_quality_evidence_not_structurally_captured
ChIJO6nG93vuGGARyvK3NMLcXs4,Yoridokoro Shu,居酒屋,Suginami Initial,75.92,77.66,77.66,0.0,public-v3-local-discovery,64.19,0.0,0.0,0.0,0.0,64.19,64.19,64.19,93.47,94.0,82.61,93.47,100.0,93.48,81.28,3.62,81.28,81.28,81.28,82.74,3.62,3.62,3.62,5.08,False,True,True,independent_single,False,True,confirmed_address_identity_conflict,,False,critical:confirmed_address_identity_conflict,64.55,,,,,0,0,quality_review_themes_unavailable | negative_quality_evidence_not_structurally_captured | specialist_restaurant | local_audience
ChIJO7X9KO-JGGARiOJ1txNxDaU,Akane Kuriya,Japanese restaurant,Chuo Initial,62.42,57.53,57.53,0.0,public-v3-local-discovery,34.6,0.0,0.0,0.0,0.0,34.6,34.6,34.6,82.66,76.5,72.33,82.66,80.56,78.31,59.63,2.1,59.63,59.63,59.63,61.82,2.1,2.1,2.1,4.29,False,True,True,small_group_distinct_concept,False,False,,,True,,82.35,,,ginza-capital.jp | tabelog.com | tablecheck.com,other_or_restaurant_controlled | review_or_reservation_platform,2,3,negative_quality_evidence_not_structurally_captured | specialist_restaurant
ChIJO9bNRGKJGGAR_M0Rsdzh-60,Sushi Tama Aoki,玉子焼き専門店・惣菜,Koto Initial,60.83,71.63,71.63,0.0,public-v3-local-discovery,47.9,0.0,0.0,0.0,0.0,47.9,47.9,47.9,86.47,100.0,88.44,86.47,100.0,88.44,71.64,0.01,71.64,71.64,71.64,73.66,0.01,0.01,0.01,2.03,False,True,True,independent_single,False,False,,,True,,87.95,,,,,0,0,quality_review_themes_unavailable | negative_quality_evidence_not_structurally_captured
ChIJOSRAQYuIGGARcSGlxebWbFk,Izakaya Fukagawa,Izakaya,Koto Initial,70.07,75.06,75.06,0.0,public-v3-local-discovery,63.13,0.0,0.0,0.0,0.0,63.13,63.13,63.13,84.2,94.0,79.67,84.2,100.0,86.46,77.65,2.59,77.65,77.65,77.65,78.82,2.59,2.59,2.59,3.76,True,True,True,independent_single,False,False,,,True,,81.95,,,,,0,0,quality_review_themes_unavailable | negative_quality_evidence_not_structurally_captured | specialist_restaurant
ChIJOSbEtN2NGGARJlFJbT74_yI,Tokini Danran,Japanese restaurant,Toshima Initial,72.47,80.56,80.56,0.0,public-v3-local-discovery,86.33,0.0,0.0,0.0,0.0,86.33,86.33,86.33,56.08,100.0,73.2,56.08,100.0,76.35,81.35,0.79,81.35,81.35,81.35,80.85,0.79,0.79,0.79,0.29,True,True,True,independent_single,False,False,,,True,,88.35,,,,,0,0,quality_review_themes_unavailable | negative_quality_evidence_not_structurally_captured
ChIJOTMPIhaJGGARvZuq_Tde1ns,Nori is Good!,のり弁・日本料理,Shibuya Initial,66.82,76.14,76.14,0.0,public-v3-local-discovery,62.84,0.0,0.0,0.0,0.0,62.84,62.84,62.84,93.43,82.5,85.89,93.43,82.5,89.04,76.93,0.79,76.93,76.93,76.93,78.24,0.79,0.79,0.79,2.1,True,True,True,small_group_distinct_concept,False,False,,,True,,82.35,,,,,0,0,quality_review_themes_unavailable | negative_quality_evidence_not_structurally_captured
ChIJOXe861iNGGARA0sFG5GC2pI,Yusan,焼き鳥・居酒屋,Toshima Initial,74.78,77.78,77.78,0.0,public-v3-local-discovery,59.03,0.0,0.0,0.0,0.0,59.03,59.03,59.03,91.58,100.0,89.92,91.58,100.0,93.07,78.57,0.79,78.57,78.57,78.57,80.27,0.79,0.79,0.79,2.49,True,True,True,independent_single,False,False,,,True,,86.35,,,,,0,0,quality_review_themes_unavailable | negative_quality_evidence_not_structurally_captured
ChIJOXjI0bKMGGARmzFIFG9t9lQ,Restaurant Le Bonheur,French restaurant,Shinjuku Initial,73.76,78.13,78.13,0.0,public-v3-local-discovery,73.13,0.0,0.0,0.0,0.0,73.13,73.13,73.13,70.87,100.0,78.35,70.87,100.0,81.5,78.91,0.78,78.91,78.91,78.91,79.33,0.78,0.78,0.78,1.2,True,True,True,independent_single,False,False,,,True,,88.35,,,le-bonheur.biz | retty.me | tabelog.com,other_or_restaurant_controlled | review_or_reservation_platform,1,2,negative_quality_evidence_not_structurally_captured
ChIJO_7LXBuNGGARE_gbgh6oAG0,Ebimaru Ramen,ラーメン,Shinjuku Initial,82.15,86.56,80.54,-6.02,public-v2-chain-classification,65.58,0.0,0.0,0.0,0.0,65.58,65.58,65.58,96.0,100.0,0.0,96.0,100.0,94.74,82.6,2.06,82.6,82.6,82.6,84.05,2.06,2.06,2.06,3.51,True,True,True,independent_single,False,False,,,True,,88.35,,,,other_or_restaurant_controlled | review_or_reservation_platform,0,3,no_independently_corroborated_food_quality_theme | negative_quality_evidence_not_structurally_captured | local_audience | international_visibility | corporate_visibility
ChIJO_oC8EphGGAR-F1BED8IuJM,Shokujidokoro Watashō,定食屋・食堂,Ota Initial,73.08,75.34,75.34,0.0,public-v3-local-discovery,63.8,0.0,0.0,0.0,0.0,63.8,63.8,63.8,88.42,94.0,77.07,88.42,100.0,83.58,77.87,2.53,77.87,77.87,77.87,78.86,2.53,2.53,2.53,3.52,True,True,True,independent_single,False,False,,,True,,79.95,,,retty.me | yahoo.co.jp,other_or_restaurant_controlled | review_or_reservation_platform,1,1,negative_quality_evidence_not_structurally_captured | specialist_restaurant
ChIJObIyaEaLGGAR0UuCADbbPTg,La Table de IDÉAL Restaurant,French restaurant,Shibuya Initial,77.73,81.57,81.57,0.0,public-v3-local-discovery,77.38,0.0,0.0,0.0,0.0,77.38,77.38,77.38,79.95,100.0,79.04,79.95,100.0,82.19,82.36,0.79,82.36,82.36,82.36,82.6,0.79,0.79,0.79,1.03,True,True,True,independent_single,False,False,,,True,,67.35,,,,,0,0,quality_review_themes_unavailable | negative_quality_evidence_not_structurally_captured
ChIJObdPFQCPGGARlsXkPdJWii8,Ramen Kamo to Negi,Ramen restaurant,Taito Initial,78.78,70.72,70.72,0.0,public-v3-local-discovery,71.59,2.0,2.0,2.0,2.0,73.59,73.59,73.59,77.29,61.0,71.03,77.29,40.0,71.29,67.63,-3.09,68.53,68.53,68.53,68.42,-2.19,-2.19,-2.19,-2.3,False,True,True,unknown,False,True,confirmed_address_identity_conflict,,False,critical:confirmed_address_identity_conflict,72.15,signature-dish reputation +2: Duck broth and onion-focused ramen are the defining menu concept,,kamotonegi.com | tabelog.com | tripmate.news,other_or_restaurant_controlled | review_or_reservation_platform,1,2,negative_quality_evidence_not_structurally_captured | chain_classification
ChIJOc6BNEfzGGAR0ssArvYXmG0,GET BETTER Coffee & Sandwich,coffee shop,Shibuya Initial,74.67,80.77,80.77,0.0,public-v3-local-discovery,85.65,0.0,0.0,0.0,0.0,85.65,85.65,85.65,61.05,100.0,72.28,61.05,100.0,72.28,80.77,0.0,80.77,80.77,80.77,80.1,0.0,0.0,0.0,-0.67,True,True,True,independent_single,False,False,,,True,,75.95,,,,other_or_restaurant_controlled,0,2,no_independently_corroborated_food_quality_theme | negative_quality_evidence_not_structurally_captured
ChIJOcV3NlCJGGARpacEX8qlzLg,Yoshiume Yoshicho-Tei,Japanese cuisine,Chuo Initial,64.11,66.08,66.08,0.0,public-v3-local-discovery,57.66,0.0,0.0,0.0,0.0,57.66,57.66,57.66,66.33,78.5,73.62,66.33,78.5,76.77,66.86,0.78,66.86,66.86,66.86,67.82,0.78,0.78,0.78,1.74,False,True,True,small_group_distinct_concept,False,False,,,True,,88.35,,,tabelog.com | yoshiume.jp,other_or_restaurant_controlled | review_or_reservation_platform,1,3,same_source_family_themes_excluded:1 | negative_quality_evidence_not_structurally_captured
ChIJOxhQk8mRGGARvccaPRt-WQ8,New Hungry,Filipino restaurant,Adachi Initial,62.72,68.94,68.94,0.0,public-v3-local-discovery,47.77,1.5,1.5,1.5,1.5,49.27,49.27,49.27,80.02,100.0,81.77,80.02,100.0,84.91,69.73,0.79,70.4,70.4,70.4,72.18,1.46,1.46,1.46,3.24,False,True,True,independent_single,False,False,,,True,,81.95,food/execution praise +1.5: Weekend buffet service is a notable way to sample multiple Filipino dishes,,friday.news | note.com | san-tatsu.jp,blog_platform | editorial_or_guide,2,4,negative_quality_evidence_not_structurally_captured
ChIJOy4wV-2NGGARmxPAroxH-8s,Butaniku Izakaya Koime Ikebukuro Higashiguchi,Izakaya,Toshima Initial,71.34,54.99,54.99,0.0,public-v3-local-discovery,84.89,0.0,0.0,0.0,0.0,84.89,84.89,84.89,53.04,36.0,52.69,53.04,36.0,53.16,54.99,0.0,54.99,54.99,54.99,54.99,0.0,0.0,0.0,0.0,False,True,True,small_same_brand_chain,True,False,,,False,chain_excluded,82.35,,,,,0,0,quality_review_themes_unavailable | negative_quality_evidence_not_structurally_captured | local_audience
ChIJOz66feyOGGAR_Sa_i4Q1FVk,Counter Lounge Top,スナック,Taito Initial,71.49,77.8,77.8,0.0,public-v3-local-discovery,69.17,0.0,0.0,0.0,0.0,69.17,69.17,69.17,84.5,94.0,79.61,84.5,100.0,86.4,80.4,2.6,80.4,80.4,80.4,81.26,2.6,2.6,2.6,3.46,True,True,True,independent_single,False,False,,,True,,77.95,,,,,0,0,quality_review_themes_unavailable | negative_quality_evidence_not_structurally_captured | specialist_restaurant
ChIJP-SXbCqLGGARMLICT3EwLeY,ON the TABLE CHINESE,Chinese restaurant,Shibuya Initial,72.85,76.65,76.65,0.0,public-v3-local-discovery,73.33,0.0,0.0,0.0,0.0,73.33,73.33,73.33,65.98,100.0,75.0,65.98,100.0,78.16,77.44,0.79,77.44,77.44,77.44,77.68,0.79,0.79,0.79,1.03,True,True,True,independent_single,False,False,,,True,,88.35,,,,,0,0,quality_review_themes_unavailable | negative_quality_evidence_not_structurally_captured
ChIJP-dHD9qRGGARxmljrEzoQ5c,Okawari,居酒屋,Adachi Initial,76.42,81.33,81.33,0.0,public-v3-local-discovery,73.59,0.0,0.0,0.0,0.0,73.59,73.59,73.59,89.41,94.0,82.81,89.41,100.0,89.96,84.02,2.69,84.02,84.02,84.02,84.84,2.69,2.69,2.69,3.51,True,True,True,independent_single,False,False,,,True,,69.75,,,,,0,0,quality_review_themes_unavailable | negative_quality_evidence_not_structurally_captured | specialist_restaurant
ChIJP-noBauRGGAR5EkmeQ-54bU,Izakaya Toki,居酒屋,Adachi Initial,63.45,72.2,72.2,0.0,public-v3-local-discovery,60.85,0.0,0.0,0.0,0.0,60.85,60.85,60.85,94.26,73.0,78.91,94.26,100.0,90.09,79.04,6.84,79.04,79.04,79.04,80.51,6.84,6.84,6.84,8.31,False,True,True,unknown,False,False,,,True,,81.15,,,,,0,0,quality_review_themes_unavailable | negative_quality_evidence_not_structurally_captured | chain_classification | specialist_restaurant
ChIJP1NR0JbxGGARGWPbZUAFXMs,Wagyu Yakiniku Seijo Daijin,焼肉,Setagaya Initial,60.22,65.14,65.14,0.0,public-v3-local-discovery,66.92,0.0,0.0,0.0,0.0,66.92,66.92,66.92,55.15,79.0,59.62,55.15,100.0,60.96,68.63,3.49,68.63,68.63,68.63,68.33,3.49,3.49,3.49,3.19,False,True,True,unknown,False,False,,,True,,82.35,,,,other_or_restaurant_controlled | review_or_reservation_platform,0,3,no_independently_corroborated_food_quality_theme | negative_quality_evidence_not_structurally_captured | chain_classification
ChIJP29WkCSJGGARpe9AEOvpbdY,Okonomiyaki Ajisan,お好み焼き,Koto Initial,71.87,80.14,80.14,0.0,public-v3-local-discovery,82.21,0.0,0.0,0.0,0.0,82.21,82.21,82.21,64.16,100.0,74.1,64.16,100.0,77.25,80.93,0.79,80.93,80.93,80.93,80.68,0.79,0.79,0.79,0.54,True,True,True,independent_single,False,False,,,True,,86.35,,,,,0,0,quality_review_themes_unavailable | negative_quality_evidence_not_structurally_captured
ChIJP2MDTwCJGGARSYH1ggDt3cc,Cho nomi Botako,居酒屋,Koto Initial,65.81,78.49,78.49,0.0,public-v3-local-discovery,62.51,0.0,0.0,0.0,0.0,62.51,62.51,62.51,96.77,94.0,86.98,96.77,100.0,94.59,81.29,2.8,81.29,81.29,81.29,82.9,2.8,2.8,2.8,4.41,True,True,True,independent_single,False,False,,,True,,66.75,,,,,0,0,quality_review_themes_unavailable | negative_quality_evidence_not_structurally_captured | specialist_restaurant
ChIJP5XpARKPGGAR8OkpZ6weA2M,Kisanji,割烹居酒屋,Taito Initial,73.0,75.38,75.38,0.0,public-v3-local-discovery,59.25,0.0,0.0,0.0,0.0,59.25,59.25,59.25,82.11,100.0,85.6,82.11,100.0,88.75,76.17,0.79,76.17,76.17,76.17,77.64,0.79,0.79,0.79,2.26,True,True,True,independent_single,False,False,,,True,,87.95,,,tabelog.com | yahoo.co.jp | yoinoyoi.com,other_or_restaurant_controlled | review_or_reservation_platform,1,3,negative_quality_evidence_not_structurally_captured
ChIJP5q8OU6JGGARsa4l_dAXc4I,Matsunami,お好み焼き,Chuo Initial,62.65,62.92,62.92,0.0,public-v3-local-discovery,35.58,0.0,0.0,0.0,0.0,35.58,35.58,35.58,75.1,100.0,82.58,75.1,100.0,85.73,63.71,0.79,63.71,63.71,63.71,66.22,0.79,0.79,0.79,3.3,False,True,True,independent_single,False,False,,,True,,88.35,,,retty.me | tokyo-gas.co.jp,other_or_restaurant_controlled | review_or_reservation_platform,1,2,negative_quality_evidence_not_structurally_captured
ChIJP6Q4LW2NGGARLhAZHtH4itM,Kappou Shabushabu Atamiya,Shabu-shabu restaurant,Taito Initial,64.32,68.34,68.34,0.0,public-v3-local-discovery,59.39,0.0,0.0,0.0,0.0,59.39,59.39,59.39,55.44,100.0,73.19,55.44,100.0,72.29,68.11,-0.23,68.11,68.11,68.11,68.76,-0.23,-0.23,-0.23,0.42,False,True,True,independent_single,False,False,,,True,,88.35,,,,,0,0,quality_review_themes_unavailable | negative_quality_evidence_not_structurally_captured
ChIJPSwrHQBhGGARn8iH0Srwmuc,Jingisukan YODEL Kamata,ジンギスカン,Ota Initial,71.68,76.77,76.77,0.0,public-v3-local-discovery,84.03,0.0,0.0,0.0,0.0,84.03,84.03,84.03,60.76,82.5,69.89,60.76,82.5,73.04,77.56,0.79,77.56,77.56,77.56,77.01,0.79,0.79,0.79,0.24,True,True,True,small_group_distinct_concept,False,False,,,True,,82.35,,,,,0,0,quality_review_themes_unavailable | negative_quality_evidence_not_structurally_captured
ChIJPTPs_8KIGGAR3YjD87jsc4o,Oppeshan,Izakaya restaurant,Koto Initial,69.97,73.05,73.05,0.0,public-v3-local-discovery,74.47,0.0,0.0,0.0,0.0,74.47,74.47,74.47,81.22,73.0,65.64,81.22,100.0,76.89,79.92,6.87,79.92,79.92,79.92,80.04,6.87,6.87,6.87,6.99,False,True,True,unknown,False,False,,,True,,32.95,,,,,0,0,quality_review_themes_unavailable | negative_quality_evidence_not_structurally_captured | chain_classification | specialist_restaurant | local_audience
ChIJPUgQFZeRGGARfALO-wjbWLM,Kisaku,居酒屋,Adachi Initial,63.16,70.44,70.44,0.0,public-v3-local-discovery,57.42,0.0,0.0,0.0,0.0,57.42,57.42,57.42,74.81,94.0,77.1,74.81,100.0,83.61,72.96,2.52,72.96,72.96,72.96,74.27,2.52,2.52,2.52,3.83,False,True,True,independent_single,False,False,,,True,,99.6,,,,other_or_restaurant_controlled | review_or_reservation_platform,0,3,no_independently_corroborated_food_quality_theme | negative_quality_evidence_not_structurally_captured | specialist_restaurant
ChIJPWy6tFqJGGAR1w9oQijeP6A,Kyoya,Okonomiyaki restaurant,Chuo Initial,71.75,80.27,80.27,0.0,public-v3-local-discovery,100.0,0.0,0.0,0.0,0.0,100.0,100.0,100.0,39.29,100.0,57.49,39.29,100.0,57.49,80.27,0.0,80.27,80.27,80.27,78.14,0.0,0.0,0.0,-2.13,True,True,True,independent_single,False,False,,,True,,87.95,,,tripadvisor.com | wanderlog.com,other_or_restaurant_controlled | review_or_reservation_platform,1,2,negative_quality_evidence_not_structurally_captured
ChIJPXEZSBiJGGAR5VTsyfMXirY,Ichikaku,Japanese confectionery shop,Koto Initial,71.75,75.52,75.52,0.0,public-v3-local-discovery,57.84,0.0,0.0,0.0,0.0,57.84,57.84,57.84,91.05,94.0,86.93,91.05,100.0,91.04,77.45,1.93,77.45,77.45,77.45,79.11,1.93,1.93,1.93,3.59,True,True,True,independent_single,False,False,,,True,,87.95,,,,,0,0,quality_review_themes_unavailable | negative_quality_evidence_not_structurally_captured | specialist_restaurant
ChIJPcOq9y6QGGARa6rmh9wImmA,Tempura Shinagawa,Tempura,Adachi Initial,61.0,70.04,70.04,0.0,public-v3-local-discovery,51.96,0.0,0.0,0.0,0.0,51.96,51.96,51.96,78.55,100.0,79.52,78.55,100.0,82.67,70.83,0.79,70.83,70.83,70.83,72.37,0.79,0.79,0.79,2.33,False,True,True,independent_single,False,False,,,True,,87.95,,,enjoytokyo.jp | livedoor.jp | retty.me,blog_platform | government_or_local_official | review_or_reservation_platform,1,3,negative_quality_evidence_not_structurally_captured
ChIJPdnKNYaJGGAR92yGjxhlXDU,Koryori Hiroko Desu,小料理・居酒屋,Koto Initial,71.91,78.18,78.18,0.0,public-v3-local-discovery,68.7,0.0,0.0,0.0,0.0,68.7,68.7,68.7,79.34,100.0,81.45,79.34,100.0,84.6,78.97,0.79,78.97,78.97,78.97,79.76,0.79,0.79,0.79,1.58,True,True,True,independent_single,False,False,,,True,,88.35,,,tabelog.com | yahoo.co.jp,other_or_restaurant_controlled | review_or_reservation_platform,1,2,negative_quality_evidence_not_structurally_captured
ChIJPe6Nxx-LGGARK_LIrKR8STA,Sushi Meguri,Sushi restaurant,Chuo Initial,76.5,75.2,75.2,0.0,public-v3-local-discovery,90.12,0.0,0.0,0.0,0.0,90.12,90.12,90.12,47.04,82.5,60.87,47.04,82.5,60.87,75.2,0.0,75.2,75.2,75.2,73.74,0.0,0.0,0.0,-1.46,True,True,True,small_group_distinct_concept,False,False,,,True,,88.35,,,,blog_platform | other_or_restaurant_controlled | review_or_reservation_platform,0,2,no_independently_corroborated_food_quality_theme | negative_quality_evidence_not_structurally_captured
ChIJPeEUiRX1GGARB13wRBu-8No,Taiwan Shokitsu Chashun,Taiwanese restaurant,Ota Initial,70.76,73.84,73.84,0.0,public-v3-local-discovery,53.53,0.0,0.0,0.0,0.0,53.53,53.53,53.53,87.89,100.0,86.27,87.89,100.0,89.42,74.63,0.79,74.63,74.63,74.63,76.42,0.79,0.79,0.79,2.58,False,True,True,independent_single,False,False,,,True,,87.95,,,hotpepper.jp | retty.me | salus.jp,blog_platform | other_or_restaurant_controlled | review_or_reservation_platform,1,3,negative_quality_evidence_not_structurally_captured
ChIJPfJhUwCPGGAR7c3LZ7f8_Fs,KOI Pho Uguisudani,ベトナム料理,Taito Initial,73.92,54.99,54.99,0.0,public-v3-local-discovery,67.03,0.0,0.0,0.0,0.0,67.03,67.03,67.03,85.41,40.0,66.47,85.41,40.0,69.61,54.99,0.0,54.99,54.99,54.99,54.99,0.0,0.0,0.0,0.0,False,True,True,small_same_brand_chain,True,False,,,False,chain_excluded,87.55,,,demae-can.com | tabelog.com | ubereats.com,other_or_restaurant_controlled | review_or_reservation_platform,1,3,same_source_family_themes_excluded:1 | negative_quality_evidence_not_structurally_captured
ChIJPzSUECeOGGARCvYSC74Bdvw,Pappusan,Korean restaurant,Adachi Initial,68.81,75.59,75.59,0.0,public-v3-local-discovery,63.09,0.0,0.0,0.0,0.0,63.09,63.09,63.09,78.45,100.0,81.71,78.45,100.0,84.86,76.37,0.78,76.37,76.37,76.37,77.46,0.78,0.78,0.78,1.87,True,True,True,independent_single,False,False,,,True,,87.95,,,,,0,0,quality_review_themes_unavailable | negative_quality_evidence_not_structurally_captured
ChIJQ-TWfgDtGGAR9AMZyRc8vYI,Nandemo Izakaya Tabetaro,居酒屋,Toshima Initial,72.35,79.39,79.39,0.0,public-v3-local-discovery,75.15,0.0,0.0,0.0,0.0,75.15,75.15,75.15,80.44,94.0,77.62,80.44,100.0,84.19,81.93,2.54,81.93,81.93,81.93,82.38,2.54,2.54,2.54,2.99,True,True,True,independent_single,False,False,,,True,,75.55,,,,,0,0,quality_review_themes_unavailable | negative_quality_evidence_not_structurally_captured | specialist_restaurant
ChIJQ48jUveLGGARh2UUYLC2Gdc,Sangria,タイカレー・南欧料理,Chiyoda Initial,60.9,67.16,67.16,0.0,public-v3-local-discovery,50.32,0.0,0.0,0.0,0.0,50.32,50.32,50.32,69.63,100.0,76.29,69.63,100.0,79.44,67.95,0.79,67.95,67.95,67.95,69.4,0.79,0.79,0.79,2.24,False,True,True,independent_single,False,False,,,True,,88.35,,,exblog.jp | marunouchi.com | metropolitana.tokyo | tokyo-omy-council.jp,other_or_restaurant_controlled,2,2,negative_quality_evidence_not_structurally_captured
ChIJQ6eGQwCLGGARjqKSM-LeD7k,SOBA LABO Blue Front Shibaura,そば,Minato Initial,75.98,71.59,71.59,0.0,public-v3-local-discovery,58.72,0.0,0.0,0.0,0.0,58.72,58.72,58.72,89.16,78.5,80.08,89.16,78.5,83.23,72.38,0.79,72.38,72.38,72.38,73.61,0.79,0.79,0.79,2.02,False,True,True,small_group_distinct_concept,False,False,,,True,,88.35,,,,review_or_reservation_platform,0,1,no_independently_corroborated_food_quality_theme | same_source_family_themes_excluded:1 | negative_quality_evidence_not_structurally_captured
ChIJQ6rs7oqLGGAR4eqbVFzMf68,GROOCHY Ebisu,Obanzai izakaya,Shibuya Initial,67.67,67.86,67.86,0.0,public-v3-local-discovery,59.99,0.0,0.0,0.0,0.0,59.99,59.99,59.99,54.62,100.0,70.67,54.62,100.0,70.67,67.86,0.0,67.86,67.86,67.86,68.39,0.0,0.0,0.0,0.53,False,True,True,independent_single,False,False,,,True,,87.95,,,,,0,0,quality_review_themes_unavailable | negative_quality_evidence_not_structurally_captured
ChIJQ7SFcOyOGGAR8rlI6V3Gw0Q,Chiyanko-ba Minami,ちゃんこ鍋,Taito Initial,70.24,73.66,73.66,0.0,public-v3-local-discovery,49.14,1.5,1.5,1.5,1.5,50.64,50.64,50.64,95.1,100.0,89.13,95.1,100.0,92.28,74.45,0.79,75.12,75.12,75.12,77.2,1.46,1.46,1.46,3.54,False,True,True,independent_single,False,False,,,True,,88.35,food/execution praise +1.5: Chanko hot pot combines fish and meat in a rich broth,,tabelog.com | yahoo.co.jp,other_or_restaurant_controlled | review_or_reservation_platform,1,2,negative_quality_evidence_not_structurally_captured
ChIJQ83teaWLGGAREkg2tQw-0U4,Singapore Cuisine SINKIES,シンガポール料理,Shibuya Initial,69.46,72.86,72.86,0.0,public-v3-local-discovery,76.02,0.0,0.0,0.0,0.0,76.02,76.02,76.02,49.86,100.0,64.7,49.86,100.0,67.3,73.51,0.65,73.51,73.51,73.51,73.08,0.65,0.65,0.65,0.22,False,True,True,independent_single,False,False,,,True,,73.35,,,,,0,0,quality_review_themes_unavailable | negative_quality_evidence_not_structurally_captured | local_audience
ChIJQQNFIyCSGGAR3TBCyeHPLzc,Pizza House Taguchi,Pizza,Adachi,84.21,86.12,80.58,-5.54,public-v1,76.74,0.0,0.0,0.0,0.0,76.74,76.74,76.74,95.79,100.0,0.0,95.79,100.0,91.22,86.71,6.13,86.71,86.71,86.71,87.43,6.13,6.13,6.13,6.85,True,True,True,unknown,False,False,,,True,,87.95,,,,,0,0,quality_review_themes_unavailable | negative_quality_evidence_not_structurally_captured | chain_classification | local_audience | international_visibility | corporate_visibility
ChIJQU8qiZ6SGGAR69BCdKi8fHs,Negima,Japanese cuisine,Toshima Initial,61.06,70.75,70.75,0.0,public-v3-local-discovery,73.13,0.0,0.0,0.0,0.0,73.13,73.13,73.13,41.71,100.0,66.34,41.71,100.0,66.34,70.75,0.0,70.75,70.75,70.75,70.41,0.0,0.0,0.0,-0.34,False,True,True,independent_single,False,False,,,True,,88.35,,,ikyu.com | michelin.com | shizuoka.jp,other_or_restaurant_controlled | review_or_reservation_platform,1,1,negative_quality_evidence_not_structurally_captured
ChIJQY1e_j-LGGAR1N3MR2W4X9c,Del Chalro,Italian restaurant,Shibuya Initial,70.14,71.23,71.23,0.0,public-v3-local-discovery,44.99,0.0,0.0,0.0,0.0,44.99,44.99,44.99,91.42,100.0,89.08,91.42,100.0,92.23,72.02,0.79,72.02,72.02,72.02,74.38,0.79,0.79,0.79,3.15,False,True,True,independent_single,False,False,,,True,,88.35,,,ekiten.jp | gnavi.co.jp | tabelog.com,other_or_restaurant_controlled | review_or_reservation_platform,1,5,negative_quality_evidence_not_structurally_captured
ChIJQY8FCwCNGGART1i8qVU4FtI,Uotsugu,海鮮料理,Toshima Initial,77.43,82.77,82.77,0.0,public-v3-local-discovery,73.24,0.0,0.0,0.0,0.0,73.24,73.24,73.24,84.52,100.0,88.52,84.52,100.0,88.52,82.77,0.0,82.77,82.77,82.77,83.53,0.0,0.0,0.0,0.76,True,True,True,independent_single,False,False,,,True,,66.95,,,ikebukuro-times.com | tabelog.com,other_or_restaurant_controlled | review_or_reservation_platform,1,2,negative_quality_evidence_not_structurally_captured
ChIJQZHsZj2JGGARfgMal0GC0YA,Suehiro Sushi,Sushi,Koto Initial,79.09,84.88,84.88,0.0,public-v3-local-discovery,95.44,1.5,1.5,1.5,1.5,96.94,96.94,96.94,59.11,100.0,72.27,59.11,100.0,72.27,84.88,0.0,85.56,85.56,85.56,84.32,0.68,0.68,0.68,-0.56,True,True,True,independent_single,False,False,,,True,,81.95,food/execution praise +1.5: Fresh sushi and sashimi are recurring positives in the available restaurant coverage,,ekiten.jp | tabelog.com,review_or_reservation_platform,1,3,negative_quality_evidence_not_structurally_captured
ChIJQxFj-smNGGARw8ESZOhfDio,Hangry Joe's Tokyo Ikebukuro,ハンバーガー,Toshima Initial,62.31,65.89,65.89,0.0,public-v3-local-discovery,76.24,0.0,0.0,0.0,0.0,76.24,76.24,76.24,44.7,75.0,54.51,44.7,86.67,50.63,66.67,0.78,66.67,66.67,66.67,65.39,0.78,0.78,0.78,-0.5,False,True,True,unknown,False,False,,,True,,88.35,,,hangryjoestokyo.com | keizai.biz | prtimes.jp | tabelog.com,other_or_restaurant_controlled | review_or_reservation_platform,3,3,negative_quality_evidence_not_structurally_captured | chain_classification
ChIJQxeAL46LGGARjzbf8Fy1RTI,RAJ Indian Restaurant Nagahara,Indian restaurant,Ota Initial,72.35,70.57,70.57,0.0,public-v3-local-discovery,54.24,0.0,0.0,0.0,0.0,54.24,54.24,54.24,90.35,79.0,83.02,90.35,100.0,90.21,75.51,4.94,75.51,75.51,75.51,77.31,4.94,4.94,4.94,6.74,False,True,True,unknown,False,False,,,True,,88.35,,,,,0,0,quality_review_themes_unavailable | negative_quality_evidence_not_structurally_captured | chain_classification
ChIJR5GScACLGGARcqhw5tef028,Shirokane Chandelle,Wine bar,Minato Initial,71.97,78.19,78.19,0.0,public-v3-local-discovery,69.03,0.0,0.0,0.0,0.0,69.03,69.03,69.03,81.56,100.0,79.57,81.56,100.0,82.72,78.98,0.79,78.98,78.98,78.98,79.66,0.79,0.79,0.79,1.47,True,True,True,independent_single,False,False,,,True,,81.95,,,,,0,0,quality_review_themes_unavailable | negative_quality_evidence_not_structurally_captured
ChIJR5pW7-6LGGARrM_0B0NRk6k,Kohaku Chibo Toranomon,Teppanyaki,Minato Initial,78.43,76.34,76.34,0.0,public-v3-local-discovery,93.21,0.0,0.0,0.0,0.0,93.21,93.21,93.21,46.36,82.5,60.28,46.36,82.5,60.28,76.34,0.0,76.34,76.34,76.34,74.7,0.0,0.0,0.0,-1.64,True,True,True,small_group_distinct_concept,False,False,,,True,,88.35,,,restaurantguru.com | wanderlog.com,other_or_restaurant_controlled | review_or_reservation_platform,1,3,negative_quality_evidence_not_structurally_captured
ChIJR6EBNjyLGGAR0zkxPSE5WfM,24 see food restaurant,Seafood restaurant,Shinjuku Initial,72.98,66.07,66.07,0.0,public-v3-local-discovery,53.02,0.0,0.0,0.0,0.0,53.02,53.02,53.02,84.85,73.0,74.14,96.46,100.0,96.41,77.43,11.36,77.43,77.43,77.43,79.6,11.36,11.36,11.36,13.53,False,True,True,unknown,False,False,,,True,,19.55,,,,,0,0,quality_review_themes_unavailable | negative_quality_evidence_not_structurally_captured | tourist_coverage | chain_classification | specialist_restaurant | local_audience | tourist_orientation | international_visibility | corporate_visibility
ChIJR7WtCqSOGGARRBh1fWlElZ4,Michikusa,Okonomiyaki restaurant,Taito Initial,80.68,76.31,83.63,7.32,public-v2-chain-classification,100.0,0.0,0.0,0.0,0.0,100.0,100.0,100.0,69.74,79.0,0.0,69.74,100.0,69.58,87.86,4.23,87.86,87.86,87.86,86.33,4.23,4.23,4.23,2.7,True,True,True,unknown,False,False,,,True,,87.95,,,,,0,0,quality_review_themes_unavailable | negative_quality_evidence_not_structurally_captured | chain_classification | local_audience | international_visibility | corporate_visibility
ChIJR8g5VreNGGARTybQOu-z_l0,Buki Restaurant & Bar,Nepalese restaurant,Shinjuku Initial,70.2,72.36,72.36,0.0,public-v3-local-discovery,53.95,0.0,0.0,0.0,0.0,53.95,53.95,53.95,80.18,100.0,84.23,80.18,100.0,87.38,73.15,0.79,73.15,73.15,73.15,74.82,0.79,0.79,0.79,2.46,False,True,True,independent_single,False,False,,,True,,87.95,,,livedoor.com | rocketnews24.com | sekameshi.com,other_or_restaurant_controlled | review_or_reservation_platform,1,4,negative_quality_evidence_not_structurally_captured
ChIJR9bRtNGNGGARWRlRAG5FJhA,Takohachi,Chinese restaurant / ramen,Taito Initial,66.1,63.98,63.98,0.0,public-v3-local-discovery,30.46,0.0,0.0,0.0,0.0,30.46,30.46,30.46,97.0,94.0,86.48,97.0,100.0,94.03,66.76,2.78,66.76,66.76,66.76,69.94,2.78,2.78,2.78,5.96,False,True,True,independent_single,False,False,,,True,,75.55,,,tabelog.com | wanderlog.com,other_or_restaurant_controlled | review_or_reservation_platform,2,2,negative_quality_evidence_not_structurally_captured | specialist_restaurant
ChIJRR9sB62MGGARDApiYRPtr60,Sushi Tominaka,Sushi restaurant,Shibuya Initial,87.58,79.91,77.57,-2.34,public-v1,80.95,0.0,0.0,0.0,0.0,80.95,80.95,80.95,72.64,100.0,0.0,72.64,100.0,79.69,82.25,4.68,82.25,82.25,82.25,82.18,4.68,4.68,4.68,4.61,True,True,True,unknown,False,False,,,True,,87.95,,,,,0,0,quality_review_themes_unavailable | negative_quality_evidence_not_structurally_captured | chain_classification | local_audience | international_visibility | corporate_visibility
ChIJRRaNYGqNGGARBIke-6xhCWQ,zoshigaya miyabi,French bistro,Toshima Initial,60.16,68.36,68.36,0.0,public-v3-local-discovery,53.73,0.0,0.0,0.0,0.0,53.73,53.73,53.73,67.92,100.0,75.96,67.92,100.0,79.11,69.14,0.78,69.14,69.14,69.14,70.41,0.78,0.78,0.78,2.05,False,True,True,independent_single,False,False,,,True,,88.35,,,gnavi.co.jp | zo-miyabi.jp,other_or_restaurant_controlled | review_or_reservation_platform,1,3,negative_quality_evidence_not_structurally_captured
ChIJRSgrOfhhGGARYDI9HwCj1T0,Goto,Monjayaki restaurant,Ota Initial,63.11,67.63,67.63,0.0,public-v3-local-discovery,38.81,0.0,0.0,0.0,0.0,38.81,38.81,38.81,86.18,100.0,88.95,86.18,100.0,88.95,67.63,0.0,67.63,67.63,67.63,70.14,0.0,0.0,0.0,2.51,False,True,True,independent_single,False,False,,,True,,87.95,,,,,0,0,quality_review_themes_unavailable | negative_quality_evidence_not_structurally_captured
ChIJRXUQAKGLGGARX6RMV_Y6Ow0,Sendaizaka Himuka,Miyazaki cuisine izakaya,Minato Initial,62.43,61.28,61.28,0.0,public-v3-local-discovery,37.6,0.0,0.0,0.0,0.0,37.6,37.6,37.6,63.51,100.0,79.33,63.51,100.0,79.33,61.28,0.0,61.28,61.28,61.28,63.37,0.0,0.0,0.0,2.09,False,True,True,independent_single,False,False,,,True,,87.95,,,,other_or_restaurant_controlled | review_or_reservation_platform,0,1,no_independently_corroborated_food_quality_theme | negative_quality_evidence_not_structurally_captured
ChIJR_NQFACLGGAR_xLlImqv40w,Trattoria TOSCANA Kyobashi,Italian restaurant,Chuo Initial,73.29,74.81,74.81,0.0,public-v3-local-discovery,81.49,0.0,0.0,0.0,0.0,81.49,81.49,81.49,63.82,78.5,67.17,63.82,78.5,70.32,75.6,0.79,75.6,75.6,75.6,75.04,0.79,0.79,0.79,0.23,False,True,True,small_group_distinct_concept,False,False,,,True,,88.35,,,,,0,0,quality_review_themes_unavailable | negative_quality_evidence_not_structurally_captured
ChIJRcFtZlKJGGAR-xpSTFyKOrE,Sumibiyaki Tojima,Izakaya,Chuo Initial,66.32,69.38,69.38,0.0,public-v3-local-discovery,50.88,2.0,2.0,2.0,2.0,52.88,52.88,52.88,74.82,100.0,81.04,74.82,100.0,84.19,70.17,0.79,71.07,71.07,71.07,72.63,1.69,1.69,1.69,3.25,False,True,True,independent_single,False,False,,,True,,87.95,specialist/craft evidence +2: Charcoal-grilled chicken and yakitori are recurring menu highlights,,ameblo.jp | enjoytokyo.jp | tabelog.com,blog_platform | government_or_local_official | review_or_reservation_platform,3,4,negative_quality_evidence_not_structurally_captured
ChIJRddETp-OGGARgNs9flxLYM0,Kinhitsukan,お好み焼き・もんじゃ焼き,Taito Initial,64.16,64.82,64.82,0.0,public-v3-local-discovery,45.1,0.0,0.0,0.0,0.0,45.1,45.1,45.1,65.41,100.0,78.84,65.41,100.0,78.84,64.82,0.0,64.82,64.82,64.82,66.5,0.0,0.0,0.0,1.68,False,True,True,independent_single,False,False,,,True,,88.35,,,,blog_platform | other_or_restaurant_controlled | review_or_reservation_platform,0,3,no_independently_corroborated_food_quality_theme | negative_quality_evidence_not_structurally_captured
ChIJRxLs4zeJGGARHFze193JpWE,Hiu Mai,Thai restaurant,Koto Initial,63.96,54.99,54.99,0.0,public-v3-local-discovery,59.65,0.0,0.0,0.0,0.0,59.65,59.65,59.65,96.28,18.0,63.88,96.28,18.0,70.03,54.99,0.0,54.99,54.99,54.99,54.99,0.0,0.0,0.0,0.0,False,True,True,large_chain_or_franchise,True,False,,,False,chain_excluded,79.95,,,,,0,0,quality_review_themes_unavailable | negative_quality_evidence_not_structurally_captured | local_audience
ChIJS-iaOPjtGGARC8flPpEef60,Natowa,Wine bar,Suginami Initial,71.1,79.72,79.72,0.0,public-v3-local-discovery,81.7,0.0,0.0,0.0,0.0,81.7,81.7,81.7,63.94,100.0,73.47,63.94,100.0,76.62,80.51,0.79,80.51,80.51,80.51,80.26,0.79,0.79,0.79,0.54,True,True,True,independent_single,False,False,,,True,,87.95,,,,,0,0,quality_review_themes_unavailable | negative_quality_evidence_not_structurally_captured
ChIJS0AbdiuJGGARvFcr_eLL3PU,Sushi Dokoro Umi,Sushi restaurant,Chuo,86.65,84.2,80.68,-3.52,public-v1,79.34,0.0,0.0,0.0,0.0,79.34,79.34,79.34,92.42,96.0,0.0,92.42,86.67,91.4,85.42,4.74,85.42,85.42,85.42,86.02,4.74,4.74,4.74,5.34,True,True,True,unknown,False,False,,,True,,88.35,,,,,0,0,quality_review_themes_unavailable | negative_quality_evidence_not_structurally_captured | chain_classification | local_audience | international_visibility | corporate_visibility
ChIJS1Xs-PiPGGARignPT8g2LMo,Sumibi Yakiniku Jikami,焼肉,Adachi Initial,74.38,69.22,69.22,0.0,public-v3-local-discovery,52.69,0.0,0.0,0.0,0.0,52.69,52.69,52.69,92.02,79.0,79.42,92.02,100.0,85.72,73.94,4.72,73.94,73.94,73.94,75.59,4.72,4.72,4.72,6.37,False,True,True,unknown,False,False,,,True,,87.95,,,,,0,0,quality_review_themes_unavailable | negative_quality_evidence_not_structurally_captured | chain_classification
ChIJS2I7Cwv1GGARepljhW02SLA,Jukuseigyo Hatoya,日本料理,Setagaya Initial,77.91,82.3,82.3,0.0,public-v3-local-discovery,76.35,5.5,5,5.5,5.5,81.35,81.85,81.85,78.97,100.0,84.4,78.97,100.0,87.55,83.09,0.79,85.34,85.57,85.57,85.85,3.04,3.27,3.27,3.55,True,True,True,independent_single,False,False,,,True,,87.55,"food/execution praise +1.5: Careful, gentle Japanese cooking | specialist/craft evidence +2: Aged fish is the restaurant’s defining specialty | signature-dish reputation +2: Aged fish is the restaurant’s defining specialty",,aloha-komuten.com | tabelog.com | yahoo.co.jp,other_or_restaurant_controlled | review_or_reservation_platform,2,3,negative_quality_evidence_not_structurally_captured
ChIJS3m51saLGGAROBH5YkLiqrw,Wagyu Yakiniku Ueta,焼肉,Minato Initial,75.56,72.22,72.22,0.0,public-v3-local-discovery,51.81,0.0,0.0,0.0,0.0,51.81,51.81,51.81,80.6,100.0,87.28,80.6,100.0,90.43,73.01,0.79,73.01,73.01,73.01,74.94,0.79,0.79,0.79,2.72,False,True,True,independent_single,False,False,,,True,,87.95,,,,,0,0,quality_review_themes_unavailable | negative_quality_evidence_not_structurally_captured
ChIJS7lVoWKMGGARrRkt6Q4U64M,Kioicho Fukudaya,Kaiseki restaurant,Chiyoda Initial,65.61,69.79,69.79,0.0,public-v3-local-discovery,73.13,0.0,0.0,0.0,0.0,73.13,73.13,73.13,41.41,100.0,62.68,41.41,100.0,62.68,69.79,0.0,69.79,69.79,69.79,69.27,0.0,0.0,0.0,-0.52,False,True,True,independent_single,False,False,,,True,,88.35,,,kioicho-fukudaya.jp | michelin.com | visit-chiyoda.tokyo,other_or_restaurant_controlled,1,3,negative_quality_evidence_not_structurally_captured
ChIJSRsE-NWNGGARoxP_PBVjOCk,Oohamaya,食堂・日本料理,Toshima Initial,64.86,68.0,68.0,0.0,public-v3-local-discovery,44.6,0.0,0.0,0.0,0.0,44.6,44.6,44.6,88.44,94.0,82.25,88.44,100.0,89.33,70.67,2.67,70.67,70.67,70.67,72.91,2.67,2.67,2.67,4.91,False,True,True,independent_single,False,False,,,True,,87.95,,,,,0,0,quality_review_themes_unavailable | negative_quality_evidence_not_structurally_captured | specialist_restaurant
ChIJSUaygyeNGGARv_7a-TmPmxA,Kanmura,Korean restaurant,Toshima Initial,60.87,65.45,65.45,0.0,public-v3-local-discovery,45.79,0.0,0.0,0.0,0.0,45.79,45.79,45.79,68.53,100.0,78.26,68.53,100.0,81.41,66.24,0.79,66.24,66.24,66.24,68.02,0.79,0.79,0.79,2.57,False,True,True,independent_single,False,False,,,True,,88.35,,,,,0,0,quality_review_themes_unavailable | negative_quality_evidence_not_structurally_captured
ChIJS_SHfQCJGGARmkfgbudbmn0,Shokukobo Sakura,Japanese cuisine / izakaya,Koto Initial,60.47,68.14,68.14,0.0,public-v3-local-discovery,46.42,0.0,0.0,0.0,0.0,46.42,46.42,46.42,76.71,100.0,82.96,76.71,100.0,82.96,68.14,0.0,68.14,68.14,68.14,69.96,0.0,0.0,0.0,1.82,False,True,True,independent_single,False,False,,,True,,87.95,,,minamisuna1.com | tabelog.com,other_or_restaurant_controlled | review_or_reservation_platform,1,2,negative_quality_evidence_not_structurally_captured
ChIJSaD-yOiJGGAR8iv0B-ZdOk8,Sushi Shou,Sushi,Koto Initial,61.4,76.37,76.37,0.0,public-v3-local-discovery,87.56,1.5,1.5,1.5,1.5,89.06,89.06,89.06,47.95,100.0,59.11,47.95,100.0,62.26,77.16,0.79,77.83,77.83,77.83,76.49,1.46,1.46,1.46,0.12,True,True,True,independent_single,False,False,,,True,,81.95,food/execution praise +1.5: Market-sourced seafood and fresh fish are central to the restaurant's identity,,retty.me | tabelog.com,review_or_reservation_platform,1,1,negative_quality_evidence_not_structurally_captured
ChIJSbMqPJ2LGGARyHmsIexGkmw,Padi’s Tokyo,West African restaurant,Minato Initial,71.11,66.29,66.29,0.0,public-v3-local-discovery,47.41,0.0,0.0,0.0,0.0,47.41,47.41,47.41,70.83,100.0,77.32,70.83,100.0,82.14,67.49,1.2,67.49,67.49,67.49,69.23,1.2,1.2,1.2,2.94,False,True,True,independent_single,False,False,,,True,,87.95,,,note.com | wanderlog.com,blog_platform | other_or_restaurant_controlled,1,3,negative_quality_evidence_not_structurally_captured | local_audience
ChIJScH0HQCRGGAR2QAcz8NNpps,Takemaru Ramen,ラーメン店,Adachi Initial,69.13,73.4,73.4,0.0,public-v3-local-discovery,49.39,0.0,0.0,0.0,0.0,49.39,49.39,49.39,93.33,100.0,88.71,93.33,100.0,91.86,74.19,0.79,74.19,74.19,74.19,76.31,0.79,0.79,0.79,2.91,False,True,True,independent_single,False,False,,,True,,81.55,,,ameblo.jp | livedoor.blog,blog_platform | other_or_restaurant_controlled | review_or_reservation_platform,1,2,negative_quality_evidence_not_structurally_captured
ChIJScguTeWNGGARXMt2ATtihiE,LaiMai Sendagaya Kitchen,Thai restaurant,Shibuya Initial,70.71,70.07,70.07,0.0,public-v3-local-discovery,52.49,0.0,0.0,0.0,0.0,52.49,52.49,52.49,94.84,78.5,81.78,94.84,78.5,84.92,70.85,0.78,70.85,70.85,70.85,72.47,0.78,0.78,0.78,2.4,False,True,True,small_group_distinct_concept,False,False,,,True,,67.35,,,,,0,0,quality_review_themes_unavailable | negative_quality_evidence_not_structurally_captured
ChIJSdOQrEWLGGAR1Fvfna0VQgo,Massara,Chinese restaurant,Minato Initial,67.26,73.93,73.93,0.0,public-v3-local-discovery,62.77,0.0,0.0,0.0,0.0,62.77,62.77,62.77,73.83,100.0,78.45,73.83,100.0,81.6,74.72,0.79,74.72,74.72,74.72,75.66,0.79,0.79,0.79,1.73,False,True,True,independent_single,False,False,,,True,,81.95,,,,review_or_reservation_platform,0,2,no_independently_corroborated_food_quality_theme | same_source_family_themes_excluded:2 | negative_quality_evidence_not_structurally_captured
ChIJSeL4RH_vGGARdUECeLcP5lE,Tenpiya Makibi,創作居酒屋,Suginami Initial,65.05,72.91,72.91,0.0,public-v3-local-discovery,69.38,0.0,0.0,0.0,0.0,69.38,69.38,69.38,57.17,100.0,72.45,57.17,100.0,72.45,72.91,0.0,72.91,72.91,72.91,73.06,0.0,0.0,0.0,0.15,False,True,True,independent_single,False,False,,,True,,88.35,,,,,0,0,quality_review_themes_unavailable | negative_quality_evidence_not_structurally_captured
ChIJSf1KKpKIGGARQ15b1AUX00Y,Shojuen,焼肉,Koto Initial,73.4,75.42,75.42,0.0,public-v3-local-discovery,53.03,0.0,0.0,0.0,0.0,53.03,53.03,53.03,90.8,100.0,91.76,90.8,100.0,91.76,75.42,0.0,75.42,75.42,75.42,77.36,0.0,0.0,0.0,1.94,True,True,True,independent_single,False,False,,,True,,86.35,,,,,0,0,quality_review_themes_unavailable | negative_quality_evidence_not_structurally_captured
ChIJSfmdGQCNGGARGjTO9iLmYvg,Wafu Izakaya Ikki Issho Kanda,Izakaya restaurant,Chiyoda Initial,74.35,79.43,79.43,0.0,public-v3-local-discovery,75.22,0.0,0.0,0.0,0.0,75.22,75.22,75.22,75.09,100.0,77.26,75.09,100.0,82.07,80.63,1.2,80.63,80.63,80.63,80.97,1.2,1.2,1.2,1.54,True,True,True,independent_single,False,False,,,True,,76.35,,,,,0,0,quality_review_themes_unavailable | negative_quality_evidence_not_structurally_captured | local_audience
ChIJSxuqYoOLGGARaSLxOH1Q9XM,Sushi Ryogetsu (Sushi Akira),Sushi,Minato Initial,71.48,80.14,80.14,0.0,public-v3-local-discovery,100.0,0.0,0.0,0.0,0.0,100.0,100.0,100.0,38.92,100.0,57.2,38.92,100.0,58.48,80.46,0.32,80.46,80.46,80.46,78.38,0.32,0.32,0.32,-1.76,True,True,True,independent_single,False,False,,,True,,75.95,,,,,0,0,quality_review_themes_unavailable | negative_quality_evidence_not_structurally_captured | local_audience
ChIJSyur2H2MGGARv0oevuA_8XM,Kaiseki Tsujitome,kaiseki restaurant,Minato Initial,60.61,60.19,60.19,0.0,public-v3-local-discovery,51.66,1.5,1.5,1.5,1.5,53.16,53.16,53.16,59.38,75.0,67.15,59.38,86.67,66.44,61.76,1.57,62.44,62.44,62.44,63.1,2.25,2.25,2.25,2.91,False,True,True,unknown,False,False,,,True,,88.35,food/execution praise +1.5: Traditional seasonal kaiseki with carefully balanced presentation,,goetheweb.jp | tabelog.com,other_or_restaurant_controlled | review_or_reservation_platform,2,3,negative_quality_evidence_not_structurally_captured | chain_classification
ChIJT27H7avzGGARlmIdWHGzh48,KANTA,創作料理,Setagaya Initial,70.96,77.94,77.94,0.0,public-v3-local-discovery,74.86,0.0,0.0,0.0,0.0,74.86,74.86,74.86,72.34,100.0,73.6,72.34,100.0,76.75,78.73,0.79,78.73,78.73,78.73,78.82,0.79,0.79,0.79,0.88,True,True,True,independent_single,False,False,,,True,,88.35,,,foodies-reserve.com | michelin.com | office-takahata-group.co.jp,other_or_restaurant_controlled | review_or_reservation_platform,1,3,negative_quality_evidence_not_structurally_captured
ChIJT9Us-LqNGGARRsG3S9GajWc,Yurakucho Kakida,寿司,Shibuya Initial,71.4,76.14,76.14,0.0,public-v3-local-discovery,71.34,0.0,0.0,0.0,0.0,71.34,71.34,71.34,80.76,82.5,78.21,80.76,82.5,86.9,78.32,2.18,78.32,78.32,78.32,79.09,2.18,2.18,2.18,2.95,True,True,True,small_group_distinct_concept,False,False,,,True,,87.95,,,hotpepper.jp | southerntower.co.jp | tabelog.com,other_or_restaurant_controlled | review_or_reservation_platform,2,3,negative_quality_evidence_not_structurally_captured | local_audience
ChIJTRzSnf9fGGARTw64Lsik1IU,Fugetsu-dō,Japanese sweets,Ota Initial,78.93,82.91,82.91,0.0,public-v3-local-discovery,69.55,0.0,0.0,0.0,0.0,69.55,69.55,69.55,94.74,100.0,89.59,94.74,100.0,92.73,83.69,0.78,83.69,83.69,83.69,84.85,0.78,0.78,0.78,1.94,True,True,True,independent_single,False,False,,,True,,87.95,,,,,0,0,quality_review_themes_unavailable | negative_quality_evidence_not_structurally_captured
ChIJTSLfR1qLGGARZVAT7ynYhsk,Sushi Hanaoka,Sushi restaurant,Shibuya Initial,62.86,71.59,71.59,0.0,public-v3-local-discovery,78.05,0.0,0.0,0.0,0.0,78.05,78.05,78.05,45.1,100.0,58.82,45.1,100.0,60.37,71.98,0.39,71.98,71.98,71.98,71.1,0.39,0.39,0.39,-0.49,False,True,True,independent_single,False,False,,,True,,82.35,,,,,0,0,quality_review_themes_unavailable | negative_quality_evidence_not_structurally_captured | local_audience
ChIJTSQACCrtGGARRf66ZPyKHr0,Sugawara Abura Shoten,油そば・まぜそば専門店,Toshima Initial,76.68,74.61,74.61,0.0,public-v3-local-discovery,59.64,0.0,0.0,0.0,0.0,59.64,59.64,59.64,93.68,82.5,85.38,93.68,82.5,88.53,75.4,0.79,75.4,75.4,75.4,76.84,0.79,0.79,0.79,2.23,False,True,True,small_group_distinct_concept,False,False,,,True,,87.15,,,livedoor.blog | s-nerima.jp | tabelog.com | ubereats.com,other_or_restaurant_controlled | review_or_reservation_platform,3,3,negative_quality_evidence_not_structurally_captured
ChIJTV-7dZOLGGAR5JyhJgxUmzM,Jingisukan Ishii Kotorakomichi,ジンギスカン,Minato Initial,63.27,63.97,63.97,0.0,public-v3-local-discovery,58.25,0.0,0.0,0.0,0.0,58.25,58.25,58.25,59.33,79.0,68.05,59.33,100.0,67.56,67.0,3.03,67.0,67.0,67.0,67.47,3.03,3.03,3.03,3.5,False,True,True,unknown,False,False,,,True,,82.35,,,,,0,0,quality_review_themes_unavailable | negative_quality_evidence_not_structurally_captured | chain_classification
ChIJTZ67fACLGGARJEpZ1d_kG3Q,Sumibi to Sake Rokko Tamachi,Izakaya,Minato Initial,63.05,63.71,63.71,0.0,public-v3-local-discovery,58.31,0.0,0.0,0.0,0.0,58.31,58.31,58.31,60.4,79.0,66.23,60.4,100.0,68.82,67.5,3.79,67.5,67.5,67.5,68.03,3.79,3.79,3.79,4.32,False,True,True,unknown,False,False,,,True,,82.35,,,,,0,0,quality_review_themes_unavailable | negative_quality_evidence_not_structurally_captured | chain_classification | local_audience
ChIJT_2RXoyLGGARKuZV7eUIkzI,Restaurant Seiyoginza,French restaurant,Chuo Initial,72.41,76.43,76.43,0.0,public-v3-local-discovery,81.88,0.0,0.0,0.0,0.0,81.88,81.88,81.88,55.54,100.0,65.0,55.54,100.0,67.65,77.09,0.66,77.09,77.09,77.09,76.38,0.66,0.66,0.66,-0.05,True,True,True,independent_single,False,False,,,True,,88.35,,,lastminutejapan.com | seiyoginza.jp | tablecheck.com,other_or_restaurant_controlled,2,3,same_source_family_themes_excluded:1 | negative_quality_evidence_not_structurally_captured | local_audience
ChIJT_dhA3TzGGARZkPkApHGfeI,Hirakiya,Japanese restaurant,Setagaya Initial,71.6,74.88,74.88,0.0,public-v3-local-discovery,80.29,0.0,0.0,0.0,0.0,80.29,80.29,80.29,64.54,79.0,68.89,64.54,100.0,72.55,78.95,4.07,78.95,78.95,78.95,78.56,4.07,4.07,4.07,3.68,False,True,True,unknown,False,False,,,True,,82.35,,,,,0,0,quality_review_themes_unavailable | negative_quality_evidence_not_structurally_captured | chain_classification
ChIJT_kZOAaJGGARvoBk047Jp80,Washun Shoan,Japanese small-plate restaurant,Koto Initial,71.75,75.52,75.52,0.0,public-v3-local-discovery,57.84,0.0,0.0,0.0,0.0,57.84,57.84,57.84,85.8,100.0,86.47,85.8,100.0,89.62,76.3,0.78,76.3,76.3,76.3,77.89,0.78,0.78,0.78,2.37,True,True,True,independent_single,False,False,,,True,,87.95,,,itp.ne.jp | kotomise.jp | sakenomy.jp | tabelog.com | yahoo.co.jp,other_or_restaurant_controlled | review_or_reservation_platform,3,3,negative_quality_evidence_not_structurally_captured
ChIJTcoDvVyJGGARlNyGSsyMf0A,Table d’Hote,Italian restaurant,Chuo Initial,72.72,68.84,68.84,0.0,public-v3-local-discovery,51.04,3.5,3.5,3.5,3.5,54.54,54.54,54.54,84.0,82.5,83.59,84.0,82.5,86.74,69.63,0.79,71.2,71.2,71.2,72.81,2.36,2.36,2.36,3.97,False,True,True,small_group_distinct_concept,False,False,,,True,,76.35,food/execution praise +1.5: House-made bread is a notable feature | specialist/craft evidence +2: House-made bread is a notable feature,,autoreserve.com | gnavi.co.jp | tabelog.com,other_or_restaurant_controlled | review_or_reservation_platform,2,3,negative_quality_evidence_not_structurally_captured
ChIJTdHx1pSOGGARsGZatGj0FoA,Yayoi,Tonkatsu,Taito Initial,61.89,65.96,65.96,0.0,public-v3-local-discovery,51.2,0.0,0.0,0.0,0.0,51.2,51.2,51.2,61.96,100.0,74.51,61.96,100.0,74.51,65.96,0.0,65.96,65.96,65.96,67.13,0.0,0.0,0.0,1.17,False,True,True,independent_single,False,False,,,True,,87.95,,,chawanbushi.com | ichiyouzakurakokusai.com | mokuhankan.com | retty.me | tabelog.com,other_or_restaurant_controlled | review_or_reservation_platform,3,4,negative_quality_evidence_not_structurally_captured
ChIJTddN4yCNGGAR_ErtcrSpxl8,Asian Ryouri & Bar Magic Kitchen,Indian restaurant,Shinjuku Initial,80.01,72.85,72.85,0.0,public-v3-local-discovery,60.34,1.5,1.5,1.5,1.5,61.84,61.84,61.84,81.39,94.0,77.56,81.39,100.0,86.65,76.02,3.17,76.7,76.7,76.7,77.94,3.85,3.85,3.85,5.09,False,True,True,independent_single,False,False,,,True,,75.15,food/execution praise +1.5: Large naan pairs with flavorful curry and adjustable spice levels,,hotpepper.jp | tabelog.com | yahoo.co.jp,other_or_restaurant_controlled | review_or_reservation_platform,3,3,negative_quality_evidence_not_structurally_captured | specialist_restaurant | local_audience | international_visibility | corporate_visibility
ChIJTe7PjEiJGGAR7D7M4bZSlGY,Kisentei Ningyocho Honten,鉄板焼き・ステーキ,Chuo Initial,73.57,73.46,73.46,0.0,public-v3-local-discovery,71.59,0.0,0.0,0.0,0.0,71.59,71.59,71.59,78.38,75.0,72.97,78.38,86.67,79.19,76.77,3.31,76.77,76.77,76.77,77.15,3.31,3.31,3.31,3.69,False,True,True,unknown,False,False,,,True,,82.35,,,,,0,0,quality_review_themes_unavailable | negative_quality_evidence_not_structurally_captured | chain_classification | local_audience
ChIJTeGFnh7zGGARV5dI1uRmsyw,Keiya,創作料理・居酒屋,Suginami Initial,69.4,77.97,77.97,0.0,public-v3-local-discovery,76.3,0.0,0.0,0.0,0.0,76.3,76.3,76.3,72.59,94.0,74.59,72.59,100.0,80.82,80.43,2.46,80.43,80.43,80.43,80.65,2.46,2.46,2.46,2.68,True,True,True,independent_single,False,False,,,True,,87.95,,,tabelog.com | twstalker.com | yahoo.co.jp,other_or_restaurant_controlled | review_or_reservation_platform,2,4,same_source_family_themes_excluded:1 | negative_quality_evidence_not_structurally_captured | specialist_restaurant
ChIJTebUYnnuGGARI6W3hnb5fTE,Yashinbō,居酒屋,Suginami Initial,68.3,70.14,70.14,0.0,public-v3-local-discovery,58.85,0.0,0.0,0.0,0.0,58.85,58.85,58.85,84.57,79.0,76.47,84.57,100.0,82.02,74.67,4.53,74.67,74.67,74.67,75.83,4.53,4.53,4.53,5.69,False,True,True,unknown,False,False,,,True,,87.95,,,din.or.jp | retty.me | tabelog.com,other_or_restaurant_controlled | review_or_reservation_platform,2,3,negative_quality_evidence_not_structurally_captured | chain_classification
ChIJTejxRdKNGGARi4GKQ7doRio,Yanaka Tokiwa,Japanese cuisine / izakaya,Taito Initial,74.48,72.5,72.5,0.0,public-v3-local-discovery,55.68,0.0,0.0,0.0,0.0,55.68,55.68,55.68,81.68,94.0,84.37,81.68,100.0,91.69,75.23,2.73,75.23,75.23,75.23,77.03,2.73,2.73,2.73,4.53,False,True,True,independent_single,False,False,,,True,,88.35,,,ekiten.jp | tbs.co.jp,other_or_restaurant_controlled | review_or_reservation_platform,1,2,negative_quality_evidence_not_structurally_captured | specialist_restaurant
ChIJTx1quJbyGGARtxwuEguhQjI,Sushi Iso,Sushi,Suginami Initial,73.66,80.92,80.92,0.0,public-v3-local-discovery,78.2,0.0,0.0,0.0,0.0,78.2,78.2,78.2,74.91,100.0,77.99,74.91,100.0,81.14,81.71,0.79,81.71,81.71,81.71,81.86,0.79,0.79,0.79,0.94,True,True,True,independent_single,False,False,,,True,,87.95,,,local-japan.com | tabelog.com,other_or_restaurant_controlled | review_or_reservation_platform,1,3,same_source_family_themes_excluded:1 | negative_quality_evidence_not_structurally_captured
ChIJTy5RAMiPGGARi1PdMHDEBmc,Korean Home-Style Restaurant Kumsan,Korean restaurant,Taito Initial,72.18,74.48,74.48,0.0,public-v3-local-discovery,53.96,0.0,0.0,0.0,0.0,53.96,53.96,53.96,88.36,100.0,87.78,88.36,100.0,90.92,75.27,0.79,75.27,75.27,75.27,77.11,0.79,0.79,0.79,2.63,False,True,True,independent_single,False,False,,,True,,81.95,,,,,0,0,quality_review_themes_unavailable | negative_quality_evidence_not_structurally_captured
ChIJU-XGbE1hGGARr9d0r66r0NY,Kisetsu Ryori Yakitori Nonkiya,焼き鳥・居酒屋,Ota Initial,76.75,79.57,79.57,0.0,public-v3-local-discovery,63.5,0.0,0.0,0.0,0.0,63.5,63.5,63.5,90.96,100.0,89.4,90.96,100.0,92.55,80.36,0.79,80.36,80.36,80.36,81.81,0.79,0.79,0.79,2.24,True,True,True,independent_single,False,False,,,True,,71.95,,,,,0,0,quality_review_themes_unavailable | negative_quality_evidence_not_structurally_captured
ChIJU-sWYVSNGGARaTdGt3MyzO0,Nishiki Sushi,寿司,Toshima Initial,74.23,80.1,80.1,0.0,public-v3-local-discovery,73.61,0.0,0.0,0.0,0.0,73.61,73.61,73.61,77.78,100.0,81.24,77.78,100.0,84.39,80.89,0.79,80.89,80.89,80.89,81.43,0.79,0.79,0.79,1.33,True,True,True,independent_single,False,False,,,True,,81.95,,,,,0,0,quality_review_themes_unavailable | negative_quality_evidence_not_structurally_captured
ChIJU133QjKLGGAR1w7IC9n3RZ8,Restaurant I.To,Innovative French-Japanese,Shinjuku Initial,75.46,78.93,78.93,0.0,public-v3-local-discovery,78.59,0.0,0.0,0.0,0.0,78.59,78.59,78.59,66.31,100.0,74.47,66.31,100.0,77.61,79.71,0.78,79.71,79.71,79.71,79.67,0.78,0.78,0.78,0.74,True,True,True,independent_single,False,False,,,True,,87.95,,,ikyu.com | menufans.com | tabelog.com | tablecheck.com | thegrand.jp,other_or_restaurant_controlled | review_or_reservation_platform,2,3,negative_quality_evidence_not_structurally_captured
ChIJU3dSrgVgGGARxYma1sTtwuc,Darumaya Shokudo,食堂,Ota Initial,70.66,73.04,73.04,0.0,public-v3-local-discovery,58.42,1.5,1.5,1.5,1.5,59.92,59.92,59.92,83.48,94.0,80.53,83.48,100.0,87.43,75.67,2.63,76.34,76.34,76.34,77.72,3.3,3.3,3.3,4.68,False,True,True,independent_single,False,False,,,True,,72.55,food/execution praise +1.5: Omelet rice is a notable menu item,,lavietaste.com | omurice.com | tabelog.com,other_or_restaurant_controlled | review_or_reservation_platform,1,3,negative_quality_evidence_not_structurally_captured | specialist_restaurant
ChIJU48-WbzzGGARiEef1GSM5K8,Chugoku Ryori Ichiban,Chinese restaurant,Suginami Initial,77.43,77.48,77.48,0.0,public-v3-local-discovery,58.06,0.0,0.0,0.0,0.0,58.06,58.06,58.06,100.0,94.0,89.0,100.0,100.0,96.83,80.33,2.85,80.33,80.33,80.33,82.27,2.85,2.85,2.85,4.79,True,True,True,independent_single,False,False,,,True,,69.95,,,,,0,0,quality_review_themes_unavailable | negative_quality_evidence_not_structurally_captured | specialist_restaurant
ChIJU6x_0VxgGGARpqacmSrh810,Kourakuen,焼肉,Ota Initial,69.11,70.75,70.75,0.0,public-v3-local-discovery,40.98,0.0,0.0,0.0,0.0,40.98,40.98,40.98,97.65,100.0,90.64,97.65,100.0,93.79,71.54,0.79,71.54,71.54,71.54,74.18,0.79,0.79,0.79,3.43,False,True,True,independent_single,False,False,,,True,,87.15,,,wanderlog.com | yahoo.co.jp,other_or_restaurant_controlled,1,2,negative_quality_evidence_not_structurally_captured
ChIJU9M6pk_1GGARg0i4gI-uYMc,Ethnic Sakaba Backyard,Izakaya,Setagaya Initial,68.31,75.15,75.15,0.0,public-v3-local-discovery,80.74,0.0,0.0,0.0,0.0,80.74,80.74,80.74,51.37,100.0,64.46,51.37,100.0,63.56,74.93,-0.22,74.93,74.93,74.93,74.07,-0.22,-0.22,-0.22,-1.08,True,True,True,independent_single,False,False,,,True,,75.95,,,autoreserve.com | wanderlog.com,other_or_restaurant_controlled,1,3,negative_quality_evidence_not_structurally_captured
ChIJU9oBp42NGGARWX8VeNDXWig,Izakaya Gorushi,Izakaya,Toshima Initial,68.35,71.87,71.87,0.0,public-v3-local-discovery,54.15,0.0,0.0,0.0,0.0,54.15,54.15,54.15,87.83,94.0,80.9,87.83,100.0,87.83,74.5,2.63,74.5,74.5,74.5,76.18,2.63,2.63,2.63,4.31,False,True,True,independent_single,False,False,,,True,,75.95,,,,,0,0,quality_review_themes_unavailable | negative_quality_evidence_not_structurally_captured | specialist_restaurant
ChIJUSthLwCJGGAROmyaaIoijDM,Makkuse Dining & Bar,Nepalese restaurant,Koto Initial,74.2,77.12,77.12,0.0,public-v3-local-discovery,66.31,0.0,0.0,0.0,0.0,66.31,66.31,66.31,83.98,96.0,81.14,83.98,96.0,84.29,77.91,0.79,77.91,77.91,77.91,78.81,0.79,0.79,0.79,1.69,True,True,True,independent_single,False,False,,,True,,87.55,,,,other_or_restaurant_controlled | review_or_reservation_platform,0,1,no_independently_corroborated_food_quality_theme | negative_quality_evidence_not_structurally_captured
ChIJUTWLZTmRGGARxOTDinwFGD0,Qiqihar Barbecue,Chinese barbecue restaurant,Adachi Initial,71.03,73.32,73.32,0.0,public-v3-local-discovery,65.17,0.0,0.0,0.0,0.0,65.17,65.17,65.17,83.33,79.0,78.59,83.33,100.0,80.73,77.01,3.69,77.01,77.01,77.01,77.79,3.69,3.69,3.69,4.47,False,True,True,unknown,False,False,,,True,,81.55,,,dineguides.com | yahoo.co.jp,other_or_restaurant_controlled,1,2,same_source_family_themes_excluded:1 | negative_quality_evidence_not_structurally_captured | chain_classification
ChIJUW-ENQ-JGGARNTTy9o9UxKE,Yakiniku Horumon Gyusha,焼肉,Chuo Initial,73.78,79.2,79.2,0.0,public-v3-local-discovery,81.21,0.0,0.0,0.0,0.0,81.21,81.21,81.21,63.98,100.0,72.23,63.98,100.0,76.16,80.18,0.98,80.18,80.18,80.18,79.93,0.98,0.98,0.98,0.73,True,True,True,independent_single,False,False,,,True,,81.95,,,,,0,0,quality_review_themes_unavailable | negative_quality_evidence_not_structurally_captured | local_audience
ChIJUW8Awy3zGGARXKts3JsAkkU,Ichimishin,Japanese-French restaurant,Shibuya Initial,72.37,73.79,73.79,0.0,public-v3-local-discovery,73.33,0.0,0.0,0.0,0.0,73.33,73.33,73.33,56.53,100.0,69.25,56.53,100.0,69.25,73.79,0.0,73.79,73.79,73.79,73.59,0.0,0.0,0.0,-0.2,False,True,True,independent_single,False,False,,,True,,88.35,,,ichimishin.jp | leon.jp,government_or_local_official | other_or_restaurant_controlled,2,3,negative_quality_evidence_not_structurally_captured
ChIJUWaYsRz1GGAR5S69_tkJy4E,Tsukano,Sushi,Setagaya Initial,75.64,82.14,82.14,0.0,public-v3-local-discovery,75.13,1.0,1.0,1.0,1.0,76.13,76.13,76.13,80.26,100.0,85.17,80.26,100.0,85.17,82.14,0.0,82.59,82.59,82.59,83.04,0.45,0.45,0.45,0.9,True,True,True,independent_single,False,False,,,True,,87.95,"consistency/longevity +1: Traditional neighborhood sushi with a relaxed, long-running local feel",,retty.me | yahoo.co.jp,other_or_restaurant_controlled | review_or_reservation_platform,1,1,negative_quality_evidence_not_structurally_captured
ChIJUXoor5OOGGARg2gUYCa_lWk,Asahi Sushi,寿司,Taito Initial,82.06,84.89,84.89,0.0,public-v3-local-discovery,80.71,1.5,1.5,1.5,1.5,82.21,82.21,82.21,88.44,100.0,81.23,88.44,100.0,88.66,86.75,1.86,87.43,87.43,87.43,87.75,2.54,2.54,2.54,2.86,True,True,True,independent_single,False,False,,,True,,59.75,food/execution praise +1.5: Fresh fish and carefully prepared sushi,,kuchikomi-search.com | sidebrains.com | tabelog.com,other_or_restaurant_controlled | review_or_reservation_platform,2,3,same_source_family_themes_excluded:1 | negative_quality_evidence_not_structurally_captured | local_audience | international_visibility | corporate_visibility
ChIJUZOJRPeLGGAR-0vfQdXdheo,Le midi Ariso,フレンチ,Chiyoda Initial,75.27,75.64,75.64,0.0,public-v3-local-discovery,81.79,0.0,0.0,0.0,0.0,81.79,81.79,81.79,67.78,79.0,67.25,67.78,100.0,70.5,79.6,3.96,79.6,79.6,79.6,79.03,3.96,3.96,3.96,3.39,True,True,True,unknown,False,False,,,True,,82.35,,,le-midi-ariso.com | marunouchi.com | tabelog.com,other_or_restaurant_controlled | review_or_reservation_platform,2,3,negative_quality_evidence_not_structurally_captured | chain_classification
ChIJUZsRKACRGGARYUULB70nU3U,Taishū Yakiniku Kaguya,焼肉,Adachi Initial,74.78,78.62,78.62,0.0,public-v3-local-discovery,63.09,0.0,0.0,0.0,0.0,63.09,63.09,63.09,90.16,100.0,86.82,90.16,100.0,89.97,79.41,0.79,79.41,79.41,79.41,80.75,0.79,0.79,0.79,2.13,True,True,True,independent_single,False,False,,,True,,81.95,,,,,0,0,quality_review_themes_unavailable | negative_quality_evidence_not_structurally_captured
ChIJUbAhVHGNGGARchVoTo-MIn4,Yae,Japanese cuisine / kappo,Toshima Initial,73.89,77.35,77.35,0.0,public-v3-local-discovery,59.1,0.0,0.0,0.0,0.0,59.1,59.1,59.1,94.3,100.0,86.46,94.3,100.0,92.89,78.96,1.61,78.96,78.96,78.96,80.65,1.61,1.61,1.61,3.3,True,True,True,independent_single,False,False,,,True,,88.35,,,,other_or_restaurant_controlled | review_or_reservation_platform,0,1,no_independently_corroborated_food_quality_theme | negative_quality_evidence_not_structurally_captured | local_audience
ChIJUf31c3CMGGARtao4OOw-tQQ,Yakiniku Rin Hanzomon,焼肉,Chiyoda Initial,61.13,51.93,51.93,0.0,public-v3-local-discovery,46.13,2.0,2.0,2.0,2.0,48.13,48.13,48.13,70.0,44.0,56.28,70.0,44.0,57.39,52.21,0.28,53.11,53.11,53.11,53.57,1.18,1.18,1.18,1.64,False,True,True,small_same_brand_chain,True,False,,,False,chain_excluded,82.35,signature-dish reputation +2: Thick-cut beef tongue is a defining specialty,,tabelog.com | yakinikurinhanzomon.com,other_or_restaurant_controlled | review_or_reservation_platform,1,3,negative_quality_evidence_not_structurally_captured | local_audience
ChIJUfVBVpmOGGARUu4vI8UnHOk,Joshu Otoko,Snack bar,Taito Initial,78.12,79.26,79.26,0.0,public-v3-local-discovery,64.94,0.0,0.0,0.0,0.0,64.94,64.94,64.94,92.62,94.0,88.17,92.62,100.0,92.41,81.22,1.96,81.22,81.22,81.22,82.59,1.96,1.96,1.96,3.33,True,True,True,independent_single,False,False,,,True,,87.55,,,,,0,0,quality_review_themes_unavailable | negative_quality_evidence_not_structurally_captured | specialist_restaurant
ChIJUxgEyKiSGGARCwF4891ev0M,Teishoku-ya Susico,定食・食堂,Toshima Initial,71.32,75.26,75.26,0.0,public-v3-local-discovery,66.54,0.0,0.0,0.0,0.0,66.54,66.54,66.54,78.21,94.0,77.93,78.21,100.0,84.53,77.81,2.55,77.81,77.81,77.81,78.71,2.55,2.55,2.55,3.45,True,True,True,independent_single,False,False,,,True,,75.95,,,3mon.net | tabelog.com,other_or_restaurant_controlled | review_or_reservation_platform,2,3,negative_quality_evidence_not_structurally_captured | specialist_restaurant
ChIJV1HdByTzGGARFwYtmUk4glE,Pelmeni Kitchen,Russian cuisine,Shibuya Initial,61.68,68.72,68.72,0.0,public-v3-local-discovery,44.75,0.0,0.0,0.0,0.0,44.75,44.75,44.75,85.16,100.0,83.24,85.16,100.0,86.39,69.51,0.79,69.51,69.51,69.51,71.59,0.79,0.79,0.79,2.87,False,True,True,independent_single,False,False,,,True,,88.35,,,,blog_platform | other_or_restaurant_controlled,0,1,no_independently_corroborated_food_quality_theme | negative_quality_evidence_not_structurally_captured
ChIJV1X-fwD1GGARU2DUwQ72z0g,Petit Restaurant Nakajima,洋食,Setagaya Initial,78.83,83.84,83.84,0.0,public-v3-local-discovery,70.2,0.0,0.0,0.0,0.0,70.2,70.2,70.2,94.22,100.0,92.47,94.22,100.0,92.47,83.84,0.0,83.84,83.84,83.84,84.95,0.0,0.0,0.0,1.11,True,True,True,independent_single,False,False,,,True,,87.55,,,enjoytokyo.jp | heteml.net | retty.me | tabelog.com,government_or_local_official | other_or_restaurant_controlled | review_or_reservation_platform,2,4,negative_quality_evidence_not_structurally_captured
ChIJV2XOo1DtGGARNYUYORel2g0,Sakana no Mi,居酒屋,Toshima Initial,73.44,75.21,75.21,0.0,public-v3-local-discovery,59.14,0.0,0.0,0.0,0.0,59.14,59.14,59.14,88.86,94.0,84.66,88.86,100.0,92.01,77.94,2.73,77.94,77.94,77.94,79.59,2.73,2.73,2.73,4.38,True,True,True,independent_single,False,False,,,True,,87.95,,,hitosara.com | yahoo.co.jp,other_or_restaurant_controlled | review_or_reservation_platform,1,1,negative_quality_evidence_not_structurally_captured | specialist_restaurant
ChIJV3a0LgiLGGARIGMF6Nx2uY4,Camino de Santiago,Spanish restaurant and wine bar,Minato Initial,70.14,71.94,71.94,0.0,public-v3-local-discovery,51.91,1.5,1.5,1.5,1.5,53.41,53.41,53.41,82.52,100.0,84.8,82.52,100.0,87.95,72.72,0.78,73.4,73.4,73.4,75.13,1.46,1.46,1.46,3.19,False,True,True,independent_single,False,False,,,True,,87.95,food/execution praise +1.5: Wine and cider are notable parts of the drinks offering,,demae-can.com | doorblog.jp | inshokuten.com | retty.me | tabelog.com,blog_platform | other_or_restaurant_controlled | review_or_reservation_platform,2,3,negative_quality_evidence_not_structurally_captured
ChIJV4MW_1CLGGARAtHCuK0DAkU,Akasaka Kenmochi,日本料理・懐石,Shinjuku Initial,71.74,74.94,74.94,0.0,public-v3-local-discovery,69.12,0.0,0.0,0.0,0.0,69.12,69.12,69.12,62.73,100.0,77.71,62.73,100.0,77.71,74.94,0.0,74.94,74.94,74.94,75.37,0.0,0.0,0.0,0.43,False,True,True,independent_single,False,False,,,True,,88.35,,,,,0,0,quality_review_themes_unavailable | negative_quality_evidence_not_structurally_captured
ChIJV6UzL1WNGGARf3V6ctQ4WvM,Okonomiyaki Dining Monji,Okonomiyaki restaurant,Toshima Initial,74.32,49.99,49.99,0.0,public-v3-local-discovery,73.8,0.0,0.0,0.0,0.0,73.8,73.8,73.8,77.69,100.0,81.24,77.69,100.0,84.39,49.99,0.0,49.99,49.99,49.99,49.99,0.0,0.0,0.0,0.0,False,False,True,independent_single,False,False,,,False,product_ineligible,87.95,,,itoh.co.jp | tabelog.com,other_or_restaurant_controlled | review_or_reservation_platform,1,1,negative_quality_evidence_not_structurally_captured
ChIJV7KUAACJGGARjPCDGos7TGc,Sushi Masa,寿司,Koto,83.52,83.33,83.33,0.0,public-v3-local-discovery,91.95,1.5,1.5,1.5,1.5,93.45,93.45,93.45,62.36,100.0,70.38,62.36,100.0,73.94,84.22,0.89,84.89,84.89,84.89,83.92,1.56,1.56,1.56,0.59,True,True,True,independent_single,False,False,,,True,,82.35,food/execution praise +1.5: Fresh fish and carefully prepared sushi receive positive attention,,isize.com | owst.jp | tabelog.com,other_or_restaurant_controlled | review_or_reservation_platform,2,3,negative_quality_evidence_not_structurally_captured | local_audience | international_visibility | corporate_visibility
ChIJVRUG9WdgGGARu_q9IhDPW6Q,Shibata,Izakaya restaurant,Ota Initial,74.56,69.85,69.85,0.0,public-v3-local-discovery,66.62,0.0,0.0,0.0,0.0,66.62,66.62,66.62,77.2,73.0,69.36,86.27,100.0,87.73,79.85,10.0,79.85,79.85,79.85,80.91,10.0,10.0,10.0,11.06,False,True,True,unknown,False,False,,,True,,21.95,,,,,0,0,quality_review_themes_unavailable | negative_quality_evidence_not_structurally_captured | tourist_coverage | chain_classification | specialist_restaurant | local_audience | tourist_orientation | international_visibility | corporate_visibility
ChIJVUfPiL2RGGARFkmswLIxdoY,Wakaba Sushi,寿司,Adachi Initial,61.96,66.76,66.76,0.0,public-v3-local-discovery,39.46,0.0,0.0,0.0,0.0,39.46,39.46,39.46,84.34,100.0,85.43,84.34,100.0,88.58,67.55,0.79,67.55,67.55,67.55,70.01,0.79,0.79,0.79,3.25,False,True,True,independent_single,False,False,,,True,,87.95,,,,,0,0,quality_review_themes_unavailable | negative_quality_evidence_not_structurally_captured
ChIJVVFwgl-LGGARWqxq5BWijQI,Shibaura Torimachi,焼き鳥,Minato Initial,62.1,61.59,61.59,0.0,public-v3-local-discovery,51.94,0.0,0.0,0.0,0.0,51.94,51.94,51.94,67.79,71.0,69.6,67.79,73.33,73.43,62.9,1.31,62.9,62.9,62.9,63.97,1.31,1.31,1.31,2.38,False,True,True,unknown,False,False,,,True,,88.35,,,,,0,0,quality_review_themes_unavailable | negative_quality_evidence_not_structurally_captured | chain_classification
ChIJVVU5XJiNGGARaPu2gANyiNQ,Uchigohan Matsumoto,食堂・定食,Toshima Initial,73.28,76.97,76.97,0.0,public-v3-local-discovery,64.62,0.0,0.0,0.0,0.0,64.62,64.62,64.62,88.39,94.0,82.12,88.39,100.0,89.19,79.64,2.67,79.64,79.64,79.64,80.86,2.67,2.67,2.67,3.89,True,True,True,independent_single,False,False,,,True,,87.95,,,ameblo.jp | tabelog.com,blog_platform | review_or_reservation_platform,2,3,negative_quality_evidence_not_structurally_captured | specialist_restaurant
ChIJVVUBN4uIGGAR-AFysSh1-bg,Toccata,Italian,Koto Initial,79.97,76.2,76.2,0.0,public-v3-local-discovery,63.24,0.0,0.0,0.0,0.0,63.24,63.24,63.24,82.25,100.0,81.6,82.25,100.0,87.08,77.57,1.37,77.57,77.57,77.57,78.76,1.37,1.37,1.37,2.56,True,True,True,independent_single,False,False,,,True,,87.95,,,lavietaste.com | tabelog.com,other_or_restaurant_controlled | review_or_reservation_platform,1,4,negative_quality_evidence_not_structurally_captured | local_audience | international_visibility | corporate_visibility
ChIJVVUZHGKJGGARQogOBpJ3pT8,Gyoza to Okinawa,沖縄料理・餃子居酒屋,Chuo Initial,75.32,80.72,80.72,0.0,public-v3-local-discovery,75.96,2.0,2.0,2.0,2.0,77.96,77.96,77.96,76.27,100.0,80.39,76.27,100.0,83.54,81.51,0.79,82.41,82.41,82.41,82.69,1.69,1.69,1.69,1.97,True,True,True,independent_single,False,False,,,True,,81.95,specialist/craft evidence +2: Handmade gyoza with distinctive shiso and steamed varieties,,fc2.com | note.com | tabelog.com | tokyogyoza.net,blog_platform | other_or_restaurant_controlled | review_or_reservation_platform,2,3,negative_quality_evidence_not_structurally_captured
ChIJVVVMiBSLGGARlL4kmx9ob-0,Ebisu Kichinoza,Izakaya,Shibuya Initial,69.44,74.3,74.3,0.0,public-v3-local-discovery,76.29,0.0,0.0,0.0,0.0,76.29,76.29,76.29,50.42,100.0,69.64,50.42,100.0,69.64,74.3,0.0,74.3,74.3,74.3,73.97,0.0,0.0,0.0,-0.33,False,True,True,independent_single,False,False,,,True,,88.35,,,kichinoza.jp | tabelog.com,other_or_restaurant_controlled | review_or_reservation_platform,2,4,same_source_family_themes_excluded:1 | negative_quality_evidence_not_structurally_captured
ChIJVVVRr9SRGGAR1yHBitS-Mqo,Izakaya MARU,居酒屋,Adachi Initial,70.21,71.86,71.86,0.0,public-v3-local-discovery,69.01,0.0,0.0,0.0,0.0,69.01,69.01,69.01,82.77,73.0,69.75,82.77,100.0,78.65,78.13,6.27,78.13,78.13,78.13,78.61,6.27,6.27,6.27,6.75,False,True,True,unknown,False,False,,,True,,69.95,,,,,0,0,quality_review_themes_unavailable | negative_quality_evidence_not_structurally_captured | chain_classification | specialist_restaurant | local_audience
ChIJVVVYl5-LGGARHez2jki67g4,Tempura Maehira,Tempura,Minato Initial,66.62,69.97,69.97,0.0,public-v3-local-discovery,63.48,0.0,0.0,0.0,0.0,63.48,63.48,63.48,60.88,100.0,69.07,60.88,100.0,69.07,69.97,0.0,69.97,69.97,69.97,70.25,0.0,0.0,0.0,0.28,False,True,True,independent_single,False,False,,,True,,88.35,,,michelin.com | myconciergejapan.com,other_or_restaurant_controlled | review_or_reservation_platform,1,3,negative_quality_evidence_not_structurally_captured
ChIJVVVaeh5gGGARhE7RDYYjUdU,Kaoru Zushi,寿司,Ota Initial,68.5,78.23,78.23,0.0,public-v3-local-discovery,72.98,0.0,0.0,0.0,0.0,72.98,72.98,72.98,75.0,100.0,76.57,75.0,100.0,79.72,79.02,0.79,79.02,79.02,79.02,79.36,0.79,0.79,0.79,1.13,True,True,True,independent_single,False,False,,,True,,87.95,,,ameblo.jp | ekiten.jp | tabelog.com,blog_platform | review_or_reservation_platform,1,2,negative_quality_evidence_not_structurally_captured
ChIJVVVl11qLGGARFt-B-X4pIZc,Le Sample,French restaurant,Shinjuku Initial,72.16,79.15,79.15,0.0,public-v3-local-discovery,77.33,1.5,1.5,1.5,1.5,78.83,78.83,78.83,68.2,100.0,76.47,68.2,100.0,79.62,79.93,0.78,80.61,80.61,80.61,80.65,1.46,1.46,1.46,1.5,True,True,True,independent_single,False,False,,,True,,88.35,food/execution praise +1.5: Creative French cooking with fresh ingredients and Japanese influence,,lesample.jp | tripadvisor.com,other_or_restaurant_controlled | review_or_reservation_platform,1,2,negative_quality_evidence_not_structurally_captured
ChIJVVVxgeqOGGARJFRW6C5zseY,Horumon Kemuri,焼肉,Taito Initial,67.19,77.66,77.66,0.0,public-v3-local-discovery,76.49,1.5,1.5,1.5,1.5,77.99,77.99,77.99,67.05,100.0,72.72,67.05,100.0,72.72,77.66,0.0,78.33,78.33,78.33,78.07,0.67,0.67,0.67,0.41,True,True,True,independent_single,False,False,,,True,,87.15,food/execution praise +1.5: Selected domestic meat and fresh offal are central to the offering,,tabelog.com | travelbook.co.jp,other_or_restaurant_controlled | review_or_reservation_platform,1,2,negative_quality_evidence_not_structurally_captured
ChIJVVWJuOqOGGARm7_Y4jPhGmA,Groin Groin,Pork-specialty bistro,Taito Initial,61.41,70.2,70.2,0.0,public-v3-local-discovery,78.16,0.0,0.0,0.0,0.0,78.16,78.16,78.16,37.86,100.0,57.39,37.86,100.0,57.39,70.2,0.0,70.2,70.2,70.2,69.16,0.0,0.0,0.0,-1.04,False,True,True,independent_single,False,False,,,True,,88.35,,,autoreserve.com | groin2.com | inshokuten.com,other_or_restaurant_controlled,2,3,negative_quality_evidence_not_structurally_captured
ChIJVVWZGyjzGGARkuDcx2siUko,Sushi Bar JUNTA,寿司,Shibuya Initial,70.26,70.68,70.68,0.0,public-v3-local-discovery,60.0,1.5,1.5,1.5,1.5,61.5,61.5,61.5,64.6,100.0,75.98,64.6,100.0,75.98,70.69,0.01,71.36,71.36,71.36,72.08,0.68,0.68,0.68,1.4,False,True,True,independent_single,False,False,,,True,,88.35,food/execution praise +1.5: Fresh sushi and seafood are recurring positives in visitor reviews,,tripadvisor.com | wanderlog.com,other_or_restaurant_controlled | review_or_reservation_platform,1,3,negative_quality_evidence_not_structurally_captured
ChIJVVWhJAiLGGARzUwbN-gxXRw,Shirokane Yokoyama,Sushi restaurant,Minato Initial,60.76,74.99,74.99,0.0,public-v3-local-discovery,85.77,0.0,0.0,0.0,0.0,85.77,85.77,85.77,44.42,100.0,58.91,44.42,100.0,62.06,75.77,0.78,75.77,75.77,75.77,74.59,0.78,0.78,0.78,-0.4,False,True,True,independent_single,False,False,,,True,,82.35,,,,,0,0,quality_review_themes_unavailable | negative_quality_evidence_not_structurally_captured
ChIJVVrrt_T0GGARKG79MUxmgUc,Fukuchan,居酒屋,Setagaya Initial,78.52,81.57,81.57,0.0,public-v3-local-discovery,71.13,0.0,0.0,0.0,0.0,71.13,71.13,71.13,92.11,94.0,86.57,92.11,100.0,90.64,83.48,1.91,83.48,83.48,83.48,84.46,1.91,1.91,1.91,2.89,True,True,True,independent_single,False,False,,,True,,75.55,,,wanderlog.com | yahoo.co.jp,other_or_restaurant_controlled,1,2,negative_quality_evidence_not_structurally_captured | specialist_restaurant
ChIJVWqpLwDxGGAR4FRt4MgHxUA,Unatora Soshigaya,うなぎ料理店,Setagaya Initial,75.91,54.99,54.99,0.0,public-v3-local-discovery,64.15,0.0,0.0,0.0,0.0,64.15,64.15,64.15,89.47,40.0,74.09,89.47,40.0,74.09,54.99,0.0,54.99,54.99,54.99,54.99,0.0,0.0,0.0,0.0,False,True,True,small_same_brand_chain,True,False,,,False,chain_excluded,82.35,,,,,0,0,quality_review_themes_unavailable | negative_quality_evidence_not_structurally_captured
ChIJVXInEgCLGGARz8IoRUTvYlY,CONA Tamachi Shibaura,イタリアンバル,Minato Initial,70.14,61.19,61.19,0.0,public-v3-local-discovery,49.31,0.0,0.0,0.0,0.0,49.31,49.31,49.31,70.61,61.0,77.04,70.61,40.0,78.8,58.48,-2.71,58.48,58.48,58.48,59.96,-2.71,-2.71,-2.71,-1.23,False,True,True,unknown,False,True,confirmed_branch_identity_conflict,,False,critical:confirmed_branch_identity_conflict,71.75,,,,,0,0,quality_review_themes_unavailable | negative_quality_evidence_not_structurally_captured | chain_classification
ChIJVXeTSIuIGGARXek06lRM-_M,Hiro,寿司,Koto Initial,79.97,79.47,82.34,2.87,public-v2-chain-classification,78.84,0.0,0.0,0.0,0.0,78.84,78.84,78.84,79.57,100.0,0.0,79.57,100.0,86.59,84.06,1.72,84.06,84.06,84.06,84.45,1.72,1.72,1.72,2.11,True,True,True,independent_single,False,False,,,True,,87.95,,,,,0,0,quality_review_themes_unavailable | negative_quality_evidence_not_structurally_captured | local_audience | international_visibility | corporate_visibility
ChIJVZUCComIGGARnjyHH7BdQT8,Toshichan Motsuyaki,もつ焼・焼き鳥,Koto Initial,66.62,73.22,73.22,0.0,public-v3-local-discovery,52.65,0.0,0.0,0.0,0.0,52.65,52.65,52.65,85.93,100.0,86.55,85.93,100.0,86.55,73.22,0.0,73.22,73.22,73.22,74.91,0.0,0.0,0.0,1.69,False,True,True,independent_single,False,False,,,True,,87.15,,,,other_or_restaurant_controlled | review_or_reservation_platform,0,2,no_independently_corroborated_food_quality_theme | negative_quality_evidence_not_structurally_captured
ChIJVa0RGv2LGGARx2bq9aU-IMs,Sushi Washoku Hourai,sushi restaurant,Chuo Initial,63.18,62.38,62.38,0.0,public-v3-local-discovery,58.73,0.0,0.0,0.0,0.0,58.73,58.73,58.73,64.39,73.0,61.36,69.19,100.0,72.52,69.94,7.56,69.94,69.94,69.94,70.63,7.56,7.56,7.56,8.25,False,True,True,unknown,False,False,,,True,,19.95,,,,,0,0,quality_review_themes_unavailable | negative_quality_evidence_not_structurally_captured | tourist_coverage | chain_classification | specialist_restaurant | local_audience | tourist_orientation | international_visibility | corporate_visibility
ChIJVc9odEbvGGARLlVzvSkBFGk,Hamonica Sakaba,居酒屋,Suginami Initial,72.72,70.15,70.15,0.0,public-v3-local-discovery,62.7,0.0,0.0,0.0,0.0,62.7,62.7,62.7,80.43,73.0,75.7,80.43,100.0,85.49,76.65,6.5,76.65,76.65,76.65,77.79,6.5,6.5,6.5,7.64,False,True,False,unknown,False,False,,,True,,87.95,,,,other_or_restaurant_controlled | review_or_reservation_platform,0,3,no_independently_corroborated_food_quality_theme | negative_quality_evidence_not_structurally_captured | chain_classification | specialist_restaurant
ChIJVcdhmdn1GGARLKQE-ksggrU,Sosaku Ryori Bobby,居酒屋,Ota Initial,68.06,73.75,73.75,0.0,public-v3-local-discovery,50.01,0.0,0.0,0.0,0.0,50.01,50.01,50.01,91.15,100.0,90.31,91.15,100.0,90.31,73.75,0.0,73.75,73.75,73.75,75.77,0.0,0.0,0.0,2.02,False,True,True,independent_single,False,False,,,True,,75.95,,,,other_or_restaurant_controlled | review_or_reservation_platform,0,3,no_independently_corroborated_food_quality_theme | negative_quality_evidence_not_structurally_captured
ChIJVfT2GTZgGGARHeNms80dt6w,Daim,Izakaya,Ota Initial,74.68,81.18,81.18,0.0,public-v3-local-discovery,76.54,0.0,0.0,0.0,0.0,76.54,76.54,76.54,82.13,94.0,81.28,82.13,100.0,84.76,82.95,1.77,82.95,82.95,82.95,83.36,1.77,1.77,1.77,2.18,True,True,True,independent_single,False,False,,,True,,81.95,,,,,0,0,quality_review_themes_unavailable | negative_quality_evidence_not_structurally_captured | specialist_restaurant
ChIJVxmpXgCNGGARcdQSNOSuXl4,Sushi Umiji Nihonbashi,Sushi restaurant,Chuo Initial,71.0,69.8,69.8,0.0,public-v3-local-discovery,84.86,0.0,0.0,0.0,0.0,84.86,84.86,84.86,42.12,75.0,56.17,42.12,86.67,52.72,70.69,0.89,70.69,70.69,70.69,69.08,0.89,0.89,0.89,-0.72,False,True,True,unknown,False,False,,,True,,88.35,,,,other_or_restaurant_controlled | review_or_reservation_platform,0,2,no_independently_corroborated_food_quality_theme | same_source_family_themes_excluded:1 | negative_quality_evidence_not_structurally_captured | chain_classification
ChIJVzAHXMKOGGARflHB8ll2qiY,Nido d'Amore,Yoshoku / kissaten,Taito Initial,71.47,72.9,72.9,0.0,public-v3-local-discovery,53.79,0.0,0.0,0.0,0.0,53.79,53.79,53.79,87.32,94.0,85.98,87.32,100.0,89.98,74.8,1.9,74.8,74.8,74.8,76.61,1.9,1.9,1.9,3.71,False,True,True,independent_single,False,False,,,True,,87.55,,,,,0,0,quality_review_themes_unavailable | negative_quality_evidence_not_structurally_captured | specialist_restaurant
ChIJW1pvRwCNGGAR1pMXEAGWhhY,XYLO Burmese Eatery,Burmese restaurant,Toshima Initial,75.99,77.76,77.76,0.0,public-v3-local-discovery,66.69,0.0,0.0,0.0,0.0,66.69,66.69,66.69,81.33,100.0,82.2,81.33,100.0,87.89,79.18,1.42,79.18,79.18,79.18,80.24,1.42,1.42,1.42,2.48,True,True,True,independent_single,False,False,,,True,,72.95,,,,,0,0,quality_review_themes_unavailable | negative_quality_evidence_not_structurally_captured | local_audience
ChIJW9NJYAaLGGARKyxK-kSPTjE,Nara Dining,インド料理,Minato Initial,75.29,78.92,78.92,0.0,public-v3-local-discovery,86.24,0.0,0.0,0.0,0.0,86.24,86.24,86.24,72.86,79.0,69.31,72.86,100.0,73.56,83.13,4.21,83.13,83.13,83.13,82.49,4.21,4.21,4.21,3.57,True,True,True,unknown,False,False,,,True,,75.55,,,ameblo.jp | tabelog.com,blog_platform | review_or_reservation_platform,1,2,negative_quality_evidence_not_structurally_captured | chain_classification | local_audience
ChIJW9QfTACNGGAR_tmTJYVzZg4,YP2A Thai Restaurant & Bar,Thai restaurant,Toshima Initial,68.05,72.4,72.4,0.0,public-v3-local-discovery,48.33,0.0,0.0,0.0,0.0,48.33,48.33,48.33,91.64,100.0,87.63,91.64,100.0,90.78,73.19,0.79,73.19,73.19,73.19,75.31,0.79,0.79,0.79,2.91,False,True,True,independent_single,False,False,,,True,,64.95,,,,,0,0,quality_review_themes_unavailable | negative_quality_evidence_not_structurally_captured
ChIJWSoSy5uJGGARIHNPWDSNZjo,Nikoniko Bansai,韓国料理,Koto Initial,74.24,78.59,78.59,0.0,public-v3-local-discovery,61.41,0.0,0.0,0.0,0.0,61.41,61.41,61.41,92.67,100.0,88.22,92.67,100.0,91.37,79.38,0.79,79.38,79.38,79.38,80.88,0.79,0.79,0.79,2.29,True,True,True,independent_single,False,False,,,True,,81.55,,,ameblo.jp | tabelog.com,blog_platform | review_or_reservation_platform,1,2,negative_quality_evidence_not_structurally_captured
ChIJWVHTc9aPGGARP8lfWUfxfw0,Nikukyu Ogatomo,肉料理,Taito,83.36,77.15,81.97,4.82,public-v2-chain-classification,88.09,3.5,3.5,3.5,3.5,91.59,91.59,91.59,81.41,79.0,0.0,81.41,100.0,81.83,87.31,5.34,88.88,88.88,88.88,88.4,6.91,6.91,6.91,6.43,False,True,True,unknown,False,False,,,True,,81.95,food/execution praise +1.5: House-made sausage and carefully prepared meat dishes stand out | specialist/craft evidence +2: House-made sausage and carefully prepared meat dishes stand out,,catering-selection.jp | lavietaste.com | tabelog.com,other_or_restaurant_controlled | review_or_reservation_platform,2,4,negative_quality_evidence_not_structurally_captured | chain_classification | local_audience | international_visibility | corporate_visibility
ChIJWVUlF-RhGGARsl6sNDCYHu4,Ten JAPAN GREEK YOGURT Tokyo Omori Main Store,Greek yogurt specialty shop,Ota Initial,74.0,82.55,82.55,0.0,public-v3-local-discovery,91.39,0.0,0.0,0.0,0.0,91.39,91.39,91.39,62.45,100.0,68.23,62.45,100.0,71.38,83.34,0.79,83.34,83.34,83.34,82.34,0.79,0.79,0.79,-0.21,True,True,True,independent_single,False,False,,,True,,87.95,,,,blog_platform | other_or_restaurant_controlled,0,2,no_independently_corroborated_food_quality_theme | same_source_family_themes_excluded:1 | negative_quality_evidence_not_structurally_captured
ChIJWeI_aACNGGAR4Fn0N-p0Xnk,ONDER Restaurant & Bar,Turkish restaurant,Shinjuku,85.85,76.11,85.82,9.71,public-v1,99.96,0.0,0.0,0.0,0.0,99.96,99.96,99.96,76.93,100.0,0.0,76.93,100.0,76.5,90.65,4.83,90.65,90.65,90.65,89.47,4.83,4.83,4.83,3.65,True,True,True,unknown,False,False,,,True,,88.35,,,living.jp | tabelog.com,other_or_restaurant_controlled | review_or_reservation_platform,2,3,negative_quality_evidence_not_structurally_captured | chain_classification | local_audience | international_visibility | corporate_visibility
ChIJWyTt9l6LGGARViDmY9O-UO4,La Blanche,フレンチ,Shibuya Initial,77.7,84.86,84.86,0.0,public-v3-local-discovery,85.36,2.0,2.0,2.0,2.0,87.36,87.36,87.36,74.55,100.0,81.08,74.55,100.0,81.08,84.86,0.0,85.76,85.76,85.76,85.45,0.9,0.9,0.9,0.59,True,True,True,independent_single,False,False,,,True,,88.35,signature-dish reputation +2: Sardine-and-potato terrine as a recognized signature dish,,autoreserve.com | choosee.com | j-wave.co.jp | lg.jp | retty.me | tabelog.com,other_or_restaurant_controlled | review_or_reservation_platform,3,4,negative_quality_evidence_not_structurally_captured
ChIJX-p125SOGGARLeXBjPKhEQI,Tempura Ichikawa,Tempura restaurant,Taito Initial,75.04,79.57,79.57,0.0,public-v3-local-discovery,86.47,1.5,1.5,1.5,1.5,87.97,87.97,87.97,59.09,100.0,67.19,59.09,100.0,67.19,79.57,0.0,80.25,80.25,80.25,79.21,0.68,0.68,0.68,-0.36,True,True,True,independent_single,False,False,,,True,,81.55,food/execution praise +1.5: Freshly fried tempura courses emphasize seasonal ingredients,,tabelog.com | wanderlog.com,other_or_restaurant_controlled | review_or_reservation_platform,2,3,negative_quality_evidence_not_structurally_captured
ChIJX0IVLAqSGGARDvL2-EVSFKM,Cafe Hale Aina,カフェ,Adachi Initial,70.3,75.14,75.14,0.0,public-v3-local-discovery,61.19,0.0,0.0,0.0,0.0,61.19,61.19,61.19,87.48,94.0,81.55,87.48,100.0,88.56,77.8,2.66,77.8,77.8,77.8,79.17,2.66,2.66,2.66,4.03,True,True,True,independent_single,False,False,,,True,,81.95,,,,,0,0,quality_review_themes_unavailable | negative_quality_evidence_not_structurally_captured | specialist_restaurant
ChIJX24yQuGLGGARMGKpZWHP0_A,VinIX (Vank),Yakiniku restaurant,Minato,82.19,82.52,82.52,0.0,public-v3-local-discovery,99.48,0.0,0.0,0.0,0.0,99.48,99.48,99.48,46.77,100.0,62.95,46.77,100.0,63.03,82.54,0.02,82.54,82.54,82.54,80.72,0.02,0.02,0.02,-1.8,True,True,True,independent_single,False,False,,,True,,88.35,,,,review_or_reservation_platform,0,3,no_independently_corroborated_food_quality_theme | negative_quality_evidence_not_structurally_captured | local_audience | international_visibility | corporate_visibility
ChIJX4jjIk7zGGARA7ZdQ7Kno5Y,Nanakusa,Japanese cuisine,Shibuya Initial,66.49,70.85,70.85,0.0,public-v3-local-discovery,64.73,0.0,0.0,0.0,0.0,64.73,64.73,64.73,55.65,100.0,73.48,55.65,100.0,72.58,70.62,-0.23,70.62,70.62,70.62,71.01,-0.23,-0.23,-0.23,0.16,False,True,True,independent_single,False,False,,,True,,88.35,,,tabelog.com | wanderlog.com,other_or_restaurant_controlled | review_or_reservation_platform,1,3,negative_quality_evidence_not_structurally_captured
ChIJX5rYVZ2RGGARirJ0boJMnkM,TEPPAN DINING RYO,鉄板焼き・居酒屋,Adachi Initial,73.5,80.53,80.53,0.0,public-v3-local-discovery,70.01,0.0,0.0,0.0,0.0,70.01,70.01,70.01,86.17,100.0,84.4,86.17,100.0,87.55,81.32,0.79,81.32,81.32,81.32,82.19,0.79,0.79,0.79,1.66,True,True,True,independent_single,False,False,,,True,,82.35,,,,,0,0,quality_review_themes_unavailable | negative_quality_evidence_not_structurally_captured
ChIJX74pHwCJGGAR7GGhSN3QInI,Delhi's Cafe,Indian restaurant,Koto Initial,66.09,70.55,70.55,0.0,public-v3-local-discovery,49.21,0.0,0.0,0.0,0.0,49.21,49.21,49.21,83.84,100.0,83.31,83.84,100.0,86.45,71.33,0.78,71.33,71.33,71.33,73.2,0.78,0.78,0.78,2.65,False,True,True,independent_single,False,False,,,True,,75.95,,,,,0,0,quality_review_themes_unavailable | negative_quality_evidence_not_structurally_captured
ChIJX7iKtPCLGGARUva9pbIlPFo,Honkaku Shuccho Barbecue,出張バーベキューサービス,Minato Initial,80.41,49.99,85.41,35.42,public-v3-local-discovery,93.48,0.0,0.0,0.0,0.0,93.48,93.48,93.48,67.12,100.0,73.12,67.12,100.0,78.49,86.76,1.35,86.76,86.76,86.76,86.01,1.35,1.35,1.35,0.6,False,True,True,independent_single,False,False,,,True,,66.55,,,,,0,0,quality_review_themes_unavailable | negative_quality_evidence_not_structurally_captured | local_audience | international_visibility | corporate_visibility
ChIJXQ7zJvvuGGARnXh0PH0q2Mk,Lounge Snack Uguisu,スナック,Suginami Initial,72.65,74.14,74.14,0.0,public-v3-local-discovery,52.69,0.0,0.0,0.0,0.0,52.69,52.69,52.69,96.84,94.0,87.22,96.84,100.0,94.85,76.95,2.81,76.95,76.95,76.95,79.06,2.81,2.81,2.81,4.92,False,True,True,independent_single,False,False,,,True,,74.35,,,,,0,0,quality_review_themes_unavailable | negative_quality_evidence_not_structurally_captured | specialist_restaurant
ChIJXTxAWG2LGGARe9QKDtpFuFU,Tenshin,Tempura restaurant,Minato Initial,69.0,71.04,71.04,0.0,public-v3-local-discovery,44.46,0.0,0.0,0.0,0.0,44.46,44.46,44.46,91.01,100.0,89.51,91.01,100.0,92.66,71.82,0.78,71.82,71.82,71.82,74.23,0.78,0.78,0.78,3.19,False,True,True,independent_single,False,False,,,True,,87.95,,,hamoni.jp | retty.me | tabelog.com,other_or_restaurant_controlled | review_or_reservation_platform,2,3,negative_quality_evidence_not_structurally_captured
ChIJXUAOcg2LGGARlb364y_j1CE,Restaurant Miyazaki,French restaurant,Chuo Initial,74.06,73.88,73.88,0.0,public-v3-local-discovery,70.91,0.0,0.0,0.0,0.0,70.91,70.91,70.91,74.7,82.5,73.55,74.7,82.5,76.7,74.66,0.78,74.66,74.66,74.66,74.95,0.78,0.78,0.78,1.07,False,True,True,small_group_distinct_concept,False,False,,,True,,87.95,,,,other_or_restaurant_controlled | review_or_reservation_platform,0,2,no_independently_corroborated_food_quality_theme | same_source_family_themes_excluded:1 | negative_quality_evidence_not_structurally_captured
ChIJXWUX39SNGGAROu2pA6CjtJg,Wasyoku Morita,Japanese cuisine,Toshima Initial,61.2,71.91,71.91,0.0,public-v3-local-discovery,72.57,0.0,0.0,0.0,0.0,72.57,72.57,72.57,49.74,100.0,67.18,49.74,100.0,70.33,72.7,0.79,72.7,72.7,72.7,72.59,0.79,0.79,0.79,0.68,False,True,True,independent_single,False,False,,,True,,88.35,,,,,0,0,quality_review_themes_unavailable | negative_quality_evidence_not_structurally_captured
ChIJXXPzCQCLGGAR5dDAC2qjJ_8,Shibuya 2-chome On-Sakaba Non-chan,居酒屋,Shibuya Initial,67.56,72.44,72.44,0.0,public-v3-local-discovery,62.09,0.0,0.0,0.0,0.0,62.09,62.09,62.09,89.68,73.0,80.38,89.68,100.0,87.68,78.31,5.87,78.31,78.31,78.31,79.59,5.87,5.87,5.87,7.15,False,True,True,unknown,False,False,,,True,,85.55,,,,,0,0,quality_review_themes_unavailable | negative_quality_evidence_not_structurally_captured | chain_classification | specialist_restaurant
ChIJXZpMMw6RGGARhj2Zu15ILAI,Junchō,Yakitori izakaya,Adachi Initial,62.74,70.82,70.82,0.0,public-v3-local-discovery,53.07,0.0,0.0,0.0,0.0,53.07,53.07,53.07,77.72,100.0,81.13,77.72,100.0,84.28,71.61,0.79,71.61,71.61,71.61,73.17,0.79,0.79,0.79,2.35,False,True,True,independent_single,False,False,,,True,,75.95,,,,,0,0,quality_review_themes_unavailable | negative_quality_evidence_not_structurally_captured
ChIJXZxzajmJGGARhnLMwrFEj8Q,Ponta,お好み焼き,Koto Initial,73.56,81.21,81.21,0.0,public-v3-local-discovery,79.67,0.0,0.0,0.0,0.0,79.67,79.67,79.67,73.32,100.0,77.43,73.32,100.0,80.58,81.99,0.78,81.99,81.99,81.99,82.04,0.78,0.78,0.78,0.83,True,True,True,independent_single,False,False,,,True,,75.95,,,,,0,0,quality_review_themes_unavailable | negative_quality_evidence_not_structurally_captured
ChIJXf-AsLCNGGAROIq2F1AdVNQ,Super Sentai Restaurant,Official Super Sentai collaboration restaurant,Toshima Initial,69.26,74.16,74.16,0.0,public-v3-local-discovery,77.08,0.0,0.0,0.0,0.0,77.08,77.08,77.08,65.46,82.5,69.1,65.46,82.5,69.1,74.16,0.0,74.16,74.16,74.16,73.76,0.0,0.0,0.0,-0.4,False,True,True,small_group_distinct_concept,False,False,,,True,,88.35,,,,,0,0,quality_review_themes_unavailable | negative_quality_evidence_not_structurally_captured
ChIJXwxX51rzGGAR1gl1HlPm6Sk,Bar Mokuren,Bar,Shibuya Initial,66.29,72.63,72.63,0.0,public-v3-local-discovery,59.99,0.0,0.0,0.0,0.0,59.99,59.99,59.99,72.83,100.0,78.86,72.83,100.0,82.01,73.42,0.79,73.42,73.42,73.42,74.52,0.79,0.79,0.79,1.89,False,True,True,independent_single,False,False,,,True,,87.95,,,,,0,0,quality_review_themes_unavailable | negative_quality_evidence_not_structurally_captured
ChIJY0aX2kCLGGARVIdZ0ne-HWo,Teppan Niki,鉄板焼き,Shibuya Initial,61.68,60.1,60.1,0.0,public-v3-local-discovery,37.14,0.0,0.0,0.0,0.0,37.14,37.14,37.14,79.71,82.5,76.21,79.71,82.5,79.36,60.88,0.78,60.88,60.88,60.88,63.0,0.78,0.78,0.78,2.9,False,True,True,small_group_distinct_concept,False,False,,,True,,87.95,,,,,0,0,quality_review_themes_unavailable | negative_quality_evidence_not_structurally_captured
ChIJY35lnXqMGGARKVet7i2RzVU,Dohkan,創作料理・フレンチ,Chiyoda Initial,63.17,65.95,65.95,0.0,public-v3-local-discovery,56.5,0.0,0.0,0.0,0.0,56.5,56.5,56.5,76.4,76.5,70.37,76.4,80.56,76.13,68.0,2.05,68.0,68.0,68.0,68.98,2.05,2.05,2.05,3.03,False,True,True,small_group_distinct_concept,False,False,,,True,,82.35,,,,,0,0,quality_review_themes_unavailable | negative_quality_evidence_not_structurally_captured | specialist_restaurant
ChIJY4YMmEyLGGARTSiyDzgEfGo,YEBISU YAOYA,Izakaya / yakitori / robatayaki,Shibuya,82.85,76.26,76.26,0.0,public-v3-local-discovery,80.86,0.0,0.0,0.0,0.0,80.86,80.86,80.86,71.74,75.0,71.45,71.74,86.67,76.66,79.31,3.05,79.31,79.31,79.31,79.1,3.05,3.05,3.05,2.84,True,True,True,unknown,False,False,,,True,,81.95,,,,review_or_reservation_platform,0,4,no_independently_corroborated_food_quality_theme | same_source_family_themes_excluded:4 | negative_quality_evidence_not_structurally_captured | chain_classification | local_audience | international_visibility | corporate_visibility
ChIJY5Ab-4SLGGARUYakZgOwsD4,Buta Shabu Shikura,豚しゃぶ,Minato Initial,73.87,80.12,80.12,0.0,public-v3-local-discovery,78.71,1.5,1.5,1.5,1.5,80.21,80.21,80.21,72.58,100.0,75.27,72.58,100.0,78.42,80.91,0.79,81.59,81.59,81.59,81.5,1.47,1.47,1.47,1.38,True,True,True,independent_single,False,False,,,True,,87.95,food/execution praise +1.5: Fuji Kodai pork and fresh seasonal vegetables are central to the meal,,tabelog.com | value-press.com,other_or_restaurant_controlled | review_or_reservation_platform,1,3,negative_quality_evidence_not_structurally_captured
ChIJY8gJNpqRGGARtjrG8lZ32UE,Yakiniku Kōbō Oguri,焼肉,Adachi Initial,60.36,66.41,66.41,0.0,public-v3-local-discovery,43.95,0.0,0.0,0.0,0.0,43.95,43.95,43.95,72.18,100.0,83.23,72.18,100.0,83.23,66.41,0.0,66.41,66.41,66.41,68.38,0.0,0.0,0.0,1.97,False,True,True,independent_single,False,False,,,True,,87.95,,,,,0,0,quality_review_themes_unavailable | negative_quality_evidence_not_structurally_captured
ChIJY8iSKq-NGGARvhBW5eRk_Kw,Yakiniku to Shabu-shabu Yakishabu.jp,焼肉・しゃぶしゃぶ,Toshima Initial,65.83,66.23,66.23,0.0,public-v3-local-discovery,68.33,0.0,0.0,0.0,0.0,68.33,68.33,68.33,54.45,79.0,61.84,54.45,100.0,63.74,69.85,3.62,69.85,69.85,69.85,69.62,3.62,3.62,3.62,3.39,False,True,True,unknown,False,False,,,True,,73.35,,,,other_or_restaurant_controlled | review_or_reservation_platform,0,1,no_independently_corroborated_food_quality_theme | negative_quality_evidence_not_structurally_captured | chain_classification
ChIJYXtN8SzzGGAR9u586iHg46A,Hiroshima Okonomiyaki Hijiri,Hiroshima-style okonomiyaki,Setagaya Initial,61.6,68.09,68.09,0.0,public-v3-local-discovery,45.96,0.0,0.0,0.0,0.0,45.96,45.96,45.96,82.51,100.0,80.13,82.51,100.0,80.13,68.09,0.0,68.09,68.09,68.09,69.8,0.0,0.0,0.0,1.71,False,True,True,independent_single,False,False,,,True,,87.55,,,,,0,0,quality_review_themes_unavailable | negative_quality_evidence_not_structurally_captured
ChIJYY_4HOmLGGARwg0JTnNtKb0,Tsukiji Teppanyaki Moritaya,Teppanyaki restaurant,Chuo Initial,73.99,80.02,80.02,0.0,public-v3-local-discovery,80.75,0.0,0.0,0.0,0.0,80.75,80.75,80.75,68.44,100.0,73.66,68.44,100.0,73.66,80.02,0.0,80.02,80.02,80.02,79.66,0.0,0.0,0.0,-0.36,True,True,True,independent_single,False,False,,,True,,88.35,,,retty.me | tabelog.com | tsukiji-moritaya.com,other_or_restaurant_controlled | review_or_reservation_platform,3,3,negative_quality_evidence_not_structurally_captured
ChIJYZOf1P2LGGARI2qUrl8L2Ac,Restaurant NéMo,Modern French restaurant,Shibuya Initial,67.39,77.89,77.89,0.0,public-v3-local-discovery,85.63,0.0,0.0,0.0,0.0,85.63,85.63,85.63,53.34,100.0,65.42,53.34,100.0,68.14,78.57,0.68,78.57,78.57,78.57,77.69,0.68,0.68,0.68,-0.2,True,True,True,independent_single,False,False,,,True,,88.35,,,ikyu.com | restaurantnemo.net | retty.me | tabelog.com,other_or_restaurant_controlled | review_or_reservation_platform,2,4,same_source_family_themes_excluded:1 | negative_quality_evidence_not_structurally_captured | local_audience
ChIJYclLIc6LGGARwPBInC4iBzI,Top of side,French / Western restaurant,Minato Initial,61.63,67.54,67.54,0.0,public-v3-local-discovery,47.95,0.0,0.0,0.0,0.0,47.95,47.95,47.95,80.4,100.0,75.62,80.4,100.0,78.77,68.33,0.79,68.33,68.33,68.33,69.87,0.79,0.79,0.79,2.33,False,True,True,independent_single,False,False,,,True,,76.35,,,,other_or_restaurant_controlled | review_or_reservation_platform,0,3,no_independently_corroborated_food_quality_theme | negative_quality_evidence_not_structurally_captured
ChIJYd2Gs3-LGGARb1bKEn6m-6w,Tarikino Kappou,Japanese kappou cuisine,Chuo Initial,74.02,75.87,75.87,0.0,public-v3-local-discovery,81.06,1.5,1.5,1.5,1.5,82.56,82.56,82.56,50.4,100.0,67.35,50.4,100.0,67.35,75.87,0.0,76.55,76.55,76.55,75.79,0.68,0.68,0.68,-0.08,True,True,True,independent_single,False,False,,,True,,82.35,food/execution praise +1.5: Seasonal ingredients and carefully prepared omakase courses,,tabelog.com | tarikino.jp,other_or_restaurant_controlled | review_or_reservation_platform,2,3,negative_quality_evidence_not_structurally_captured
ChIJYf7O4uFfGGARFNGmRVbSYIQ,Washoku KUWA,居酒屋,Ota Initial,68.9,74.9,74.9,0.0,public-v3-local-discovery,65.01,2.0,2.0,2.0,2.0,67.01,67.01,67.01,81.02,94.0,77.57,81.02,100.0,84.13,77.44,2.54,78.34,78.34,78.34,79.2,3.44,3.44,3.44,4.3,False,True,True,independent_single,False,False,,,True,,87.95,specialist/craft evidence +2: Seasonal and handmade Japanese cooking,,retty.me | seesaa.net | tabelog.com,other_or_restaurant_controlled | review_or_reservation_platform,3,4,negative_quality_evidence_not_structurally_captured | specialist_restaurant
ChIJYy6VKa6RGGARRbgZMYKYKvw,Hanaichi,居酒屋,Adachi Initial,71.87,73.5,73.5,0.0,public-v3-local-discovery,76.33,0.0,0.0,0.0,0.0,76.33,76.33,76.33,79.93,73.0,64.83,79.93,100.0,75.42,80.19,6.69,80.19,80.19,80.19,80.15,6.69,6.69,6.69,6.65,False,True,True,unknown,False,False,,,True,,69.15,,,,,0,0,quality_review_themes_unavailable | negative_quality_evidence_not_structurally_captured | chain_classification | specialist_restaurant | local_audience
ChIJZ0eWUvOLGGARCJ4KcQ1fcoU,Sushi Nigiri,sushi restaurant,Minato,83.37,77.37,82.38,5.01,public-v2-chain-classification,75.4,0.0,0.0,0.0,0.0,75.4,75.4,75.4,86.01,100.0,0.0,86.01,100.0,88.01,83.83,1.45,83.83,83.83,83.83,84.46,1.45,1.45,1.45,2.08,True,True,True,independent_single,False,False,,,True,,65.35,,,shinoby.net | tabelog.com,other_or_restaurant_controlled | review_or_reservation_platform,1,2,negative_quality_evidence_not_structurally_captured | local_audience | international_visibility | corporate_visibility
ChIJZ3z_WGvzGGARnyRUiyZwNTQ,Namida,Japanese cuisine,Setagaya Initial,62.2,69.67,69.67,0.0,public-v3-local-discovery,65.9,0.0,0.0,0.0,0.0,65.9,65.9,65.9,51.81,100.0,68.96,51.81,100.0,68.06,69.44,-0.23,69.44,69.44,69.44,69.55,-0.23,-0.23,-0.23,-0.12,False,True,True,independent_single,False,False,,,True,,88.35,,,namida-tokyo.com | rice.press | wanderlog.com,other_or_restaurant_controlled | review_or_reservation_platform,2,3,negative_quality_evidence_not_structurally_captured
ChIJZ602_hGNGGAR1jj1MmTiDOw,Shokudokoro Takamura,食堂,Toshima Initial,74.7,77.23,77.23,0.0,public-v3-local-discovery,62.3,0.0,0.0,0.0,0.0,62.3,62.3,62.3,93.29,94.0,84.42,93.29,100.0,91.74,79.96,2.73,79.96,79.96,79.96,81.44,2.73,2.73,2.73,4.21,True,True,True,independent_single,False,False,,,True,,87.95,,,jwu.ac.jp | lavietaste.com,other_or_restaurant_controlled | review_or_reservation_platform,1,3,negative_quality_evidence_not_structurally_captured | specialist_restaurant
ChIJZ6unjQ-PGGARJuaUE_bwczE,Tadım Turkish Restaurant & Halal Kebab,Turkish restaurant,Taito Initial,67.26,73.01,73.01,0.0,public-v3-local-discovery,86.02,0.0,0.0,0.0,0.0,86.02,86.02,86.02,50.68,82.5,57.28,50.68,82.5,57.28,73.01,0.0,73.01,73.01,73.01,71.57,0.0,0.0,0.0,-1.44,False,True,True,small_group_distinct_concept,False,False,,,True,,80.35,,,restaurantguru.com | wanderlog.com,other_or_restaurant_controlled | review_or_reservation_platform,1,2,negative_quality_evidence_not_structurally_captured
ChIJZ8urktqRGGARRH1d04ZU65A,Onigiri BG's,おにぎり専門店,Adachi Initial,64.59,74.99,74.99,0.0,public-v3-local-discovery,67.08,0.0,0.0,0.0,0.0,67.08,67.08,67.08,71.88,100.0,76.07,71.88,100.0,79.22,75.77,0.78,75.77,75.77,75.77,76.38,0.78,0.78,0.78,1.39,False,True,True,independent_single,False,False,,,True,,88.35,,,,other_or_restaurant_controlled | review_or_reservation_platform,0,2,no_independently_corroborated_food_quality_theme | negative_quality_evidence_not_structurally_captured
ChIJZR7FKe6IGGARMncy37u98Bo,Satoharu,立ち飲み居酒屋,Koto Initial,61.39,74.35,74.35,0.0,public-v3-local-discovery,53.55,0.0,0.0,0.0,0.0,53.55,53.55,53.55,96.16,94.0,86.9,96.16,100.0,94.5,77.15,2.8,77.15,77.15,77.15,79.19,2.8,2.8,2.8,4.84,False,True,True,independent_single,False,False,,,True,,73.95,,,,,0,0,quality_review_themes_unavailable | negative_quality_evidence_not_structurally_captured | specialist_restaurant
ChIJZRqn1tSJGGARO57RUohoSCg,Sushi-ya no Masakatsu,Sushi restaurant,Chuo Initial,78.37,81.03,81.03,0.0,public-v3-local-discovery,87.49,1.5,1.5,1.5,1.5,88.99,88.99,88.99,55.41,100.0,73.38,55.41,100.0,73.38,81.03,0.0,81.7,81.7,81.7,80.92,0.67,0.67,0.67,-0.11,True,True,True,independent_single,False,False,,,True,,88.35,"food/execution praise +1.5: Careful Edomae technique and clean, ingredient-focused flavors",,hitosara.com | lavietaste.com | retty.me | tabelog.com,review_or_reservation_platform,3,4,negative_quality_evidence_not_structurally_captured
ChIJZTuXq1-JGGARkgCbEtxFuJo,La Cocina de Gastón,Spanish restaurant,Chuo Initial,62.72,58.81,58.81,0.0,public-v3-local-discovery,30.26,0.0,0.0,0.0,0.0,30.26,30.26,30.26,73.17,100.0,76.86,73.17,100.0,81.59,59.99,1.18,59.99,59.99,59.99,62.56,1.18,1.18,1.18,3.75,False,True,True,independent_single,False,False,,,True,,81.95,,,,,0,0,quality_review_themes_unavailable | negative_quality_evidence_not_structurally_captured | local_audience
ChIJZbdkpeKMGGAReJrFExC1TlY,Washokudokoro Susumu,Japanese restaurant,Shinjuku Initial,75.33,76.02,76.02,0.0,public-v3-local-discovery,56.87,0.0,0.0,0.0,0.0,56.87,56.87,56.87,92.11,94.0,90.03,92.11,100.0,94.48,78.03,2.01,78.03,78.03,78.03,79.91,2.01,2.01,2.01,3.89,True,True,True,independent_single,False,False,,,True,,99.2,,,tabelog.com | tripadvisor.jp,other_or_restaurant_controlled | review_or_reservation_platform,1,4,negative_quality_evidence_not_structurally_captured | specialist_restaurant
ChIJZdHSpTbvGGARpkErTi8dmm4,Yasai ga Susumu Dressing Vending Machine,食品販売・自動販売機,Suginami Initial,61.3,63.93,63.93,0.0,public-v3-local-discovery,48.01,0.0,0.0,0.0,0.0,48.01,48.01,48.01,82.18,76.0,74.4,82.18,80.0,80.61,66.08,2.15,66.08,66.08,66.08,67.71,2.15,2.15,2.15,3.78,False,True,True,independent_single,False,False,,,True,,81.95,,,,,0,0,quality_review_themes_unavailable | negative_quality_evidence_not_structurally_captured | specialist_restaurant
ChIJZea8N9OLGGARJEBpL3dJDIs,Nagasaki Tempura Kouten Ebisu,Tempura,Shibuya Initial,63.99,69.69,69.69,0.0,public-v3-local-discovery,86.95,0.0,0.0,0.0,0.0,86.95,86.95,86.95,32.27,82.5,53.39,32.27,82.5,53.39,69.69,0.0,69.69,69.69,69.69,68.01,0.0,0.0,0.0,-1.68,False,True,True,small_group_distinct_concept,False,False,,,True,,87.95,,,foodre.jp | retty.me | tabelog.com,other_or_restaurant_controlled | review_or_reservation_platform,2,2,negative_quality_evidence_not_structurally_captured
ChIJZencdC_zGGAR0KWuDMVLHfM,Ebisu,Izakaya restaurant,Shibuya Initial,67.71,68.75,68.75,0.0,public-v3-local-discovery,45.5,0.0,0.0,0.0,0.0,45.5,45.5,45.5,85.69,94.0,85.27,85.69,100.0,89.19,70.63,1.88,70.63,70.63,70.63,72.81,1.88,1.88,1.88,4.06,False,True,True,independent_single,False,False,,,True,,99.2,,,retty.me | tabelog.com,review_or_reservation_platform,2,2,negative_quality_evidence_not_structurally_captured | specialist_restaurant
ChIJZwdr-BSNGGARCmedYfStoLE,Sushi Okuyama,Sushi,Toshima Initial,73.86,74.46,74.46,0.0,public-v3-local-discovery,65.66,1.5,1.5,1.5,1.5,67.16,67.16,67.16,67.18,100.0,79.34,67.18,100.0,79.34,74.46,0.0,75.13,75.13,75.13,75.74,0.67,0.67,0.67,1.28,False,True,True,independent_single,False,False,,,True,,75.95,food/execution praise +1.5: Carefully prepared sushi and balanced sushi rice,,tabelog.com | zendine.co,other_or_restaurant_controlled | review_or_reservation_platform,1,3,negative_quality_evidence_not_structurally_captured
ChIJZyx55dBhGGARCc8w7Wm0_2I,Sosaku Izakaya Tsunohige,居酒屋,Ota Initial,60.93,69.7,69.7,0.0,public-v3-local-discovery,51.15,0.0,0.0,0.0,0.0,51.15,51.15,51.15,78.07,100.0,79.89,78.07,100.0,83.03,70.49,0.79,70.49,70.49,70.49,72.08,0.79,0.79,0.79,2.38,False,True,True,independent_single,False,False,,,True,,72.95,,,,,0,0,quality_review_themes_unavailable | negative_quality_evidence_not_structurally_captured
ChIJ_0iOlLqJGGAR5FOWE1ur-yU,Torishin,お好み焼き店,Koto Initial,76.02,80.45,80.45,0.0,public-v3-local-discovery,69.76,0.0,0.0,0.0,0.0,69.76,69.76,69.76,89.8,94.0,85.96,89.8,100.0,89.96,82.35,1.9,82.35,82.35,82.35,83.36,1.9,1.9,1.9,2.91,True,True,True,independent_single,False,False,,,True,,50.95,,,,,0,0,quality_review_themes_unavailable | negative_quality_evidence_not_structurally_captured | specialist_restaurant
ChIJ_2SObiuMGGAREzPclnJpMqc,Kawazu,Japanese cuisine,Taito Initial,75.91,77.57,77.57,0.0,public-v3-local-discovery,69.86,0.0,0.0,0.0,0.0,69.86,69.86,69.86,75.48,100.0,79.25,75.48,100.0,84.41,78.86,1.29,78.86,78.86,78.86,79.59,1.29,1.29,1.29,2.02,True,True,True,independent_single,False,False,,,True,,88.35,,,kawazu.tokyo | tabelog.com | yahoo.co.jp,other_or_restaurant_controlled | review_or_reservation_platform,3,3,negative_quality_evidence_not_structurally_captured | local_audience
ChIJ_398awCNGGAR-1q5QoxzX1I,Kensō Noodle Villa Ikebukuro,貴州料理・中国米線,Toshima Initial,74.63,72.64,72.64,0.0,public-v3-local-discovery,74.03,0.0,0.0,0.0,0.0,74.03,74.03,74.03,77.11,67.0,70.84,77.11,60.0,74.99,72.63,-0.01,72.63,72.63,72.63,72.68,-0.01,-0.01,-0.01,0.04,False,True,True,unknown,False,False,,,True,,87.95,,,ameblo.jp | ikebukuro-times.com | orchardmalls.com | tabelog.com,blog_platform | other_or_restaurant_controlled | review_or_reservation_platform,2,3,negative_quality_evidence_not_structurally_captured | chain_classification
ChIJ_3YnkouJGGARQkCpi4G4b_c,Wings Burger Tokyo Kameido,Hamburger restaurant,Koto Initial,66.17,74.04,74.04,0.0,public-v3-local-discovery,73.91,0.0,0.0,0.0,0.0,73.91,73.91,73.91,53.81,100.0,70.85,53.81,100.0,74.0,74.83,0.79,74.83,74.83,74.83,74.84,0.79,0.79,0.79,0.8,False,True,True,independent_single,False,False,,,True,,87.95,,,,other_or_restaurant_controlled | review_or_reservation_platform,0,2,no_independently_corroborated_food_quality_theme | negative_quality_evidence_not_structurally_captured
ChIJ_6fm1X6NGGARdkQP5hUHQl0,Baba Ichika Sugamo,ラーメン,Toshima Initial,62.6,59.67,59.67,0.0,public-v3-local-discovery,42.77,3.0,3.0,3.0,3.0,45.77,45.77,45.77,85.2,61.0,73.97,85.2,40.0,78.91,57.75,-1.92,59.1,59.1,59.1,60.76,-0.57,-0.57,-0.57,1.09,False,True,True,unknown,False,False,,,True,,88.35,food/execution praise +3: Free rice or rice refills are a notable practical feature,,ikebukuro-times.com | tabelog.com | ubereats.com,other_or_restaurant_controlled | review_or_reservation_platform,2,2,negative_quality_evidence_not_structurally_captured | chain_classification
ChIJ_6weVwCPGGARBKASHfYkeMk,Izakaya Mochii,居酒屋,Taito Initial,78.71,77.1,77.1,0.0,public-v3-local-discovery,64.42,0.0,0.0,0.0,0.0,64.42,64.42,64.42,88.88,94.0,82.72,88.88,100.0,89.86,79.79,2.69,79.79,79.79,79.79,81.06,2.69,2.69,2.69,3.96,True,True,True,independent_single,False,False,,,True,,82.35,,,,,0,0,quality_review_themes_unavailable | negative_quality_evidence_not_structurally_captured | specialist_restaurant
ChIJ_Qtd0YmTGGAR7Zztmdwgi8A,Miki Sushi,寿司,Adachi Initial,74.35,79.12,79.12,0.0,public-v3-local-discovery,61.72,0.0,0.0,0.0,0.0,61.72,61.72,61.72,93.95,100.0,89.02,93.95,100.0,92.17,79.91,0.79,79.91,79.91,79.91,81.43,0.79,0.79,0.79,2.31,True,True,True,independent_single,False,False,,,True,,75.55,,,,,0,0,quality_review_themes_unavailable | negative_quality_evidence_not_structurally_captured
ChIJ_VWmpvBgGGAR4ZUBvz5G6cI,Joppari,居酒屋,Ota Initial,68.91,71.36,71.36,0.0,public-v3-local-discovery,47.27,0.0,0.0,0.0,0.0,47.27,47.27,47.27,95.58,94.0,86.61,95.58,100.0,94.18,74.15,2.79,74.15,74.15,74.15,76.5,2.79,2.79,2.79,5.14,False,True,True,independent_single,False,False,,,True,,81.95,,,,,0,0,quality_review_themes_unavailable | negative_quality_evidence_not_structurally_captured | specialist_restaurant
ChIJ_WFfC6SNGGARwOzy6HXllds,Mantra Restro & Bar,Nepalese restaurant,Shinjuku,87.35,76.46,84.01,7.55,public-v1,87.48,0.0,0.0,0.0,0.0,87.48,87.48,87.48,89.38,100.0,0.0,89.38,100.0,88.47,89.89,5.88,89.89,89.89,89.89,89.94,5.88,5.88,5.88,5.93,True,True,True,unknown,False,False,,,True,,75.95,,,,,0,0,quality_review_themes_unavailable | negative_quality_evidence_not_structurally_captured | chain_classification | local_audience | international_visibility | corporate_visibility
ChIJ_XLEA4aLGGARBwEzTIWSj2c,Natural Wine and Craft Beer sun.,Bistro,Minato Initial,75.61,80.91,80.91,0.0,public-v3-local-discovery,82.07,2.0,2.0,2.0,2.0,84.07,84.07,84.07,66.7,100.0,75.88,66.7,100.0,80.11,81.96,1.05,82.86,82.86,82.86,82.67,1.95,1.95,1.95,1.76,True,True,True,independent_single,False,False,,,True,,88.35,specialist/craft evidence +2: Natural wine and craft beer are central to the dining experience,,gnavi.co.jp | hamoni.jp | tokyo.jp,government_or_local_official | other_or_restaurant_controlled | review_or_reservation_platform,2,3,negative_quality_evidence_not_structurally_captured | international_visibility | corporate_visibility
ChIJ__-M6wNgGGARRW4BKHPIPrk,Basanta Kugahara,インドカレー,Ota Initial,62.15,62.88,62.88,0.0,public-v3-local-discovery,40.69,0.0,0.0,0.0,0.0,40.69,40.69,40.69,86.99,79.0,78.67,86.99,100.0,84.77,67.55,4.67,67.55,67.55,67.55,69.76,4.67,4.67,4.67,6.88,False,True,True,unknown,False,False,,,True,,87.95,,,lavietaste.com | tabelog.com | wetable.jp,other_or_restaurant_controlled | review_or_reservation_platform,2,3,negative_quality_evidence_not_structurally_captured | chain_classification
ChIJ__-zgETxGGARCBA-gZLHB3U,Ryūya,居酒屋,Setagaya Initial,73.45,78.57,78.57,0.0,public-v3-local-discovery,63.64,0.0,0.0,0.0,0.0,63.64,63.64,63.64,89.42,100.0,86.07,89.42,100.0,89.22,79.36,0.79,79.36,79.36,79.36,80.63,0.79,0.79,0.79,2.06,True,True,True,independent_single,False,False,,,True,,71.15,,,,,0,0,quality_review_themes_unavailable | negative_quality_evidence_not_structurally_captured
ChIJ__8A7BjyGGARAxy5kvMXiQo,Fujiki Shoten,焼き鳥,Suginami Initial,72.57,79.88,79.88,0.0,public-v3-local-discovery,71.61,0.0,0.0,0.0,0.0,71.61,71.61,71.61,82.0,100.0,81.44,82.0,100.0,84.59,80.67,0.79,80.67,80.67,80.67,81.32,0.79,0.79,0.79,1.44,True,True,True,independent_single,False,False,,,True,,75.95,,,,,0,0,quality_review_themes_unavailable | negative_quality_evidence_not_structurally_captured
ChIJ__8b1eaLGGARDMAjbpyKF5Y,Uogyu,Izakaya,Chuo Initial,61.09,66.67,66.67,0.0,public-v3-local-discovery,58.92,2.0,2.0,2.0,2.0,60.92,60.92,60.92,49.22,100.0,71.1,49.22,100.0,71.1,66.67,0.0,67.57,67.57,67.57,68.08,0.9,0.9,0.9,1.41,False,True,True,independent_single,False,False,,,True,,87.95,specialist/craft evidence +2: Seafood and aged beef are the restaurant’s defining pairing,,chuo-kanko.or.jp | hotpepper.jp | tabelog.com,government_or_local_official | other_or_restaurant_controlled | review_or_reservation_platform,1,2,negative_quality_evidence_not_structurally_captured
ChIJ__8okuGLGGARiIC4ehrImYk,Italian Oyo,Italian restaurant,Chuo Initial,76.69,75.64,75.64,0.0,public-v3-local-discovery,52.06,2.0,2.0,2.0,2.0,54.06,54.06,54.06,94.75,100.0,92.01,94.75,100.0,95.16,76.43,0.79,77.33,77.33,77.33,79.38,1.69,1.69,1.69,3.74,True,True,True,independent_single,False,False,,,True,,87.95,specialist/craft evidence +2: Handmade pasta is a central draw,,chuo-kanko.or.jp | ginzadelunch.jp | lavietaste.com | nikkan-gendai.com | tabelog.com,other_or_restaurant_controlled | review_or_reservation_platform,2,4,negative_quality_evidence_not_structurally_captured
ChIJ__OlnuyOGGARU5X2EMG1Nc0,Torue,Yakitori restaurant,Taito Initial,73.85,54.99,54.99,0.0,public-v3-local-discovery,67.03,0.0,0.0,0.0,0.0,67.03,67.03,67.03,85.32,44.0,67.7,85.32,44.0,70.85,54.99,0.0,54.99,54.99,54.99,54.99,0.0,0.0,0.0,0.0,False,True,True,small_same_brand_chain,True,False,,,False,chain_excluded,81.95,,,,,0,0,quality_review_themes_unavailable | negative_quality_evidence_not_structurally_captured
ChIJ___M8gmSGGARxqzlVTnwAY0,Family Yakiniku Juen,焼肉,Adachi Initial,76.9,79.69,79.69,0.0,public-v3-local-discovery,62.63,0.0,0.0,0.0,0.0,62.63,62.63,62.63,94.54,100.0,89.28,94.54,100.0,92.43,80.47,0.78,80.47,80.47,80.47,81.96,0.78,0.78,0.78,2.27,True,True,True,independent_single,False,False,,,True,,75.15,,,,,0,0,quality_review_themes_unavailable | negative_quality_evidence_not_structurally_captured
ChIJ_bBXplmKGGARs2hUytReNJ8,Takanawa Soba Sabo,Soba noodle shop,Minato Initial,61.42,70.5,70.5,0.0,public-v3-local-discovery,67.13,1.5,1.5,1.5,1.5,68.63,68.63,68.63,53.73,100.0,68.91,53.73,100.0,68.91,70.5,0.0,71.17,71.17,71.17,71.18,0.67,0.67,0.67,0.68,False,True,True,independent_single,False,False,,,True,,82.35,food/execution praise +1.5: 100% buckwheat soba with freshly prepared texture,,gotokyo.org | tabelog.com | tokyo.jp,government_or_local_official | other_or_restaurant_controlled | review_or_reservation_platform,2,2,negative_quality_evidence_not_structurally_captured
ChIJ_bJYWMuLGGAR0f4E9I_lMsc,GINZA KOKORO,French-style steakhouse,Chuo Initial,64.29,68.53,68.53,0.0,public-v3-local-discovery,97.18,0.0,0.0,0.0,0.0,97.18,97.18,97.18,17.79,79.0,41.14,17.79,100.0,33.93,69.88,1.35,69.88,69.88,69.88,66.72,1.35,1.35,1.35,-1.81,False,True,True,unknown,False,False,,,True,,87.95,,,byfood.com | tableall.com | tablecheck.com,other_or_restaurant_controlled,1,2,negative_quality_evidence_not_structurally_captured | chain_classification
ChIJ_e-qbo2OGGARTE66tjOYmGk,Amie,居酒屋・ダイニングバー・洋食,Taito Initial,74.52,76.25,76.25,0.0,public-v3-local-discovery,59.24,0.0,0.0,0.0,0.0,59.24,59.24,59.24,94.01,94.0,85.55,94.01,100.0,93.01,79.01,2.76,79.01,79.01,79.01,80.7,2.76,2.76,2.76,4.45,True,True,True,independent_single,False,False,,,True,,82.35,,,,,0,0,quality_review_themes_unavailable | negative_quality_evidence_not_structurally_captured | specialist_restaurant
ChIJ_wcXRgCNGGARyBGQZWWk6UE,Kojimachi Sushi Yamato,Sushi restaurant,Chiyoda Initial,77.13,77.82,77.82,0.0,public-v3-local-discovery,79.45,1.5,1.5,1.5,1.5,80.95,80.95,80.95,60.37,100.0,72.03,60.37,100.0,72.03,77.82,0.0,78.49,78.49,78.49,78.04,0.67,0.67,0.67,0.22,True,True,True,independent_single,False,False,,,True,,87.95,food/execution praise +1.5: Seasonal Edomae sushi with carefully prepared nigiri and appetizers,,retty.me | tabelog.com,other_or_restaurant_controlled | review_or_reservation_platform,1,3,negative_quality_evidence_not_structurally_captured
ChIJ_xMnq2PzGGARgwcXeHg0f0M,Yokokura,Kaiseki restaurant,Suginami Initial,73.86,80.08,80.08,0.0,public-v3-local-discovery,75.66,0.0,0.0,0.0,0.0,75.66,75.66,75.66,76.57,100.0,78.18,76.57,100.0,83.16,81.32,1.24,81.32,81.32,81.32,81.7,1.24,1.24,1.24,1.62,True,True,True,independent_single,False,False,,,True,,76.35,,,,,0,0,quality_review_themes_unavailable | negative_quality_evidence_not_structurally_captured | local_audience
ChIJa-wiM3hhGGARI3Aye_Xved0,Shochu BAR Heiwajima,Izakaya,Ota Initial,74.04,76.04,76.04,0.0,public-v3-local-discovery,60.9,0.0,0.0,0.0,0.0,60.9,60.9,60.9,93.11,94.0,82.28,93.11,100.0,85.86,77.84,1.8,77.84,77.84,77.84,79.08,1.8,1.8,1.8,3.04,True,True,True,independent_single,False,False,,,True,,75.95,,,,,0,0,quality_review_themes_unavailable | negative_quality_evidence_not_structurally_captured | specialist_restaurant
ChIJa0Zcb4WJGGAROua0k_ftkhM,Isaribi,海鮮炉端焼き,Koto Initial,62.17,72.71,72.71,0.0,public-v3-local-discovery,57.13,0.0,0.0,0.0,0.0,57.13,57.13,57.13,78.23,100.0,81.05,78.23,100.0,81.05,72.71,0.0,72.71,72.71,72.71,73.9,0.0,0.0,0.0,1.19,False,True,True,independent_single,False,False,,,True,,81.95,,,,,0,0,quality_review_themes_unavailable | negative_quality_evidence_not_structurally_captured
ChIJa4TrOeaRGGARmYYUFzrOLq0,Dining Bar Kaindo,ダイニングバー,Adachi Initial,60.7,75.32,75.32,0.0,public-v3-local-discovery,55.96,0.0,0.0,0.0,0.0,55.96,55.96,55.96,93.22,94.0,88.21,93.22,100.0,92.46,77.28,1.96,77.28,77.28,77.28,79.1,1.96,1.96,1.96,3.78,True,True,True,independent_single,False,False,,,True,,81.95,,,,,0,0,quality_review_themes_unavailable | negative_quality_evidence_not_structurally_captured | specialist_restaurant
ChIJa5BYKAuLGGARP13IrrpMFbg,Sushi Punch,Sushi restaurant,Minato Initial,69.02,74.77,74.77,0.0,public-v3-local-discovery,85.96,1.5,1.5,1.5,1.5,87.46,87.46,87.46,40.12,100.0,60.26,40.12,100.0,60.26,74.77,0.0,75.44,75.44,75.44,74.08,0.67,0.67,0.67,-0.69,False,True,True,independent_single,False,False,,,True,,87.95,food/execution praise +1.5: Chef-led omakase with carefully sourced fish,,fearlesscaptivations.com | japan-food.guide,other_or_restaurant_controlled,1,3,negative_quality_evidence_not_structurally_captured
ChIJa7bGuN-LGGARKhTuFeSMkCg,Tsukiji Sukiyaki no Wakamatsu,すき焼き,Chuo Initial,69.35,78.51,78.51,0.0,public-v3-local-discovery,82.12,0.0,0.0,0.0,0.0,82.12,82.12,82.12,61.81,100.0,69.12,61.81,100.0,72.5,79.35,0.84,79.35,79.35,79.35,78.87,0.84,0.84,0.84,0.36,True,True,True,independent_single,False,False,,,True,,82.35,,,,,0,0,quality_review_themes_unavailable | negative_quality_evidence_not_structurally_captured | local_audience
ChIJa8UpDV-TGGARy6FpF7Y6Gdk,Pin de Port,カフェ＆ダイニングバー,Toshima Initial,76.14,79.97,79.97,0.0,public-v3-local-discovery,93.27,0.0,0.0,0.0,0.0,93.27,93.27,93.27,60.76,76.5,69.62,60.76,80.56,71.8,81.12,1.15,81.12,81.12,81.12,80.05,1.15,1.15,1.15,0.08,True,True,True,small_group_distinct_concept,False,False,,,True,,88.35,,,,,0,0,quality_review_themes_unavailable | negative_quality_evidence_not_structurally_captured | specialist_restaurant
ChIJaQfUo_qLGGARVuuT1p90diI,Tsukiji Kakūchi Tabitebako,立ち飲み・日本酒バー,Chuo Initial,80.11,79.02,79.02,0.0,public-v3-local-discovery,93.02,0.0,0.0,0.0,0.0,93.02,93.02,93.02,58.49,82.5,64.04,58.49,82.5,65.85,79.47,0.45,79.47,79.47,79.47,78.11,0.45,0.45,0.45,-0.91,True,True,True,small_group_distinct_concept,False,False,,,True,,72.95,,,retty.me | tabelog.com,other_or_restaurant_controlled | review_or_reservation_platform,1,2,negative_quality_evidence_not_structurally_captured | local_audience | international_visibility | corporate_visibility
ChIJaQfWbJOOGGARbV81GsXIHhM,Asakusa Kōchan,居酒屋・そば・うどん,Taito Initial,72.47,75.2,75.2,0.0,public-v3-local-discovery,55.12,0.0,0.0,0.0,0.0,55.12,55.12,55.12,94.01,94.0,88.78,94.01,100.0,93.09,77.18,1.98,77.18,77.18,77.18,79.08,1.98,1.98,1.98,3.88,True,True,True,independent_single,False,False,,,True,,81.15,,,,other_or_restaurant_controlled | review_or_reservation_platform,0,1,no_independently_corroborated_food_quality_theme | negative_quality_evidence_not_structurally_captured | specialist_restaurant
ChIJaRAVUhT0GGARe6YZeTDf6QA,Kiyoken Tamagawa Takashimaya S.C.,Chinese takeaway,Setagaya Initial,60.31,60.86,60.86,0.0,public-v3-local-discovery,47.42,0.0,0.0,0.0,0.0,47.42,47.42,47.42,75.32,75.0,67.91,75.32,86.67,76.25,64.7,3.84,64.7,64.7,64.7,66.14,3.84,3.84,3.84,5.28,False,True,True,unknown,False,False,,,True,,82.35,,,,,0,0,quality_review_themes_unavailable | negative_quality_evidence_not_structurally_captured | chain_classification | local_audience
ChIJaWy4_T6PGGARH3VGwx848kw,Hanoi Street,Vietnamese restaurant,Taito Initial,62.94,69.4,69.4,0.0,public-v3-local-discovery,69.21,0.0,0.0,0.0,0.0,69.21,69.21,69.21,69.06,79.0,64.19,69.06,100.0,65.68,72.92,3.52,72.92,72.92,72.92,72.75,3.52,3.52,3.52,3.35,False,True,True,unknown,False,False,,,True,,57.55,,,,,0,0,quality_review_themes_unavailable | negative_quality_evidence_not_structurally_captured | chain_classification | local_audience
ChIJaYwwOtCNGGARHq80CQHnBtA,Oden Bonta,おでん居酒屋,Toshima Initial,65.65,71.02,71.02,0.0,public-v3-local-discovery,59.67,0.0,0.0,0.0,0.0,59.67,59.67,59.67,68.97,100.0,75.3,68.97,100.0,79.77,72.14,1.12,72.14,72.14,72.14,73.14,1.12,1.12,1.12,2.12,False,True,True,independent_single,False,False,,,True,,87.95,,,,other_or_restaurant_controlled | review_or_reservation_platform,0,3,no_independently_corroborated_food_quality_theme | negative_quality_evidence_not_structurally_captured | local_audience
ChIJad1p81btGGARrgHl-clRcsE,Nadeshico,居酒屋,Toshima Initial,79.15,82.3,82.3,0.0,public-v3-local-discovery,70.51,0.0,0.0,0.0,0.0,70.51,70.51,70.51,94.64,94.0,89.1,94.64,100.0,93.44,84.29,1.99,84.29,84.29,84.29,85.43,1.99,1.99,1.99,3.13,True,True,True,independent_single,False,False,,,True,,81.55,,,4travel.jp | lavietaste.com,other_or_restaurant_controlled | review_or_reservation_platform,1,1,negative_quality_evidence_not_structurally_captured | specialist_restaurant
ChIJaft2ZwDtGGARbvJQxpceGoI,Tsutsu,和食居酒屋,Toshima Initial,67.21,82.31,82.31,0.0,public-v3-local-discovery,64.61,0.0,0.0,0.0,0.0,64.61,64.61,64.61,97.65,100.0,94.37,97.65,100.0,94.37,82.31,0.0,82.31,82.31,82.31,83.8,0.0,0.0,0.0,1.49,True,True,True,independent_single,False,False,,,True,,54.95,,,,,0,0,quality_review_themes_unavailable | negative_quality_evidence_not_structurally_captured
ChIJay9ltL2NGGARGTl2u_caJXI,Sulpan Yoyogi,Korean restaurant,Shibuya Initial,78.95,78.7,78.7,0.0,public-v3-local-discovery,85.88,0.0,0.0,0.0,0.0,85.88,85.88,85.88,69.47,75.0,73.55,69.47,86.67,74.44,80.68,1.98,80.68,80.68,80.68,80.1,1.98,1.98,1.98,1.4,True,True,True,unknown,False,False,,,True,,87.95,,,,review_or_reservation_platform,0,1,no_independently_corroborated_food_quality_theme | negative_quality_evidence_not_structurally_captured | chain_classification
ChIJayIWaKaLGGAR2hhZNtQMBtw,Ichikawa,Sushi restaurant,Minato Initial,76.8,79.58,79.58,0.0,public-v3-local-discovery,72.52,0.0,0.0,0.0,0.0,72.52,72.52,72.52,81.8,100.0,78.72,81.8,100.0,83.79,80.85,1.27,80.85,80.85,80.85,81.41,1.27,1.27,1.27,1.83,True,True,True,independent_single,False,False,,,True,,82.35,,,bishokuasaco.tokyo | hamoni.jp,other_or_restaurant_controlled | review_or_reservation_platform,1,2,negative_quality_evidence_not_structurally_captured | local_audience
ChIJazUAEwCJGGARpprC2XjdJqU,Eoullim Ogibashi 3rd Branch,Korean restaurant,Koto Initial,71.16,54.99,54.99,0.0,public-v3-local-discovery,58.03,0.0,0.0,0.0,0.0,58.03,58.03,58.03,80.69,36.0,69.36,80.69,36.0,72.51,54.99,0.0,54.99,54.99,54.99,54.99,0.0,0.0,0.0,0.0,False,True,True,small_same_brand_chain,True,False,,,False,chain_excluded,87.95,,,minamisuna1.com | tabelog.com | ubereats.com,other_or_restaurant_controlled | review_or_reservation_platform,2,2,negative_quality_evidence_not_structurally_captured
ChIJb-Q1gwT1GGAR4E_T50PhmnQ,Yakiniku Yukawa,Yakiniku,Setagaya Initial,64.93,78.12,78.12,0.0,public-v3-local-discovery,84.72,1.5,1.5,1.5,1.5,86.22,86.22,86.22,54.35,100.0,67.37,54.35,100.0,70.52,78.91,0.79,79.58,79.58,79.58,78.8,1.46,1.46,1.46,0.68,True,True,True,independent_single,False,False,,,True,,88.35,food/execution praise +1.5: A5 wagyu and carefully prepared meat are central to the experience,,tabelog.com | tripadvisor.jp | yakiniku-yukawa.com,other_or_restaurant_controlled | review_or_reservation_platform,1,3,negative_quality_evidence_not_structurally_captured
ChIJb-jmeC-LGGARczAPDGipwWk,MACERBO (Macerbo),Italian restaurant,Minato Initial,76.67,82.94,82.94,0.0,public-v3-local-discovery,78.03,0.0,0.0,0.0,0.0,78.03,78.03,78.03,77.45,100.0,84.83,77.45,100.0,84.83,82.94,0.0,82.94,82.94,82.94,83.28,0.0,0.0,0.0,0.34,True,True,True,independent_single,False,False,,,True,,82.35,,,azabujuban.or.jp | tabelog.com | tablecheck.com,other_or_restaurant_controlled | review_or_reservation_platform,2,2,negative_quality_evidence_not_structurally_captured
ChIJb9-F53aLGGART8fS-RFm3dk,GINZA Koike,Sushi restaurant,Chuo Initial,77.56,81.63,81.63,0.0,public-v3-local-discovery,82.74,0.0,0.0,0.0,0.0,82.74,82.74,82.74,74.76,100.0,72.74,74.76,100.0,72.74,81.63,0.0,81.63,81.63,81.63,81.13,0.0,0.0,0.0,-0.5,False,True,True,independent_single,False,True,confirmed_address_identity_conflict,,False,critical:confirmed_address_identity_conflict,48.15,,,,,0,0,quality_review_themes_unavailable | negative_quality_evidence_not_structurally_captured
ChIJbUEalCuJGGARgPzpOWi_Tz0,Teru Teru Bouzu,焼き鳥・居酒屋,Koto Initial,73.94,78.94,78.94,0.0,public-v3-local-discovery,66.31,0.0,0.0,0.0,0.0,66.31,66.31,66.31,88.89,100.0,83.08,88.89,100.0,88.92,80.4,1.46,80.4,80.4,80.4,81.53,1.46,1.46,1.46,2.59,True,True,True,independent_single,False,False,,,True,,87.95,,,,,0,0,quality_review_themes_unavailable | negative_quality_evidence_not_structurally_captured | local_audience
ChIJbXMGjFiNGGAR0JrjKQYrrbI,Kakō Tokoshie Ichibancho,Japanese restaurant,Chiyoda Initial,81.87,76.29,76.29,0.0,public-v3-local-discovery,70.38,0.0,0.0,0.0,0.0,70.38,70.38,70.38,75.48,94.0,76.78,75.48,100.0,85.77,79.44,3.15,79.44,79.44,79.44,80.2,3.15,3.15,3.15,3.91,True,True,True,independent_single,False,False,,,True,,72.55,,,,review_or_reservation_platform,0,4,no_independently_corroborated_food_quality_theme | same_source_family_themes_excluded:4 | negative_quality_evidence_not_structurally_captured | specialist_restaurant | local_audience | international_visibility | corporate_visibility
ChIJbdrhGgCTGGARsgPybivjZdg,Taverne L'Assiette,French restaurant,Toshima Initial,73.55,77.16,77.16,0.0,public-v3-local-discovery,56.22,0.0,0.0,0.0,0.0,56.22,56.22,56.22,91.24,100.0,92.72,91.24,100.0,92.72,77.16,0.0,77.16,77.16,77.16,78.99,0.0,0.0,0.0,1.83,True,True,True,independent_single,False,False,,,True,,82.35,,,ikebukuro-times.com | s-nerima.jp,other_or_restaurant_controlled | review_or_reservation_platform,1,3,negative_quality_evidence_not_structurally_captured
ChIJbfbiEQDtGGAREjxmQJJgZBA,The Silk Barrel Tokyo,中華料理,Suginami Initial,61.14,67.35,67.35,0.0,public-v3-local-discovery,51.83,0.0,0.0,0.0,0.0,51.83,51.83,51.83,64.45,100.0,77.44,64.45,100.0,80.59,68.14,0.79,68.14,68.14,68.14,69.58,0.79,0.79,0.79,2.23,False,True,True,independent_single,False,False,,,True,,87.95,,,,,0,0,quality_review_themes_unavailable | negative_quality_evidence_not_structurally_captured
ChIJc-xwjZeMGGARXapLK9qtsvc,Bodega,居酒屋,Shibuya Initial,79.32,78.32,78.32,0.0,public-v3-local-discovery,65.83,0.0,0.0,0.0,0.0,65.83,65.83,65.83,85.9,94.0,86.85,85.9,100.0,90.94,80.24,1.92,80.24,80.24,80.24,81.5,1.92,1.92,1.92,3.18,True,True,True,independent_single,False,False,,,True,,87.95,,,retty.me | tabelog.com,government_or_local_official | review_or_reservation_platform,1,4,negative_quality_evidence_not_structurally_captured | specialist_restaurant
ChIJc3EHNxXzGGAR6IBc9qsLC-g,Kushiyaki Nishi,Yakitori restaurant,Setagaya,85.29,80.53,80.61,0.08,public-v1,77.73,0.0,0.0,0.0,0.0,77.73,77.73,77.73,93.0,100.0,0.0,93.0,100.0,90.94,86.66,6.05,86.66,86.66,86.66,87.32,6.05,6.05,6.05,6.71,True,True,True,unknown,False,False,,,True,,82.35,,,,,0,0,quality_review_themes_unavailable | negative_quality_evidence_not_structurally_captured | chain_classification | local_audience | international_visibility | corporate_visibility
ChIJc3V-ZW-LGGARaduCM_lPTno,Hakata Kamekichi,もつ鍋・水炊き,Shibuya Initial,61.56,70.66,70.66,0.0,public-v3-local-discovery,60.0,1.5,1.5,1.5,1.5,61.5,61.5,61.5,66.51,100.0,74.74,66.51,100.0,77.89,71.45,0.79,72.12,72.12,72.12,72.94,1.46,1.46,1.46,2.28,False,True,True,independent_single,False,False,,,True,,73.35,food/execution praise +1.5: The fried beef offal is repeatedly highlighted as a notable side dish,,hitosara.com | takemachelin.com,other_or_restaurant_controlled | review_or_reservation_platform,1,4,negative_quality_evidence_not_structurally_captured
ChIJc6KwnVLtGGARZQUhRkeWmoU,Bishukikō Shin,和食・居酒屋,Toshima Initial,68.61,74.22,74.22,0.0,public-v3-local-discovery,51.01,0.0,0.0,0.0,0.0,51.01,51.01,51.01,91.06,100.0,90.44,91.06,100.0,90.44,74.22,0.0,74.22,74.22,74.22,76.19,0.0,0.0,0.0,1.97,False,True,True,independent_single,False,False,,,True,,66.15,,,retty.me | tabelog.com,review_or_reservation_platform,2,3,negative_quality_evidence_not_structurally_captured
ChIJcR7R3q-JGGAR8TfRf1h75bU,Yakiniku Restaurant Tomato House,焼肉,Koto Initial,62.37,71.89,71.89,0.0,public-v3-local-discovery,59.51,0.0,0.0,0.0,0.0,59.51,59.51,59.51,69.62,100.0,78.67,69.62,100.0,78.66,71.89,0.0,71.89,71.89,71.89,72.84,0.0,0.0,0.0,0.95,False,True,True,independent_single,False,False,,,True,,87.95,,,tabelog.com | yahoo.co.jp,other_or_restaurant_controlled | review_or_reservation_platform,1,3,negative_quality_evidence_not_structurally_captured
ChIJcRucIAmNGGARybUVFOiktfo,Sushi Rabu,Sushi restaurant,Shinjuku Initial,75.0,79.14,79.14,0.0,public-v3-local-discovery,74.43,3.0,3.0,3.0,3.0,77.43,77.43,77.43,77.84,100.0,75.89,77.84,100.0,79.04,79.93,0.79,81.28,81.28,81.28,81.36,2.14,2.14,2.14,2.22,True,True,True,independent_single,False,False,,,True,,87.95,food/execution praise +3: Fresh fish associated with daily Toyosu sourcing,,sushi-rabu.jp | tabelog.com | wanderlog.com,other_or_restaurant_controlled | review_or_reservation_platform,2,3,negative_quality_evidence_not_structurally_captured
ChIJcSGOzDHsGGARsUdq0YayC8o,Suehiro,Japanese cuisine,Suginami Initial,64.71,76.55,76.55,0.0,public-v3-local-discovery,64.9,0.0,0.0,0.0,0.0,64.9,64.9,64.9,78.72,100.0,82.13,78.72,100.0,82.13,76.55,0.0,76.55,76.55,76.55,77.41,0.0,0.0,0.0,0.86,True,True,True,independent_single,False,False,,,True,,86.35,,,blogspot.com | kaiten-portal.jp,other_or_restaurant_controlled | review_or_reservation_platform,1,3,negative_quality_evidence_not_structurally_captured
ChIJcSKzheyJGGARsSUQ9kFmdtU,Sonamu Korean Home-Style Restaurant,Korean restaurant,Koto Initial,66.2,73.02,73.02,0.0,public-v3-local-discovery,58.86,0.0,0.0,0.0,0.0,58.86,58.86,58.86,80.5,100.0,77.83,80.5,100.0,82.75,74.25,1.23,74.25,74.25,74.25,75.44,1.23,1.23,1.23,2.42,False,True,True,independent_single,False,False,,,True,,87.95,,,,,0,0,quality_review_themes_unavailable | negative_quality_evidence_not_structurally_captured | local_audience
ChIJcT_ACoONGGARvv8zqxgeK5s,BAR So,バー＆グリル,Toshima Initial,67.16,73.41,73.41,0.0,public-v3-local-discovery,68.99,0.0,0.0,0.0,0.0,68.99,68.99,68.99,70.4,94.0,70.83,70.4,100.0,77.77,76.05,2.64,76.05,76.05,76.05,76.49,2.64,2.64,2.64,3.08,False,True,True,independent_single,False,False,,,True,,87.95,,,,,0,0,quality_review_themes_unavailable | negative_quality_evidence_not_structurally_captured | specialist_restaurant | local_audience
ChIJcUNOyTSLGGARJzYJjjOhfgM,Sushi Onuki,寿司,Minato Initial,80.92,84.47,81.88,-2.59,public-v2-chain-classification,69.45,1.5,1.5,1.5,1.5,70.95,70.95,70.95,93.31,100.0,0.0,93.31,100.0,94.85,83.96,2.08,84.64,84.64,84.64,85.83,2.76,2.76,2.76,3.95,True,True,True,independent_single,False,False,,,True,,87.95,food/execution praise +1.5: Traditional Edomae sushi with carefully prepared seasonal fish,,ameblo.jp | tabelog.com,blog_platform | other_or_restaurant_controlled | review_or_reservation_platform,1,2,negative_quality_evidence_not_structurally_captured | local_audience | international_visibility | corporate_visibility
ChIJcWIuBz-LGGARrejmNwnNa2w,Trattoria Tomatica,Italian restaurant,Shibuya Initial,71.9,76.6,76.6,0.0,public-v3-local-discovery,70.16,0.0,0.0,0.0,0.0,70.16,70.16,70.16,70.55,100.0,77.77,70.55,100.0,77.77,76.6,0.0,76.6,76.6,76.6,76.98,0.0,0.0,0.0,0.38,True,True,True,independent_single,False,False,,,True,,87.95,,,hotpepper.jp | tomatica.jp,other_or_restaurant_controlled | review_or_reservation_platform,1,2,negative_quality_evidence_not_structurally_captured
ChIJc__jVeqOGGARhWROhikK2LM,Kimidori Yakitori,焼き鳥,Taito Initial,76.95,78.88,78.88,0.0,public-v3-local-discovery,65.02,1.5,1.5,1.5,1.5,66.52,66.52,66.52,83.21,100.0,88.55,83.21,100.0,88.55,78.88,0.0,79.55,79.55,79.55,80.65,0.67,0.67,0.67,1.77,True,True,True,independent_single,False,False,,,True,,87.95,food/execution praise +1.5: Carefully grilled yakitori served freshly from the counter,,inuki-ichiba.jp | note.com,blog_platform | other_or_restaurant_controlled | review_or_reservation_platform,1,3,negative_quality_evidence_not_structurally_captured
ChIJcbxWcwBhGGARCogpYKiN83Y,Asian Kitchen Curry Kodo: Spice Aroma,Indian restaurant,Ota Initial,78.92,76.8,76.8,0.0,public-v3-local-discovery,70.96,0.0,0.0,0.0,0.0,70.96,70.96,70.96,92.64,79.0,76.5,92.64,100.0,82.06,81.34,4.54,81.34,81.34,81.34,81.9,4.54,4.54,4.54,5.1,True,True,True,unknown,False,False,,,True,,87.15,,,,,0,0,quality_review_themes_unavailable | negative_quality_evidence_not_structurally_captured | chain_classification
ChIJcd4UCbJhGGAR11liIRMYx7A,Kato Chubo,韓国料理・焼肉,Ota Initial,76.63,73.11,73.11,0.0,public-v3-local-discovery,64.77,0.0,0.0,0.0,0.0,64.77,64.77,64.77,86.6,79.0,76.5,86.6,100.0,84.85,78.35,5.24,78.35,78.35,78.35,79.35,5.24,5.24,5.24,6.24,False,True,True,unknown,False,False,,,True,,81.95,,,,,0,0,quality_review_themes_unavailable | negative_quality_evidence_not_structurally_captured | chain_classification | local_audience | corporate_visibility
ChIJceTSEHOPGGARqwoZjKXH8sc,Ramen Ichichi,Ramen restaurant,Adachi Initial,64.07,64.78,64.78,0.0,public-v3-local-discovery,32.08,0.0,0.0,0.0,0.0,32.08,32.08,32.08,94.4,94.0,88.34,94.4,100.0,92.6,66.75,1.97,66.75,66.75,66.75,69.77,1.97,1.97,1.97,4.99,False,True,True,independent_single,False,False,,,True,,87.95,,,,other_or_restaurant_controlled | review_or_reservation_platform,0,2,no_independently_corroborated_food_quality_theme | same_source_family_themes_excluded:1 | negative_quality_evidence_not_structurally_captured | specialist_restaurant
ChIJcepOxkqNGGARf6CX8fVOHNU,Kinei,Izakaya,Shinjuku Initial,79.67,81.39,81.39,0.0,public-v3-local-discovery,71.94,0.0,0.0,0.0,0.0,71.94,71.94,71.94,92.14,94.0,84.39,92.14,100.0,91.71,84.12,2.73,84.12,84.12,84.12,85.11,2.73,2.73,2.73,3.72,True,True,True,independent_single,False,False,,,True,,74.75,,,,,0,0,quality_review_themes_unavailable | negative_quality_evidence_not_structurally_captured | specialist_restaurant
ChIJcwRYlVKTGGARLuTn6h-0u-0,Sakaba Fukurokuju,居酒屋,Toshima Initial,62.33,64.03,64.03,0.0,public-v3-local-discovery,42.3,0.0,0.0,0.0,0.0,42.3,42.3,42.3,76.72,94.0,77.53,76.72,100.0,84.09,66.57,2.54,66.57,66.57,66.57,68.66,2.54,2.54,2.54,4.63,False,True,True,independent_single,False,False,,,True,,82.35,,,,,0,0,quality_review_themes_unavailable | negative_quality_evidence_not_structurally_captured | specialist_restaurant
ChIJcy6fWo-JGGARN3dpmp66prw,Bistro 961,Bistro / Italian,Chuo Initial,69.0,71.43,71.43,0.0,public-v3-local-discovery,57.73,2.0,2.0,2.0,2.0,59.73,59.73,59.73,77.95,94.0,78.62,77.95,100.0,85.3,74.0,2.57,74.9,74.9,74.9,76.17,3.47,3.47,3.47,4.74,False,True,True,independent_single,False,False,,,True,,88.35,specialist/craft evidence +2: Japanese wine and craft gin pairing,,bistro-961.jp | docomo.ne.jp | tabelog.com,other_or_restaurant_controlled | review_or_reservation_platform,2,3,negative_quality_evidence_not_structurally_captured | specialist_restaurant
ChIJd-BngzuJGGARyH9Juus-cvM,Izakaya Kishi,居酒屋,Koto Initial,79.65,84.33,84.33,0.0,public-v3-local-discovery,79.0,0.0,0.0,0.0,0.0,79.0,79.0,79.0,88.89,94.0,85.39,88.89,100.0,89.33,86.22,1.89,86.22,86.22,86.22,86.73,1.89,1.89,1.89,2.4,True,True,True,independent_single,False,False,,,True,,71.95,,,,,0,0,quality_review_themes_unavailable | negative_quality_evidence_not_structurally_captured | specialist_restaurant
ChIJd-JT1dmMGGARR3sZyog3-OA,Dryad Charcoal Grill & Wine Bar,Italian,Chuo Initial,68.61,59.13,59.13,0.0,public-v3-local-discovery,41.33,2.0,2.0,2.0,2.0,43.33,43.33,43.33,68.74,79.0,73.47,68.74,100.0,74.34,62.49,3.36,63.39,63.39,63.39,64.94,4.26,4.26,4.26,5.81,False,True,True,unknown,False,False,,,True,,87.95,"specialist/craft evidence +2: Charcoal-grilled meat is a central draw, especially large bone-in cuts and steak",,ekiten.jp | tabelog.com,review_or_reservation_platform,2,2,negative_quality_evidence_not_structurally_captured | chain_classification
ChIJd0wuXgCNGGARN9UAU3Eqt9k,Waikiki Suidobashi,ハワイ料理,Chiyoda Initial,77.24,76.34,76.34,0.0,public-v3-local-discovery,85.47,0.0,0.0,0.0,0.0,85.47,85.47,85.47,70.66,73.0,65.32,70.66,100.0,70.67,81.73,5.39,81.73,81.73,81.73,80.99,5.39,5.39,5.39,4.65,True,True,True,unknown,False,False,,,True,,54.55,,,,,0,0,quality_review_themes_unavailable | negative_quality_evidence_not_structurally_captured | chain_classification | specialist_restaurant
ChIJd2RD_zdhGGARkGqUP4kizrM,Janata Mart Halal Food,Halal food shop,Ota,82.19,80.09,80.09,0.0,public-v3-local-discovery,75.6,0.0,0.0,0.0,0.0,75.6,75.6,75.6,95.46,79.0,79.61,95.46,100.0,91.92,86.32,6.23,86.32,86.32,86.32,87.13,6.23,6.23,6.23,7.04,True,True,True,unknown,False,False,,,True,,65.95,,,,,0,0,quality_review_themes_unavailable | negative_quality_evidence_not_structurally_captured | chain_classification | local_audience | international_visibility | corporate_visibility
ChIJd8cG48-PGGARnTxvxDNI4Kk,Halal Nikoniko cafe,Cafe / Japanese restaurant,Taito,84.65,78.75,80.74,1.99,public-v1,85.95,0.0,0.0,0.0,0.0,85.95,85.95,85.95,79.94,100.0,0.0,79.94,100.0,79.5,85.54,4.8,85.54,85.54,85.54,85.22,4.8,4.8,4.8,4.48,True,True,True,unknown,False,False,,,True,,71.15,,,,,0,0,quality_review_themes_unavailable | negative_quality_evidence_not_structurally_captured | chain_classification | local_audience | international_visibility | corporate_visibility
ChIJdRfkiWWLGGARKdLtL3Hud9k,Ichiju Sansai,Syokudo and Teishoku restaurant,Shibuya Initial,73.81,79.45,79.45,0.0,public-v3-local-discovery,66.73,0.0,0.0,0.0,0.0,66.73,66.73,66.73,86.13,100.0,85.99,86.13,100.0,85.99,79.45,0.0,79.45,79.45,79.45,80.41,0.0,0.0,0.0,0.96,True,True,True,independent_single,False,False,,,True,,87.95,,,gnavi.co.jp | tabelog.com | takemachelin.com,other_or_restaurant_controlled | review_or_reservation_platform,1,3,negative_quality_evidence_not_structurally_captured
ChIJdSM3O7iOGGARQQzULRr-dSA,Oiwaki,Japanese cuisine / kappo,Taito Initial,78.66,81.3,81.3,0.0,public-v3-local-discovery,64.03,0.0,0.0,0.0,0.0,64.03,64.03,64.03,93.75,100.0,93.69,93.75,100.0,93.69,81.3,0.0,81.3,81.3,81.3,82.78,0.0,0.0,0.0,1.48,True,True,True,independent_single,False,False,,,True,,87.55,,,lavietaste.com | tabelog.com,review_or_reservation_platform,1,3,negative_quality_evidence_not_structurally_captured
ChIJdVvYgq2MGGARf_l_BukrM1E,Ayapani,Okinawan cuisine / izakaya,Shinjuku Initial,62.0,65.84,65.84,0.0,public-v3-local-discovery,60.34,0.0,0.0,0.0,0.0,60.34,60.34,60.34,69.88,79.0,65.42,69.88,100.0,68.21,69.69,3.85,69.69,69.69,69.69,70.08,3.85,3.85,3.85,4.24,False,True,True,unknown,False,False,,,True,,87.95,,,,,0,0,quality_review_themes_unavailable | negative_quality_evidence_not_structurally_captured | chain_classification
ChIJdWuuEaWRGGARsrwSbpBTeXw,Sakanaya Hida,Japanese cafeteria,Adachi Initial,66.38,69.19,69.19,0.0,public-v3-local-discovery,47.06,0.0,0.0,0.0,0.0,47.06,47.06,47.06,87.11,94.0,83.38,87.11,100.0,90.59,71.89,2.7,71.89,71.89,71.89,74.07,2.7,2.7,2.7,4.88,False,True,True,independent_single,False,False,,,True,,75.15,,,livedoor.blog | tabelog.com,other_or_restaurant_controlled | review_or_reservation_platform,1,2,negative_quality_evidence_not_structurally_captured | specialist_restaurant
ChIJdYAczvdhGGARkKLEJKY9cmQ,Kushiyaki Torihiko,Yakitori restaurant,Ota Initial,69.33,75.42,75.42,0.0,public-v3-local-discovery,57.52,0.0,0.0,0.0,0.0,57.52,57.52,57.52,89.0,100.0,84.76,89.0,100.0,84.76,75.42,0.0,75.42,75.42,75.42,76.79,0.0,0.0,0.0,1.37,True,True,True,independent_single,False,False,,,True,,81.55,,,,,0,0,quality_review_themes_unavailable | negative_quality_evidence_not_structurally_captured
ChIJdbDoewDzGGARAJZkeNYzwH8,Yakiton Take-chan,Izakaya,Setagaya Initial,73.61,81.0,81.0,0.0,public-v3-local-discovery,81.54,0.0,0.0,0.0,0.0,81.54,81.54,81.54,67.23,100.0,76.89,67.23,100.0,80.05,81.79,0.79,81.79,81.79,81.79,81.72,0.79,0.79,0.79,0.72,True,True,True,independent_single,False,False,,,True,,87.95,,,,other_or_restaurant_controlled,0,1,no_independently_corroborated_food_quality_theme | negative_quality_evidence_not_structurally_captured
ChIJdcFYHvb1GGARXI8WXLAkCn4,Kuikiri Ryōri Ushio,Japanese cuisine,Setagaya Initial,67.03,74.51,74.51,0.0,public-v3-local-discovery,72.83,0.0,0.0,0.0,0.0,72.83,72.83,72.83,58.33,100.0,71.95,58.33,100.0,75.1,75.3,0.79,75.3,75.3,75.3,75.41,0.79,0.79,0.79,0.9,False,True,True,independent_single,False,False,,,True,,87.95,,,ikyu.com | lavietaste.com | res-reserve.com | tabelog.com,other_or_restaurant_controlled | review_or_reservation_platform,2,3,negative_quality_evidence_not_structurally_captured
ChIJdxwdIwDxGGARhDnQDJ9Tgz0,Toryumon,ラーメン,Setagaya Initial,79.43,74.84,74.84,0.0,public-v3-local-discovery,67.63,0.0,0.0,0.0,0.0,67.63,67.63,67.63,86.75,79.0,78.16,86.75,100.0,87.17,80.24,5.4,80.24,80.24,80.24,81.22,5.4,5.4,5.4,6.38,False,True,True,unknown,False,False,,,True,,87.95,,,doorblog.jp | soshigaya-minami.tokyo | supleks.jp,blog_platform | other_or_restaurant_controlled | review_or_reservation_platform,1,2,negative_quality_evidence_not_structurally_captured | chain_classification | local_audience
ChIJdyc1XuXtGGARvd5panpIsIc,Hansangun,韓国料理,Toshima Initial,77.11,80.64,80.64,0.0,public-v3-local-discovery,68.17,0.0,0.0,0.0,0.0,68.17,68.17,68.17,83.07,100.0,90.0,83.07,100.0,90.0,80.64,0.0,80.64,80.64,80.64,81.73,0.0,0.0,0.0,1.09,True,True,True,independent_single,False,False,,,True,,87.95,,,,,0,0,quality_review_themes_unavailable | negative_quality_evidence_not_structurally_captured
ChIJdz-s3_ORGGARZhVbCmiN7JY,Fior Di Mamma,Italian restaurant,Adachi Initial,73.52,74.52,74.52,0.0,public-v3-local-discovery,58.06,0.0,0.0,0.0,0.0,58.06,58.06,58.06,82.33,100.0,84.18,82.33,100.0,87.33,75.31,0.79,75.31,75.31,75.31,76.77,0.79,0.79,0.79,2.25,False,True,True,independent_single,False,False,,,True,,87.95,,,goguynet.jp | tripadvisor.jp | wanderlog.com,editorial_or_guide | other_or_restaurant_controlled | review_or_reservation_platform,2,3,negative_quality_evidence_not_structurally_captured
ChIJe0IaSFOJGGARnJDxpAd3UyU,Gyoza to Okinawa,沖縄料理・餃子・居酒屋,Chuo Initial,81.9,81.91,81.91,0.0,public-v3-local-discovery,69.7,1.0,1.0,1.0,1.0,70.7,70.7,70.7,93.33,100.0,86.2,93.33,100.0,94.27,83.93,2.02,84.38,84.38,84.38,85.56,2.47,2.47,2.47,3.65,True,True,True,independent_single,False,False,,,True,,58.95,consistency/longevity +1: Okinawan dishes receive consistently positive attention,,4travel.jp | note.com | retty.me | tabelog.com,blog_platform | other_or_restaurant_controlled | review_or_reservation_platform,2,4,negative_quality_evidence_not_structurally_captured | local_audience | international_visibility | corporate_visibility
ChIJe1D1MyeLGGARBHKRN0-hQUw,ROLLS wine and springrolls,ワインバー,Minato Initial,81.72,79.02,79.34,0.32,public-v2-chain-classification,78.06,0.0,0.0,0.0,0.0,78.06,78.06,78.06,89.25,79.0,0.0,89.25,100.0,86.18,85.06,5.72,85.06,85.06,85.06,85.47,5.72,5.72,5.72,6.13,True,True,True,unknown,False,False,,,True,,63.75,,,preventchildabusekc.org | tabelog.com,other_or_restaurant_controlled | review_or_reservation_platform,1,2,negative_quality_evidence_not_structurally_captured | chain_classification | local_audience | international_visibility | corporate_visibility
ChIJe1HrECyNGGAR4eioOVCxxSg,Chigine,Korean restaurant,Toshima Initial,75.31,74.74,74.74,0.0,public-v3-local-discovery,63.73,0.0,0.0,0.0,0.0,63.73,63.73,63.73,72.32,100.0,80.86,72.32,100.0,80.86,74.74,0.0,74.74,74.74,74.74,75.6,0.0,0.0,0.0,0.86,False,True,True,independent_single,False,False,,,True,,75.15,,,,other_or_restaurant_controlled | review_or_reservation_platform,0,1,no_independently_corroborated_food_quality_theme | negative_quality_evidence_not_structurally_captured
ChIJe2GH4D6NGGARXtJpF4wyHoo,Ram dining,Asian restaurant,Toshima Initial,76.04,70.28,70.28,0.0,public-v3-local-discovery,64.42,0.0,0.0,0.0,0.0,64.42,64.42,64.42,81.82,73.0,72.25,92.43,100.0,92.98,81.1,10.82,81.1,81.1,81.1,82.53,10.82,10.82,10.82,12.25,False,True,True,unknown,False,False,,,True,,19.95,,,,,0,0,quality_review_themes_unavailable | negative_quality_evidence_not_structurally_captured | tourist_coverage | chain_classification | specialist_restaurant | local_audience | tourist_orientation | international_visibility | corporate_visibility
ChIJe6fYwUCLGGARk9MAqYbeauY,Sushi Kiichi,Sushi restaurant,Shibuya Initial,73.23,78.16,78.16,0.0,public-v3-local-discovery,85.16,0.0,0.0,0.0,0.0,85.16,85.16,85.16,49.42,100.0,69.71,49.42,100.0,68.81,77.94,-0.22,77.94,77.94,77.94,77.12,-0.22,-0.22,-0.22,-1.04,True,True,True,independent_single,False,False,,,True,,87.95,,,tabelog.com | tableall.com | tripadvisor.com,other_or_restaurant_controlled | review_or_reservation_platform,1,3,negative_quality_evidence_not_structurally_captured
ChIJeThqda6NGGARtyLIiHpCKec,Fusion Kitchen,居酒屋,Toshima Initial,75.49,77.28,77.28,0.0,public-v3-local-discovery,69.7,0.0,0.0,0.0,0.0,69.7,69.7,69.7,83.58,94.0,77.09,83.58,100.0,83.6,79.8,2.52,79.8,79.8,79.8,80.5,2.52,2.52,2.52,3.22,True,True,True,independent_single,False,False,,,True,,81.95,,,,,0,0,quality_review_themes_unavailable | negative_quality_evidence_not_structurally_captured | specialist_restaurant
ChIJeVsvTBePGGARZN7eCLwHaHE,Mataichi,Japanese cuisine / Kaiseki,Taito Initial,73.57,80.54,80.54,0.0,public-v3-local-discovery,78.21,3.5,3.5,3.5,3.5,81.71,81.71,81.71,73.44,100.0,77.34,73.44,100.0,77.34,80.55,0.01,82.12,82.12,82.12,81.9,1.58,1.58,1.58,1.36,True,True,True,independent_single,False,False,,,True,,76.35,food/execution praise +1.5: Seasonal Japanese cuisine centered on fresh seafood and handmade soba | specialist/craft evidence +2: Seasonal Japanese cuisine centered on fresh seafood and handmade soba,,mataichi-o.com | tabelog.com,other_or_restaurant_controlled | review_or_reservation_platform,1,2,negative_quality_evidence_not_structurally_captured
ChIJeW0cmcGJGGARBG2B6L--eHs,Shuzenchaya FF Club,Izakaya,Chuo Initial,72.52,72.77,72.77,0.0,public-v3-local-discovery,48.9,0.0,0.0,0.0,0.0,48.9,48.9,48.9,97.77,94.0,87.98,97.77,100.0,95.7,75.6,2.83,75.6,75.6,75.6,77.94,2.83,2.83,2.83,5.17,False,True,True,independent_single,False,False,,,True,,87.15,,,,review_or_reservation_platform,0,3,no_independently_corroborated_food_quality_theme | same_source_family_themes_excluded:3 | negative_quality_evidence_not_structurally_captured | specialist_restaurant
ChIJeWrQDI7zGGARmNaJBkOmgUA,roen,Bistro,Shibuya Initial,70.71,82.48,82.48,0.0,public-v3-local-discovery,73.84,0.0,0.0,0.0,0.0,73.84,73.84,73.84,85.57,100.0,85.68,85.57,100.0,91.97,84.06,1.58,84.06,84.06,84.06,84.96,1.58,1.58,1.58,2.48,True,True,True,independent_single,False,False,,,True,,87.95,,,,,0,0,quality_review_themes_unavailable | negative_quality_evidence_not_structurally_captured | local_audience
ChIJeXWFsySJGGAReTCCnTPo2hc,Snack Hibiki,Snack bar,Koto Initial,73.89,71.82,71.82,0.0,public-v3-local-discovery,60.84,0.0,0.0,0.0,0.0,60.84,60.84,60.84,92.19,73.0,78.66,92.19,100.0,89.73,78.64,6.82,78.64,78.64,78.64,80.08,6.82,6.82,6.82,8.26,False,True,True,unknown,False,False,,,True,,87.15,,,,other_or_restaurant_controlled,0,2,no_independently_corroborated_food_quality_theme | negative_quality_evidence_not_structurally_captured | chain_classification | specialist_restaurant
ChIJeYVjoYmJGGARV_NvwEYf4ns,Sumiyaki Yakitori Ponta,Yakitori restaurant,Koto Initial,79.5,84.63,84.63,0.0,public-v3-local-discovery,78.84,0.0,0.0,0.0,0.0,78.84,78.84,78.84,87.2,100.0,84.28,87.2,100.0,87.43,85.42,0.79,85.42,85.42,85.42,85.84,0.79,0.79,0.79,1.21,True,True,True,independent_single,False,False,,,True,,87.95,,,,,0,0,quality_review_themes_unavailable | negative_quality_evidence_not_structurally_captured
ChIJeZdIEgmJGGAR-OZQEc9Hc4k,CITABRIA ANNEX,French gastronomy,Koto Initial,67.3,75.49,75.49,0.0,public-v3-local-discovery,66.89,0.0,0.0,0.0,0.0,66.89,66.89,66.89,86.52,82.5,80.14,86.52,82.5,85.45,76.82,1.33,76.82,76.82,76.82,77.74,1.33,1.33,1.33,2.25,False,False,True,small_group_distinct_concept,False,False,,,False,product_ineligible,75.95,,,,,0,0,quality_review_themes_unavailable | negative_quality_evidence_not_structurally_captured | local_audience
ChIJe_jIHhvuGGARHqowSZJHIHY,Sushi Tanaka,寿司,Suginami Initial,68.63,77.68,77.68,0.0,public-v3-local-discovery,72.99,0.0,0.0,0.0,0.0,72.99,72.99,72.99,66.3,100.0,79.55,66.3,100.0,79.55,77.68,0.0,77.68,77.68,77.68,78.01,0.0,0.0,0.0,0.33,True,True,True,independent_single,False,False,,,True,,88.35,,,gnavi.co.jp | hotpepper.jp,review_or_reservation_platform,1,3,negative_quality_evidence_not_structurally_captured
ChIJeamYNACLGGARRPA7id2e9vM,John Collins,居酒屋,Minato Initial,73.95,72.93,72.93,0.0,public-v3-local-discovery,53.27,0.0,0.0,0.0,0.0,53.27,53.27,53.27,93.54,94.0,83.31,93.54,100.0,90.52,75.63,2.7,75.63,75.63,75.63,77.5,2.7,2.7,2.7,4.57,False,True,True,independent_single,False,False,,,True,,81.95,,,,,0,0,quality_review_themes_unavailable | negative_quality_evidence_not_structurally_captured | specialist_restaurant
ChIJedaJUgCPGGARmiPKM4PVCSc,Karaoke Bar AO,カラオケバー,Taito,83.92,76.75,81.47,4.72,public-v2-chain-classification,79.22,0.0,0.0,0.0,0.0,79.22,79.22,79.22,94.66,79.0,0.0,94.66,100.0,91.14,87.63,6.16,87.63,87.63,87.63,88.23,6.16,6.16,6.16,6.76,True,True,True,unknown,False,False,,,True,,75.95,,,,other_or_restaurant_controlled,0,1,no_independently_corroborated_food_quality_theme | negative_quality_evidence_not_structurally_captured | chain_classification | local_audience | international_visibility | corporate_visibility
ChIJedwLaQXvGGARrLXr3MFwGBc,Hyakuden Honkaku Shochu Sakaba,焼酎バー・居酒屋,Suginami Initial,65.63,73.89,73.89,0.0,public-v3-local-discovery,66.93,0.0,0.0,0.0,0.0,66.93,66.93,66.93,64.88,100.0,76.14,64.88,100.0,79.29,74.67,0.78,74.67,74.67,74.67,75.29,0.78,0.78,0.78,1.4,False,True,True,independent_single,False,False,,,True,,88.35,,,,,0,0,quality_review_themes_unavailable | negative_quality_evidence_not_structurally_captured
ChIJewCB5KeLGGARj2HrKRvkR_M,Yama,デザートレストラン,Minato Initial,72.43,77.91,77.91,0.0,public-v3-local-discovery,79.27,0.0,0.0,0.0,0.0,79.27,79.27,79.27,68.75,100.0,67.72,68.75,100.0,70.85,78.7,0.79,78.7,78.7,78.7,78.28,0.79,0.79,0.79,0.37,True,True,True,independent_single,False,False,,,True,,88.35,,,michelin.com | ste-map.com,other_or_restaurant_controlled | review_or_reservation_platform,1,3,negative_quality_evidence_not_structurally_captured | local_audience
ChIJeyt--eiNGGARARZehSYzKHE,Chinese Gastronomy Kayou,中華料理,Shinjuku,82.83,78.02,78.27,0.25,public-v1,74.48,0.0,0.0,0.0,0.0,74.48,74.48,74.48,97.35,94.0,0.0,97.35,100.0,94.12,86.65,8.38,86.65,86.65,86.65,87.63,8.38,8.38,8.38,9.36,True,True,True,unknown,False,False,,,True,,75.95,,,,,0,0,quality_review_themes_unavailable | negative_quality_evidence_not_structurally_captured | chain_classification | specialist_restaurant | local_audience | international_visibility | corporate_visibility
ChIJf-iNOiHvGGARuaoq7wRNwbE,Buddha Spice Iogi,ネパール料理,Suginami Initial,74.8,73.03,73.03,0.0,public-v3-local-discovery,58.31,0.0,0.0,0.0,0.0,58.31,58.31,58.31,95.4,79.0,82.54,95.4,100.0,89.61,77.95,4.92,77.95,77.95,77.95,79.52,4.92,4.92,4.92,6.49,False,True,True,unknown,False,False,,,True,,87.15,,,,,0,0,quality_review_themes_unavailable | negative_quality_evidence_not_structurally_captured | chain_classification
ChIJf1MQr3aNGGARDGzKF7KRuQE,Otsuka Miyaho,居酒屋,Toshima Initial,61.88,69.61,69.61,0.0,public-v3-local-discovery,59.86,0.0,0.0,0.0,0.0,59.86,59.86,59.86,63.71,100.0,72.48,63.71,100.0,75.63,70.4,0.79,70.4,70.4,70.4,71.19,0.79,0.79,0.79,1.58,False,True,True,independent_single,False,False,,,True,,81.95,,,,review_or_reservation_platform,0,2,no_independently_corroborated_food_quality_theme | same_source_family_themes_excluded:2 | negative_quality_evidence_not_structurally_captured
ChIJf6BPuY7zGGARUPUV89e0q7U,Akagi Shouten,Event food vendor,Setagaya Initial,79.09,77.65,77.65,0.0,public-v3-local-discovery,70.46,0.0,0.0,0.0,0.0,70.46,70.46,70.46,94.96,73.0,83.0,94.96,100.0,91.43,83.81,6.16,83.81,83.81,83.81,84.86,6.16,6.16,6.16,7.21,True,True,True,unknown,False,False,,,True,,41.55,,,,,0,0,quality_review_themes_unavailable | negative_quality_evidence_not_structurally_captured | chain_classification | specialist_restaurant
ChIJf7Vt8cOJGGAR_6JpUJbf6IM,Taishū Bar Clover,居酒屋・バル,Koto Initial,60.38,64.68,64.68,0.0,public-v3-local-discovery,39.43,0.0,0.0,0.0,0.0,39.43,39.43,39.43,85.06,94.0,80.3,85.06,100.0,87.17,67.3,2.62,67.3,67.3,67.3,69.68,2.62,2.62,2.62,5.0,False,True,True,independent_single,False,False,,,True,,81.55,,,,,0,0,quality_review_themes_unavailable | negative_quality_evidence_not_structurally_captured | specialist_restaurant
ChIJf88_eSjzGGARg2dZ2rBVq_c,Oryori Hirose,Kyoto-style Japanese restaurant,Shibuya Initial,66.7,77.04,77.04,0.0,public-v3-local-discovery,68.42,0.0,0.0,0.0,0.0,68.42,68.42,68.42,74.54,100.0,80.26,74.54,100.0,80.26,77.03,-0.01,77.03,77.03,77.03,77.63,-0.01,-0.01,-0.01,0.59,True,True,True,independent_single,False,False,,,True,,93.2,,,apese.net | tabelog.com | yahoo.co.jp,other_or_restaurant_controlled | review_or_reservation_platform,2,3,negative_quality_evidence_not_structurally_captured
ChIJf8PCFweJGGARIO2_X3D5XL0,Mario Tenshin,中華料理,Koto Initial,63.9,64.5,64.5,0.0,public-v3-local-discovery,34.31,0.0,0.0,0.0,0.0,34.31,34.31,34.31,93.04,94.0,84.01,93.04,100.0,91.29,67.22,2.72,67.22,67.22,67.22,70.07,2.72,2.72,2.72,5.57,False,True,True,independent_single,False,False,,,True,,75.95,,,,,0,0,quality_review_themes_unavailable | negative_quality_evidence_not_structurally_captured | specialist_restaurant
ChIJfSzuWDJgGGARHxFM-NOIJsI,Petit Restaurant Tomy,French,Ota Initial,67.07,72.38,72.38,0.0,public-v3-local-discovery,58.77,1.5,1.5,1.5,1.5,60.27,60.27,60.27,73.03,100.0,79.9,73.03,100.0,83.05,73.16,0.78,73.84,73.84,73.84,74.98,1.46,1.46,1.46,2.6,False,True,True,independent_single,False,False,,,True,,87.95,food/execution praise +1.5: Seasonal French cooking with careful temperature control,,bandoftokyo.com | o-2.jp | tabelog.com | utan.jp,other_or_restaurant_controlled | review_or_reservation_platform,2,3,negative_quality_evidence_not_structurally_captured
ChIJfT7DPbiLGGAREnfI4f6z1OI,Akasaka Sushi Furuyama,Sushi,Minato Initial,68.16,73.39,73.39,0.0,public-v3-local-discovery,82.13,0.0,0.0,0.0,0.0,82.13,82.13,82.13,40.72,100.0,61.29,40.72,100.0,61.29,73.39,0.0,73.39,73.39,73.39,72.35,0.0,0.0,0.0,-1.04,False,True,True,independent_single,False,False,,,True,,88.35,,,sushi-furuyama.jp | tabelog.com,other_or_restaurant_controlled | review_or_reservation_platform,1,3,negative_quality_evidence_not_structurally_captured
ChIJfX7j2fthGGARl1RayrLFmxY,Mustang Asian Restaurant,Indian and Nepalese restaurant,Ota Initial,67.51,72.07,72.07,0.0,public-v3-local-discovery,77.69,0.0,0.0,0.0,0.0,77.69,77.69,77.69,62.76,79.0,63.39,62.76,100.0,64.45,75.49,3.42,75.49,75.49,75.49,74.83,3.42,3.42,3.42,2.76,False,True,True,unknown,False,False,,,True,,69.55,,,,,0,0,quality_review_themes_unavailable | negative_quality_evidence_not_structurally_captured | chain_classification | local_audience
ChIJfeC_tvr0GGARviwvHAsCZB4,Han,Sushi restaurant,Setagaya Initial,67.68,63.49,63.49,0.0,public-v3-local-discovery,53.9,0.0,0.0,0.0,0.0,53.9,53.9,53.9,75.12,73.0,68.06,83.49,100.0,85.36,73.12,9.63,73.12,73.12,73.12,74.69,9.63,9.63,9.63,11.2,False,True,True,unknown,False,False,,,True,,19.55,,,,,0,0,quality_review_themes_unavailable | negative_quality_evidence_not_structurally_captured | tourist_coverage | chain_classification | specialist_restaurant | local_audience | tourist_orientation | international_visibility | corporate_visibility
ChIJfwLbHFvzGGARePavUmufFlM,Le Musée (de Poisson Plage),French restaurant,Toshima Initial,67.1,72.72,72.72,0.0,public-v3-local-discovery,62.47,0.0,0.0,0.0,0.0,62.47,62.47,62.47,70.37,100.0,76.23,70.37,100.0,80.86,73.88,1.16,73.88,73.88,73.88,74.8,1.16,1.16,1.16,2.08,False,True,True,independent_single,False,False,,,True,,88.35,,,le-musee.jp | tabelog.com,other_or_restaurant_controlled | review_or_reservation_platform,2,3,negative_quality_evidence_not_structurally_captured | local_audience
ChIJfwnqXyuJGGARpQlISRe5joc,Kameido Art Center,Art gallery,Koto Initial,66.17,73.33,73.33,0.0,public-v3-local-discovery,71.6,0.0,0.0,0.0,0.0,71.6,71.6,71.6,70.02,94.0,66.04,70.02,100.0,71.32,75.55,2.22,75.55,75.55,75.55,75.54,2.22,2.22,2.22,2.21,False,True,True,independent_single,False,False,,,True,,88.35,,,,,0,0,quality_review_themes_unavailable | negative_quality_evidence_not_structurally_captured | specialist_restaurant
ChIJg04dRnKLGGARMaLXFl19--0,Biyou Ajibou,Mandarin restaurant,Chuo Initial,73.64,68.1,68.1,0.0,public-v3-local-discovery,52.23,2.0,2.0,2.0,2.0,54.23,54.23,54.23,81.16,82.5,80.18,81.16,82.5,83.33,68.88,0.78,69.78,69.78,69.78,71.24,1.68,1.68,1.68,3.14,False,True,True,small_group_distinct_concept,False,False,,,True,,87.95,signature-dish reputation +2: Lamb dishes are the restaurant's central specialty,,gnavi.co.jp | prtimes.jp | tabelog.com,other_or_restaurant_controlled | review_or_reservation_platform,2,2,negative_quality_evidence_not_structurally_captured
ChIJg0UtmqeLGGARrSGTPQPMxds,Mimoza SICIL Shirokane Roast Chicken,Mediterranean restaurant,Minato Initial,78.05,79.69,79.69,0.0,public-v3-local-discovery,65.61,1.5,1.5,1.5,1.5,67.11,67.11,67.11,90.69,100.0,86.24,90.69,100.0,89.39,80.48,0.79,81.15,81.15,81.15,82.26,1.46,1.46,1.46,2.57,True,True,True,independent_single,False,False,,,True,,85.95,"food/execution praise +1.5: Spiced, tender rotisserie chicken with crisp skin",,carta.menu | note.com | tabelog.com | wanderlog.com,blog_platform | other_or_restaurant_controlled | review_or_reservation_platform,2,3,negative_quality_evidence_not_structurally_captured
ChIJg1kI0Xb1GGARW9JkYwek8aA,Shark Fin Specialty Restaurant Kikka,中華料理,Setagaya Initial,69.49,76.81,76.81,0.0,public-v3-local-discovery,72.14,0.0,0.0,0.0,0.0,72.14,72.14,72.14,72.1,100.0,74.13,72.1,100.0,77.28,77.6,0.79,77.6,77.6,77.6,77.86,0.79,0.79,0.79,1.05,True,True,True,independent_single,False,False,,,True,,82.35,,,,,0,0,quality_review_themes_unavailable | negative_quality_evidence_not_structurally_captured
ChIJg2TGXKGLGGARr3JCITuJaf4,Sushi Ito Ikkan,Sushi restaurant,Shibuya Initial,70.57,70.21,70.21,0.0,public-v3-local-discovery,66.93,0.0,0.0,0.0,0.0,66.93,66.93,66.93,53.93,100.0,68.0,53.93,100.0,71.18,71.0,0.79,71.0,71.0,71.0,71.22,0.79,0.79,0.79,1.01,False,True,True,independent_single,False,False,,,True,,88.35,,,,,0,0,quality_review_themes_unavailable | negative_quality_evidence_not_structurally_captured | local_audience
ChIJg82p2vGNGGARCN-AZNqHC58,Sushi Waku,Sushi restaurant,Chiyoda,83.77,80.36,80.36,0.0,public-v3-local-discovery,100.0,0.0,0.0,0.0,0.0,100.0,100.0,100.0,54.47,79.0,61.37,54.47,100.0,60.43,83.28,2.92,83.28,83.28,83.28,81.3,2.92,2.92,2.92,0.94,True,True,True,unknown,False,False,,,True,,73.35,,,,review_or_reservation_platform,0,3,no_independently_corroborated_food_quality_theme | same_source_family_themes_excluded:3 | negative_quality_evidence_not_structurally_captured | chain_classification | local_audience | international_visibility | corporate_visibility
ChIJg8_S44yIGGARDO6OmvONDzY,Sendaiya,Izakaya,Koto Initial,69.13,77.93,77.93,0.0,public-v3-local-discovery,73.7,0.0,0.0,0.0,0.0,73.7,73.7,73.7,70.55,100.0,76.72,70.55,100.0,79.87,78.72,0.79,78.72,78.72,78.72,79.02,0.79,0.79,0.79,1.09,True,True,True,independent_single,False,False,,,True,,87.95,,,blogspot.com | syupo.com | tabelog.com,other_or_restaurant_controlled | review_or_reservation_platform,1,3,negative_quality_evidence_not_structurally_captured
ChIJgRPgGN-LGGARI7mTMdYr4go,Haibara Tsukiji No. 1,うなぎ,Chuo Initial,65.65,63.9,63.9,0.0,public-v3-local-discovery,58.48,0.0,0.0,0.0,0.0,58.48,58.48,58.48,61.13,78.5,66.57,61.13,78.5,66.57,63.9,0.0,63.9,63.9,63.9,64.31,0.0,0.0,0.0,0.41,False,True,True,small_group_distinct_concept,False,False,,,True,,87.95,,,tabelog.com | wanderlog.com,other_or_restaurant_controlled | review_or_reservation_platform,1,2,negative_quality_evidence_not_structurally_captured
ChIJgUfgqM-TGGAR0wuv7HkLBTw,Fujiya,居酒屋,Adachi Initial,65.73,71.4,71.4,0.0,public-v3-local-discovery,50.48,0.0,0.0,0.0,0.0,50.48,50.48,50.48,88.58,94.0,85.2,88.58,100.0,89.11,73.28,1.88,73.28,73.28,73.28,75.21,1.88,1.88,1.88,3.81,False,True,True,independent_single,False,False,,,True,,75.15,,,,,0,0,quality_review_themes_unavailable | negative_quality_evidence_not_structurally_captured | specialist_restaurant
ChIJgVIRH1-LGGARYthNR8MzNg8,Toakari,Teppanyaki,Shibuya Initial,80.16,80.26,80.26,0.0,public-v3-local-discovery,85.48,0.0,0.0,0.0,0.0,85.48,85.48,85.48,61.26,100.0,70.41,61.26,100.0,73.67,81.07,0.81,81.07,81.07,81.07,80.48,0.81,0.81,0.81,0.22,True,True,True,independent_single,False,False,,,True,,87.55,,,autoreserve.com | tabelog.com | tripadvisor.com,other_or_restaurant_controlled | review_or_reservation_platform,2,4,negative_quality_evidence_not_structurally_captured | local_audience | international_visibility | corporate_visibility
ChIJgVfL24aOGGAR2S_D34UreIM,Nomidokoro Rin,居酒屋,Taito Initial,69.5,71.67,71.67,0.0,public-v3-local-discovery,50.2,0.0,0.0,0.0,0.0,50.2,50.2,50.2,92.35,94.0,84.52,92.35,100.0,91.86,74.41,2.74,74.41,74.41,74.41,76.49,2.74,2.74,2.74,4.82,False,True,True,independent_single,False,False,,,True,,73.95,,,,,0,0,quality_review_themes_unavailable | negative_quality_evidence_not_structurally_captured | specialist_restaurant
ChIJgVqO4Yf1GGARXuwajb2cUpI,Hide,Yakitori restaurant,Ota Initial,60.67,75.98,75.98,0.0,public-v3-local-discovery,54.02,0.0,0.0,0.0,0.0,54.02,54.02,54.02,95.0,100.0,89.67,95.0,100.0,92.83,76.77,0.79,76.77,76.77,76.77,78.71,0.79,0.79,0.79,2.73,True,True,True,independent_single,False,False,,,True,,73.95,,,,,0,0,quality_review_themes_unavailable | negative_quality_evidence_not_structurally_captured
ChIJgWuZssOLGGARBbyvRoGJjAg,Torihan Azabujuban,Yakitori restaurant,Minato,85.4,77.51,81.34,3.83,public-v1,98.99,1.5,1.5,1.5,1.5,100.0,100.0,100.0,60.14,100.0,0.0,60.14,100.0,64.49,84.69,3.35,85.14,85.14,85.14,83.37,3.8,3.8,3.8,2.03,True,True,True,unknown,False,False,,,True,,87.95,food/execution praise +1.5: Guests often highlight the carefully prepared chicken skewers,,foodies-asia.com | tabelog.com,other_or_restaurant_controlled | review_or_reservation_platform,1,3,negative_quality_evidence_not_structurally_captured | chain_classification | local_audience | international_visibility | corporate_visibility
ChIJgbRzN-aOGGARtpSjIovQ18k,Sumibikushiyaki Shibuichi,Yakitori restaurant,Taito Initial,68.7,71.91,71.91,0.0,public-v3-local-discovery,47.69,0.0,0.0,0.0,0.0,47.69,47.69,47.69,90.83,100.0,87.31,90.83,100.0,90.46,72.7,0.79,72.7,72.7,72.7,74.84,0.79,0.79,0.79,2.93,False,True,True,independent_single,False,False,,,True,,82.35,,,,,0,0,quality_review_themes_unavailable | negative_quality_evidence_not_structurally_captured
ChIJgbnja11gGGAROTPmQ0sJJ7o,Senda,日本料理・割烹,Ota Initial,65.03,72.75,72.75,0.0,public-v3-local-discovery,58.63,0.0,0.0,0.0,0.0,58.63,58.63,58.63,97.7,79.0,79.44,97.7,100.0,93.98,79.53,6.78,79.53,79.53,79.53,81.3,6.78,6.78,6.78,8.55,False,True,True,unknown,False,False,,,True,,75.55,,,,,0,0,quality_review_themes_unavailable | negative_quality_evidence_not_structurally_captured | chain_classification | local_audience
ChIJgcDV1tSPGGAReF32uFUaCb4,Okinawa Sobaya Chokotto,Okinawa cuisine / Okinawa soba,Taito,93.03,86.7,87.21,0.51,public-v1,88.33,0.0,0.0,0.0,0.0,88.33,88.33,88.33,100.0,100.0,0.0,100.0,100.0,96.28,93.82,6.61,93.82,93.82,93.82,94.22,6.61,6.61,6.61,7.01,True,True,True,unknown,False,False,,,True,,81.95,,,,,0,0,quality_review_themes_unavailable | negative_quality_evidence_not_structurally_captured | chain_classification | local_audience | international_visibility | corporate_visibility
ChIJgf3tagGMGGARep3Pd52OyHU,Himalaya Table,ビアホール,Chiyoda Initial,62.67,65.86,65.86,0.0,public-v3-local-discovery,58.79,2.0,2.0,2.0,2.0,60.79,60.79,60.79,54.16,100.0,65.14,54.16,100.0,65.14,65.86,0.0,66.76,66.76,66.76,66.98,0.9,0.9,0.9,1.12,False,True,True,independent_single,False,False,,,True,,88.35,specialist/craft evidence +2: Nepalese dishes pair naturally with Japanese craft beer,,himalaya-table.info | tabelog.com | timeout.com | tokyobeerdrinker.com | wanderlog.com,editorial_or_guide | other_or_restaurant_controlled | review_or_reservation_platform,2,3,negative_quality_evidence_not_structurally_captured
ChIJgwzMbomJGGARHnPkEUWSLrk,Wagokoro Akari,おでん・和食,Koto Initial,71.44,75.1,75.1,0.0,public-v3-local-discovery,76.14,0.0,0.0,0.0,0.0,76.14,76.14,76.14,66.82,82.5,73.76,66.82,82.5,76.91,75.89,0.79,75.89,75.89,75.89,75.93,0.79,0.79,0.79,0.83,True,True,True,small_group_distinct_concept,False,False,,,True,,87.95,,,,,0,0,quality_review_themes_unavailable | negative_quality_evidence_not_structurally_captured
ChIJh2iPg2_xGGARQKrvTWlaCN0,Restaurant La+,French restaurant,Setagaya Initial,72.98,80.42,80.42,0.0,public-v3-local-discovery,86.04,0.0,0.0,0.0,0.0,86.04,86.04,86.04,56.87,100.0,72.69,56.87,100.0,75.83,81.21,0.79,81.21,81.21,81.21,80.7,0.79,0.79,0.79,0.28,True,True,True,independent_single,False,False,,,True,,88.35,,,,,0,0,quality_review_themes_unavailable | negative_quality_evidence_not_structurally_captured
ChIJh55ttDSLGGARxyuEPXj1d_s,Press Café Kokkai Soba,Soba and café,Chiyoda Initial,64.63,62.83,62.83,0.0,public-v3-local-discovery,39.59,0.0,0.0,0.0,0.0,39.59,39.59,39.59,91.23,76.5,79.42,91.23,80.56,86.19,65.13,2.3,65.13,65.13,65.13,67.46,2.3,2.3,2.3,4.63,False,True,True,small_group_distinct_concept,False,False,,,True,,81.55,,,,,0,0,quality_review_themes_unavailable | negative_quality_evidence_not_structurally_captured | specialist_restaurant
ChIJh57eDwqJGGARn8TjW2S2K60,Uosei Sumibi Yakitori,焼き鳥居酒屋,Koto Initial,63.75,73.77,73.77,0.0,public-v3-local-discovery,59.95,0.0,0.0,0.0,0.0,59.95,59.95,59.95,77.33,100.0,80.77,77.33,100.0,83.92,74.56,0.79,74.56,74.56,74.56,75.76,0.79,0.79,0.79,1.99,False,True,True,independent_single,False,False,,,True,,75.55,,,,,0,0,quality_review_themes_unavailable | negative_quality_evidence_not_structurally_captured
ChIJh5svHQBhGGARWmMzr_ULedA,Sebika Kitchen,Indian and Nepalese restaurant,Ota Initial,74.11,72.38,72.38,0.0,public-v3-local-discovery,63.18,0.0,0.0,0.0,0.0,63.18,63.18,63.18,85.81,79.0,76.91,85.81,100.0,85.25,77.62,5.24,77.62,77.62,77.62,78.72,5.24,5.24,5.24,6.34,False,True,True,unknown,False,False,,,True,,87.95,,,,,0,0,quality_review_themes_unavailable | negative_quality_evidence_not_structurally_captured | chain_classification | local_audience
ChIJhVkqEPqLGGARq60XVzZ5fc4,Tokyo Restaurant Bus,Restaurant bus dining experience,Chiyoda Initial,73.76,72.99,72.99,0.0,public-v3-local-discovery,89.87,0.0,0.0,0.0,0.0,89.87,89.87,89.87,40.81,82.5,56.22,40.81,82.5,56.22,72.99,0.0,72.99,72.99,72.99,71.31,0.0,0.0,0.0,-1.68,False,True,True,small_group_distinct_concept,False,False,,,True,,88.35,,,,,0,0,quality_review_themes_unavailable | negative_quality_evidence_not_structurally_captured
ChIJh_dkTB6NGGARt8JMdutQmG8,Mala Hinabe Senmonten Ochi,Chinese hot pot,Shinjuku Initial,78.43,83.84,83.84,0.0,public-v3-local-discovery,99.45,1.5,1.5,1.5,1.5,100.0,100.0,100.0,48.52,100.0,67.25,48.52,100.0,70.3,84.61,0.77,84.85,84.85,84.85,83.37,1.01,1.01,1.01,-0.47,True,True,True,independent_single,False,False,,,True,,82.35,"food/execution praise +1.5: Rich, carefully prepared mala broth",,owst.jp | tabelog.com | wanderlog.com,other_or_restaurant_controlled | review_or_reservation_platform,3,4,negative_quality_evidence_not_structurally_captured | local_audience
ChIJhbzTEwCJGGAR4vW47fd2x-o,Yakitori Izakaya Warakutei,焼き鳥,Koto Initial,62.75,64.68,64.68,0.0,public-v3-local-discovery,54.7,0.0,0.0,0.0,0.0,54.7,54.7,54.7,80.11,73.0,68.38,80.11,100.0,75.83,70.59,5.91,70.59,70.59,70.59,71.65,5.91,5.91,5.91,6.97,False,True,True,unknown,False,False,,,True,,67.95,,,,,0,0,quality_review_themes_unavailable | negative_quality_evidence_not_structurally_captured | chain_classification | specialist_restaurant | local_audience | corporate_visibility
ChIJhejBcc-LGGARzeHql7Ya5Ds,Emi Sushi Making Class,Sushi-making workshop,Minato Initial,73.74,75.48,75.48,0.0,public-v3-local-discovery,100.0,0.0,0.0,0.0,0.0,100.0,100.0,100.0,24.69,100.0,47.1,24.69,100.0,47.1,75.48,0.0,75.48,75.48,75.48,72.83,0.0,0.0,0.0,-2.65,True,True,True,independent_single,False,False,,,True,,87.15,,,rakuten.co.jp | tripadvisor.com | wanderlog.com,other_or_restaurant_controlled | review_or_reservation_platform,1,3,negative_quality_evidence_not_structurally_captured
ChIJhyICkHFgGGARx84O1epa-_g,Yakitori Inaka,居酒屋,Ota Initial,66.12,71.27,71.27,0.0,public-v3-local-discovery,46.14,0.0,0.0,0.0,0.0,46.14,46.14,46.14,91.15,100.0,87.34,91.15,100.0,90.49,72.06,0.79,72.06,72.06,72.06,74.28,0.79,0.79,0.79,3.01,False,True,True,independent_single,False,False,,,True,,81.55,,,ekiten.jp | tabelog.com,review_or_reservation_platform,1,2,negative_quality_evidence_not_structurally_captured
ChIJhzLakjWLGGARGAXMgNsC4lw,Ichi Azabu,Vegan restaurant,Minato Initial,62.88,65.42,65.42,0.0,public-v3-local-discovery,52.5,0.0,0.0,0.0,0.0,52.5,52.5,52.5,59.1,100.0,71.73,59.1,100.0,71.73,65.42,0.0,65.42,65.42,65.42,66.38,0.0,0.0,0.0,0.96,False,True,True,independent_single,False,False,,,True,,88.35,,,,,0,0,quality_review_themes_unavailable | negative_quality_evidence_not_structurally_captured
ChIJi4Jv8HzuGGAR62Geq3sOTuc,Takada,Sushi,Suginami Initial,72.2,77.84,77.84,0.0,public-v3-local-discovery,63.97,0.0,0.0,0.0,0.0,63.97,63.97,63.97,82.56,100.0,86.69,82.56,100.0,86.69,77.84,0.0,77.84,77.84,77.84,78.98,0.0,0.0,0.0,1.14,True,True,True,independent_single,False,False,,,True,,87.95,,,blogspot.com | retty.me | tabelog.com,other_or_restaurant_controlled | review_or_reservation_platform,2,3,negative_quality_evidence_not_structurally_captured
ChIJi5fGu1CKGGARHxo8DrVwYPc,Devi Fusion Dining Bar,Dining bar,Minato Initial,73.32,67.17,67.17,0.0,public-v3-local-discovery,52.59,0.0,0.0,0.0,0.0,52.59,52.59,52.59,91.7,73.0,75.22,91.7,100.0,84.81,73.62,6.45,73.62,73.62,73.62,75.23,6.45,6.45,6.45,8.06,False,True,True,unknown,False,False,,,True,,81.95,,,,,0,0,quality_review_themes_unavailable | negative_quality_evidence_not_structurally_captured | chain_classification | specialist_restaurant
ChIJi79LD-yIGGAR_8wLG2_pyYE,Sankei Sushi,Sushi restaurant,Koto Initial,77.15,82.82,82.82,0.0,public-v3-local-discovery,75.54,0.0,0.0,0.0,0.0,75.54,75.54,75.54,86.28,100.0,83.54,86.28,100.0,86.69,83.61,0.79,83.61,83.61,83.61,84.16,0.79,0.79,0.79,1.34,True,True,True,independent_single,False,False,,,True,,87.95,,,kotomise.jp | morishita-estate.com,other_or_restaurant_controlled | review_or_reservation_platform,1,3,same_source_family_themes_excluded:1 | negative_quality_evidence_not_structurally_captured
ChIJi7BFZuaLGGARIeRRYNU6SzM,Shokuzen Abe,Japanese cuisine / kaiseki,Chuo Initial,66.46,70.85,70.85,0.0,public-v3-local-discovery,64.85,0.0,0.0,0.0,0.0,64.85,64.85,64.85,58.24,100.0,71.74,58.24,100.0,75.58,71.81,0.96,71.81,71.81,71.81,72.35,0.96,0.96,0.96,1.5,False,True,True,independent_single,False,False,,,True,,87.95,,,michelin.com | tabelog.com | zendine.co,other_or_restaurant_controlled | review_or_reservation_platform,2,3,negative_quality_evidence_not_structurally_captured | local_audience
ChIJi8DWNlGLGGARhxbev8vX9Ao,ARALE,Asian restaurant,Shibuya Initial,75.04,80.97,80.97,0.0,public-v3-local-discovery,83.7,0.0,0.0,0.0,0.0,83.7,83.7,83.7,63.19,100.0,75.31,63.19,100.0,78.46,81.76,0.79,81.76,81.76,81.76,81.5,0.79,0.79,0.79,0.53,True,True,True,independent_single,False,False,,,True,,88.35,,,allied-thai.co.jp | aralefun.com | tabelog.com,other_or_restaurant_controlled | review_or_reservation_platform,1,3,negative_quality_evidence_not_structurally_captured
ChIJiRrFiaqMGGARdeoxdPm4ed4,Shinsen Kappo Sanoya,Japanese kappo omakase,Shibuya Initial,72.25,78.37,78.37,0.0,public-v3-local-discovery,91.66,0.0,0.0,0.0,0.0,91.66,91.66,91.66,44.95,100.0,61.53,44.95,100.0,61.53,78.37,0.0,78.37,78.37,78.37,76.87,0.0,0.0,0.0,-1.5,True,True,True,independent_single,False,False,,,True,,88.35,,,,,0,0,quality_review_themes_unavailable | negative_quality_evidence_not_structurally_captured
ChIJiSIpswXuGGAR9P79X5kO1Ts,Sushi Sakato,寿司,Suginami Initial,78.61,82.32,82.32,0.0,public-v3-local-discovery,73.67,1.0,1.0,1.0,1.0,74.67,74.67,74.67,85.5,100.0,85.38,85.5,100.0,88.53,83.11,0.79,83.56,83.56,83.56,84.25,1.24,1.24,1.24,1.93,True,True,True,independent_single,False,False,,,True,,88.35,"consistency/longevity +1: Neighborhood, long-running sushi restaurant with a loyal local following",,ameblo.jp | homemate-golf.com | lavietaste.com | tabelog.com,blog_platform | other_or_restaurant_controlled | review_or_reservation_platform,2,3,negative_quality_evidence_not_structurally_captured
ChIJiXA-Rl3tGGARl-BjDZ042Sc,Daruma Sushi,寿司,Shinjuku Initial,81.27,87.22,81.3,-5.92,public-v2-chain-classification,64.87,0.0,0.0,0.0,0.0,64.87,64.87,64.87,100.0,100.0,0.0,100.0,100.0,97.16,83.48,2.18,83.48,83.48,83.48,85.1,2.18,2.18,2.18,3.8,True,True,True,independent_single,False,False,,,True,,87.95,,,ekiten.jp | tabelog.com,review_or_reservation_platform,1,3,negative_quality_evidence_not_structurally_captured | local_audience | international_visibility | corporate_visibility
ChIJiZEf9ISNGGARNI4s4juo9sM,Red Door,American bar / dining bar,Toshima Initial,75.89,78.96,78.96,0.0,public-v3-local-discovery,66.41,0.0,0.0,0.0,0.0,66.41,66.41,66.41,92.26,94.0,84.53,92.26,100.0,91.87,81.69,2.73,81.69,81.69,81.69,82.96,2.73,2.73,2.73,4.0,True,True,True,independent_single,False,False,,,True,,81.15,,,,,0,0,quality_review_themes_unavailable | negative_quality_evidence_not_structurally_captured | specialist_restaurant
ChIJiZR3v55hGGARxcEEujTSXBg,Sasasaisai,おでん,Ota Initial,80.57,76.93,76.54,-0.39,public-v2-chain-classification,71.68,0.0,0.0,0.0,0.0,71.68,71.68,71.68,87.33,79.0,0.0,87.33,100.0,88.2,82.41,5.87,82.41,82.41,82.41,83.23,5.87,5.87,5.87,6.69,True,True,True,unknown,False,False,,,True,,75.55,,,ekiten.jp | wixsite.com | yahoo.co.jp,other_or_restaurant_controlled | review_or_reservation_platform,2,3,negative_quality_evidence_not_structurally_captured | chain_classification | local_audience | international_visibility | corporate_visibility
ChIJib9WBVH1GGAR4YoY65MuypE,Shin-zushi,Sushi restaurant,Ota Initial,68.15,72.58,72.58,0.0,public-v3-local-discovery,45.5,0.0,0.0,0.0,0.0,45.5,45.5,45.5,93.75,100.0,92.17,93.75,100.0,92.17,72.58,0.0,72.58,72.58,72.58,74.91,0.0,0.0,0.0,2.33,False,True,True,independent_single,False,False,,,True,,87.95,,,,,0,0,quality_review_themes_unavailable | negative_quality_evidence_not_structurally_captured
ChIJieOV6GjvGGARoMpvIECVJVw,Taishu Teppan Hinata,Izakaya,Suginami Initial,75.93,79.84,79.84,0.0,public-v3-local-discovery,75.8,0.0,0.0,0.0,0.0,75.8,75.8,75.8,79.32,94.0,78.92,79.32,100.0,85.64,82.42,2.58,82.42,82.42,82.42,82.91,2.58,2.58,2.58,3.07,True,True,True,independent_single,False,False,,,True,,72.95,,,,,0,0,quality_review_themes_unavailable | negative_quality_evidence_not_structurally_captured | specialist_restaurant
ChIJixR-tr6TGGAR0AI5IR7poNk,Shungyo Shunsai Bozu,Izakaya,Adachi Initial,66.13,73.28,73.28,0.0,public-v3-local-discovery,56.89,1.5,1.5,1.5,1.5,58.39,58.39,58.39,80.07,100.0,82.67,80.07,100.0,85.82,74.07,0.79,74.74,74.74,74.74,76.11,1.46,1.46,1.46,2.83,False,True,True,independent_single,False,False,,,True,,81.95,food/execution praise +1.5: Fresh seafood and sashimi are central to the menu,,adachiseiwa.co.jp | tabelog.com,other_or_restaurant_controlled | review_or_reservation_platform,1,1,negative_quality_evidence_not_structurally_captured
ChIJiy4zh0WNGGARLUF8gLwuNyk,Fukurou (Fukuro),居酒屋,Adachi Initial,60.59,71.03,71.03,0.0,public-v3-local-discovery,49.18,0.0,0.0,0.0,0.0,49.18,49.18,49.18,84.22,94.0,88.65,84.22,100.0,92.94,73.0,1.97,73.0,73.0,73.0,75.19,1.97,1.97,1.97,4.16,False,True,True,independent_single,False,False,,,True,,87.95,,,,,0,0,quality_review_themes_unavailable | negative_quality_evidence_not_structurally_captured | specialist_restaurant
ChIJizEoVl6NGGAR2hZeOrG5pDE,Kabuto,うなぎ,Toshima Initial,60.99,72.44,72.44,0.0,public-v3-local-discovery,69.22,1.5,1.5,1.5,1.5,70.72,70.72,70.72,61.95,100.0,68.0,61.95,100.0,71.18,73.24,0.8,73.91,73.91,73.91,73.93,1.47,1.47,1.47,1.49,False,True,True,independent_single,False,False,,,True,,88.35,food/execution praise +1.5: Natural and farmed eel comparisons are a notable part of the experience,,3stars-deli.com | ameblo.jp | omakase.in,blog_platform | other_or_restaurant_controlled | review_or_reservation_platform,2,3,negative_quality_evidence_not_structurally_captured | local_audience
ChIJizaQ6G6IGGARzGHqrGdbhi0,Koshōya,Ramen restaurant,Koto Initial,63.39,70.74,70.74,0.0,public-v3-local-discovery,50.64,0.0,0.0,0.0,0.0,50.64,50.64,50.64,80.8,100.0,83.34,80.8,100.0,83.34,70.74,0.0,70.74,70.74,70.74,72.38,0.0,0.0,0.0,1.64,False,True,True,independent_single,False,False,,,True,,87.95,,,okamilernoboyaki.com | wanderlog.com,other_or_restaurant_controlled | review_or_reservation_platform,1,2,negative_quality_evidence_not_structurally_captured
ChIJj-RXUt2NGGARHBDI9uKC4rI,Yakiniku Seiko-en Bettei Ruau,Yakiniku,Toshima Initial,62.48,60.36,60.36,0.0,public-v3-local-discovery,53.79,0.0,0.0,0.0,0.0,53.79,53.79,53.79,62.04,64.5,68.69,62.04,64.5,71.84,61.15,0.79,61.15,61.15,61.15,62.05,0.79,0.79,0.79,1.69,False,True,True,small_group_distinct_concept,False,False,,,True,,88.35,,,,other_or_restaurant_controlled | review_or_reservation_platform,0,3,no_independently_corroborated_food_quality_theme | negative_quality_evidence_not_structurally_captured
ChIJj0BBoRRhGGARJcTpDUqwhn4,Taishu Sakana Kubikashige,Izakaya,Ota Initial,67.01,67.05,67.05,0.0,public-v3-local-discovery,58.48,1.5,1.5,1.5,1.5,59.98,59.98,59.98,78.39,73.0,72.12,78.39,100.0,80.39,73.17,6.12,73.85,73.85,73.85,74.87,6.8,6.8,6.8,7.82,False,True,True,unknown,False,False,,,True,,81.15,food/execution praise +1.5: Oden is frequently mentioned as a notable dish,,ameba.jp | tabelog.com | yahoo.co.jp,other_or_restaurant_controlled | review_or_reservation_platform,2,3,same_source_family_themes_excluded:1 | negative_quality_evidence_not_structurally_captured | chain_classification | specialist_restaurant
ChIJj4M4AjaNGGARLTSHK0tr3RA,BASSANOVA Harajuku,Ramen restaurant,Shibuya Initial,76.61,71.9,71.9,0.0,public-v3-local-discovery,69.16,0.0,0.0,0.0,0.0,69.16,69.16,69.16,75.59,74.5,73.06,75.59,74.5,73.06,71.9,0.0,71.9,71.9,71.9,72.1,0.0,0.0,0.0,0.2,False,True,True,small_group_distinct_concept,False,False,,,True,,87.95,,,corner.inc | dessa-allergy.com | omoharareal.com | wanderlog.com,other_or_restaurant_controlled | review_or_reservation_platform,2,3,negative_quality_evidence_not_structurally_captured
ChIJj6VDCwDtGGARQMivgTEACDo,Taiyaki Isuzu,Taiyaki,Suginami Initial,81.31,83.45,83.45,0.0,public-v3-local-discovery,72.77,0.0,0.0,0.0,0.0,72.77,72.77,72.77,95.4,100.0,85.57,95.4,100.0,93.77,85.5,2.05,85.5,85.5,85.5,86.55,2.05,2.05,2.05,3.1,True,True,True,independent_single,False,False,,,True,,69.95,,,,,0,0,quality_review_themes_unavailable | negative_quality_evidence_not_structurally_captured | local_audience | international_visibility | corporate_visibility
ChIJj8gsaQBhGGARlxeOOAWHztk,KANPAI KAMATA,Indian and Nepali restaurant,Ota Initial,73.77,71.19,71.19,0.0,public-v3-local-discovery,63.4,0.0,0.0,0.0,0.0,63.4,63.4,63.4,76.57,79.0,77.28,76.57,100.0,83.04,75.78,4.59,75.78,75.78,75.78,76.76,4.59,4.59,4.59,5.57,False,True,True,unknown,False,False,,,True,,87.55,,,,,0,0,quality_review_themes_unavailable | negative_quality_evidence_not_structurally_captured | chain_classification
ChIJj9mVCfGIGGARrHMGjYNu7p0,Mitaka Soba,soba,Koto Initial,63.5,66.19,66.19,0.0,public-v3-local-discovery,52.0,0.0,0.0,0.0,0.0,52.0,52.0,52.0,81.15,79.0,75.09,81.15,100.0,80.3,70.65,4.46,70.65,70.65,70.65,72.06,4.46,4.46,4.46,5.87,False,True,True,unknown,False,False,,,True,,80.75,,,,,0,0,quality_review_themes_unavailable | negative_quality_evidence_not_structurally_captured | chain_classification
ChIJjRMDWZWNGGAR4q3x0njys2c,Mother India Otemachi,Indian restaurant,Chiyoda Initial,78.72,73.79,73.79,0.0,public-v3-local-discovery,81.31,0.0,0.0,0.0,0.0,81.31,81.31,81.31,55.29,74.5,70.94,55.29,74.5,70.94,73.79,0.0,73.79,73.79,73.79,73.27,0.0,0.0,0.0,-0.52,False,True,True,small_group_distinct_concept,False,False,,,True,,88.35,,,,,0,0,quality_review_themes_unavailable | negative_quality_evidence_not_structurally_captured
ChIJjSjoVd9jGGARfFVPF8HNJBk,WithGreen Haneda Airport Terminal 1 Store,Salad bowl specialty restaurant,Ota Initial,65.08,63.94,63.94,0.0,public-v3-local-discovery,75.73,0.0,0.0,0.0,0.0,75.73,75.73,75.73,49.45,61.0,53.17,49.45,40.0,48.97,59.74,-4.2,59.74,59.74,59.74,58.4,-4.2,-4.2,-4.2,-5.54,False,True,True,unknown,False,False,,,True,,88.35,,,,,0,0,quality_review_themes_unavailable | negative_quality_evidence_not_structurally_captured | chain_classification
ChIJjUIzJVuLGGARAsdX17UJHbc,Diamond Myanmar,Myanmar cuisine,Koto Initial,74.48,76.96,76.96,0.0,public-v3-local-discovery,66.04,0.0,0.0,0.0,0.0,66.04,66.04,66.04,80.87,100.0,80.46,80.87,100.0,83.61,77.75,0.79,77.75,77.75,77.75,78.63,0.79,0.79,0.79,1.67,True,True,True,independent_single,False,False,,,True,,72.95,,,,,0,0,quality_review_themes_unavailable | negative_quality_evidence_not_structurally_captured
ChIJjVJR1fWJGGARS3E4NYCUOpo,Tarlum Bianco Odaiba,Italian restaurant,Minato Initial,64.18,56.66,56.66,0.0,public-v3-local-discovery,43.26,0.0,0.0,0.0,0.0,43.26,43.26,43.26,69.03,73.0,63.57,69.03,100.0,67.4,61.67,5.01,61.67,61.67,61.67,62.88,5.01,5.01,5.01,6.22,False,True,True,unknown,False,False,,,True,,87.95,,,gnavi.co.jp | retty.me | tabelog.com,other_or_restaurant_controlled | review_or_reservation_platform,1,2,negative_quality_evidence_not_structurally_captured | chain_classification | specialist_restaurant | local_audience
ChIJjY-9NACPGGART-0mkBaSsBU,Nepal・India Restaurant & Bar Tika Devi,インド・ネパール料理,Adachi Initial,70.37,70.36,70.36,0.0,public-v3-local-discovery,61.36,0.0,0.0,0.0,0.0,61.36,61.36,61.36,82.6,79.0,74.05,82.6,100.0,79.0,74.75,4.39,74.75,74.75,74.75,75.63,4.39,4.39,4.39,5.27,False,True,True,unknown,False,False,,,True,,87.95,,,,,0,0,quality_review_themes_unavailable | negative_quality_evidence_not_structurally_captured | chain_classification
ChIJjY7yJguLGGARb7htlAt-6cQ,Serenita,Italian restaurant,Minato Initial,76.86,76.98,76.98,0.0,public-v3-local-discovery,65.28,0.0,0.0,0.0,0.0,65.28,65.28,65.28,81.86,94.0,84.92,81.86,100.0,88.8,78.86,1.88,78.86,78.86,78.86,80.03,1.88,1.88,1.88,3.05,True,True,True,independent_single,False,False,,,True,,87.95,,,hamoni.jp | homemate-golf.com | tabelog.com,blog_platform | other_or_restaurant_controlled | review_or_reservation_platform,1,3,negative_quality_evidence_not_structurally_captured | specialist_restaurant
ChIJjYVHPgDvGGARDfBKzP2-1FQ,Chuka Kashokusaikan Tsuki,中華料理,Suginami Initial,61.75,67.53,67.53,0.0,public-v3-local-discovery,53.02,2.0,2.0,2.0,2.0,55.02,55.02,55.02,62.81,100.0,76.99,62.81,100.0,80.14,68.32,0.79,69.22,69.22,69.22,70.47,1.69,1.69,1.69,2.94,False,True,True,independent_single,False,False,,,True,,87.95,specialist/craft evidence +2: Handmade dim sum and dumplings are central to the menu,,foodre.jp | tabelog.com,other_or_restaurant_controlled | review_or_reservation_platform,2,3,negative_quality_evidence_not_structurally_captured
ChIJjb_Ei8rzGGARSiNWJBhA690,Torimasa,Yakitori restaurant,Shibuya Initial,79.18,82.93,82.93,0.0,public-v3-local-discovery,66.66,0.0,0.0,0.0,0.0,66.66,66.66,66.66,96.5,100.0,93.84,96.5,100.0,93.84,82.93,0.0,82.93,82.93,82.93,84.29,0.0,0.0,0.0,1.36,True,True,True,independent_single,False,False,,,True,,81.55,,,lavietaste.com | saka-navi.com,other_or_restaurant_controlled | review_or_reservation_platform,1,3,negative_quality_evidence_not_structurally_captured
ChIJjeUE1hyLGGARrTB_3QOFq3g,La Maison Confortable,French restaurant,Minato Initial,72.56,74.39,74.39,0.0,public-v3-local-discovery,73.65,0.0,0.0,0.0,0.0,73.65,73.65,73.65,58.55,100.0,69.87,58.55,100.0,69.87,74.39,0.0,74.39,74.39,74.39,74.2,0.0,0.0,0.0,-0.19,False,True,True,independent_single,False,False,,,True,,88.35,,,,,0,0,quality_review_themes_unavailable | negative_quality_evidence_not_structurally_captured
ChIJjx4hbn7zGGARkMZrEwliFBc,Naniwa,お好み焼き,Setagaya Initial,71.67,76.74,76.74,0.0,public-v3-local-discovery,58.3,0.0,0.0,0.0,0.0,58.3,58.3,58.3,91.11,100.0,87.37,91.11,100.0,90.52,77.53,0.79,77.53,77.53,77.53,79.14,0.79,0.79,0.79,2.4,True,True,True,independent_single,False,False,,,True,,87.95,,,,other_or_restaurant_controlled | review_or_reservation_platform,0,3,no_independently_corroborated_food_quality_theme | same_source_family_themes_excluded:1 | negative_quality_evidence_not_structurally_captured
ChIJjyTcRJONGGARuYUHobKmB0E,Sunao Asian Dining Sendagi,Indian and Nepalese restaurant,Taito,84.56,80.18,80.18,0.0,public-v3-local-discovery,83.26,0.0,0.0,0.0,0.0,83.26,83.26,83.26,86.82,71.0,76.16,86.82,73.33,81.64,81.9,1.72,81.9,81.9,81.9,81.82,1.72,1.72,1.72,1.64,True,True,True,unknown,False,False,,,True,,81.95,,,,,0,0,quality_review_themes_unavailable | negative_quality_evidence_not_structurally_captured | chain_classification
ChIJjyzQdy2LGGARCY3epq_FSqg,KEI Collection PARIS,French grill gastronomy restaurant,Minato Initial,66.41,68.73,68.73,0.0,public-v3-local-discovery,74.51,0.0,0.0,0.0,0.0,74.51,74.51,74.51,51.95,82.5,60.15,51.95,82.5,60.15,68.73,0.0,68.73,68.73,68.73,68.02,0.0,0.0,0.0,-0.71,False,True,True,small_group_distinct_concept,False,False,,,True,,88.35,,,,,0,0,quality_review_themes_unavailable | negative_quality_evidence_not_structurally_captured
ChIJjzOyEQCLGGAR8BA5HSSfpMo,Tsukiji Fish Market,fish market,Chuo Initial,77.7,65.86,65.86,0.0,public-v3-local-discovery,65.71,0.0,0.0,0.0,0.0,65.71,65.71,65.71,65.18,73.0,62.24,65.18,100.0,61.77,69.79,3.93,69.79,69.79,69.79,69.59,3.93,3.93,3.93,3.73,False,True,True,unknown,False,False,,,True,,55.95,,,,,0,0,quality_review_themes_unavailable | negative_quality_evidence_not_structurally_captured | chain_classification | specialist_restaurant
ChIJk-mpTL-OGGARa10bOQMlEEU,Rastaman's Cafe,Bar,Taito Initial,77.66,76.45,76.45,0.0,public-v3-local-discovery,97.41,0.0,0.0,0.0,0.0,97.41,97.41,97.41,50.51,72.5,56.65,50.51,76.11,57.39,77.17,0.72,77.17,77.17,77.17,75.17,0.72,0.72,0.72,-1.28,True,True,True,small_group_distinct_concept,False,False,,,True,,72.55,,,tabelog.com | wanderlog.com,other_or_restaurant_controlled | review_or_reservation_platform,1,3,negative_quality_evidence_not_structurally_captured | specialist_restaurant
ChIJk-qN3a2JGGARp3j8Ly7DZjk,Taiseien,焼肉,Koto Initial,60.14,68.17,68.17,0.0,public-v3-local-discovery,51.29,0.0,0.0,0.0,0.0,51.29,51.29,51.29,71.58,100.0,77.42,71.58,100.0,80.57,68.96,0.79,68.96,68.96,68.96,70.42,0.79,0.79,0.79,2.25,False,True,True,independent_single,False,False,,,True,,88.35,,,,blog_platform | other_or_restaurant_controlled | review_or_reservation_platform,0,4,no_independently_corroborated_food_quality_theme | same_source_family_themes_excluded:2 | negative_quality_evidence_not_structurally_captured
ChIJk8qFcsCPGGARF-boYCILN80,Kikuharu,居酒屋,Taito Initial,75.87,77.29,77.29,0.0,public-v3-local-discovery,59.17,0.0,0.0,0.0,0.0,59.17,59.17,59.17,95.56,94.0,88.9,95.56,100.0,93.22,79.27,1.98,79.27,79.27,79.27,80.97,1.98,1.98,1.98,3.68,True,True,True,independent_single,False,False,,,True,,82.35,,,,,0,0,quality_review_themes_unavailable | negative_quality_evidence_not_structurally_captured | specialist_restaurant
ChIJk90LuLKMGGARWNLyTg-s2VM,Jinroku,Izakaya,Shibuya Initial,73.19,71.71,71.71,0.0,public-v3-local-discovery,53.48,0.0,0.0,0.0,0.0,53.48,53.48,53.48,84.49,94.0,83.5,84.49,100.0,90.72,74.42,2.71,74.42,74.42,74.42,76.28,2.71,2.71,2.71,4.57,False,True,True,independent_single,False,False,,,True,,87.95,,,bunshun.jp | popeyemagazine.jp | retty.me,other_or_restaurant_controlled | review_or_reservation_platform,1,2,negative_quality_evidence_not_structurally_captured | specialist_restaurant
ChIJkTBNt77xGGAR02Mr3uRE1Hg,Korean Cuisine Mashihana,Korean barbecue and Korean cuisine,Setagaya Initial,62.66,66.35,66.35,0.0,public-v3-local-discovery,41.37,0.0,0.0,0.0,0.0,41.37,41.37,41.37,78.36,100.0,83.91,78.36,100.0,87.06,67.14,0.79,67.14,67.14,67.14,69.42,0.79,0.79,0.79,3.07,False,True,True,independent_single,False,False,,,True,,87.95,,,hotpepper.jp | yahoo.co.jp,other_or_restaurant_controlled | review_or_reservation_platform,1,2,negative_quality_evidence_not_structurally_captured
ChIJkU92b5LzGGAR1tZS-aMZSu0,Ajisaitei ROCCO,洋食,Shibuya Initial,71.39,73.23,73.23,0.0,public-v3-local-discovery,54.28,0.0,0.0,0.0,0.0,54.28,54.28,54.28,89.53,94.0,85.08,89.53,100.0,92.48,75.98,2.75,75.98,75.98,75.98,77.89,2.75,2.75,2.75,4.66,False,True,True,independent_single,False,False,,,True,,87.95,,,,,0,0,quality_review_themes_unavailable | negative_quality_evidence_not_structurally_captured | specialist_restaurant
ChIJkVn9JLqTGGARZ_AcxHjB_nA,Hatsudai Pintxos Senmon Bar HOLA!HOLA!,Spanish bar,Shibuya Initial,77.37,82.98,82.98,0.0,public-v3-local-discovery,83.78,0.0,0.0,0.0,0.0,83.78,83.78,83.78,74.12,100.0,76.65,74.12,100.0,81.36,84.16,1.18,84.16,84.16,84.16,84.04,1.18,1.18,1.18,1.06,True,True,True,independent_single,False,False,,,True,,88.35,,,,,0,0,quality_review_themes_unavailable | negative_quality_evidence_not_structurally_captured | local_audience
ChIJkVzAyuGLGGARr0A576bbmtc,Sosaku Washoku TAMA,創作和食,Chuo Initial,66.07,72.9,72.9,0.0,public-v3-local-discovery,57.98,1.5,1.5,1.5,1.5,59.48,59.48,59.48,74.2,100.0,82.7,74.2,100.0,82.7,72.9,0.0,73.57,73.57,73.57,74.73,0.67,0.67,0.67,1.83,False,True,True,independent_single,False,False,,,True,,82.35,food/execution praise +1.5: Seasonal creative Japanese cooking with carefully sourced vegetables and seafood,,chuo9.tokyo | ginzadelunch.jp | wasyoku-tama.com,other_or_restaurant_controlled,2,3,negative_quality_evidence_not_structurally_captured
ChIJkXe8ct6PGGARn4AMSZYxIQw,Yakiniku Horumon Hiromaru,Yakiniku restaurant,Adachi Initial,71.16,72.48,72.48,0.0,public-v3-local-discovery,73.65,1.5,1.5,1.5,1.5,75.15,75.15,75.15,64.65,78.5,71.47,64.65,78.5,74.62,73.27,0.79,73.94,73.94,73.94,73.92,1.46,1.46,1.46,1.44,False,True,True,small_group_distinct_concept,False,False,,,True,,88.35,food/execution praise +1.5: Freshness and careful preparation of horumon and other meat cuts,,owst.jp | tokyo.jp,government_or_local_official | other_or_restaurant_controlled,1,1,negative_quality_evidence_not_structurally_captured
ChIJk_rW-eWLGGARZ9X-Oo0WlPE,Sushi Sakamoto Ginza,Sushi restaurant,Chuo Initial,65.02,65.89,65.89,0.0,public-v3-local-discovery,58.51,1.5,1.5,1.5,1.5,60.01,60.01,60.01,51.22,100.0,67.53,51.22,100.0,67.53,65.9,0.01,66.57,66.57,66.57,66.95,0.68,0.68,0.68,1.06,False,True,True,independent_single,False,False,,,True,,88.35,food/execution praise +1.5: Seasonal seafood and carefully prepared sushi,,sushisakamoto.com | tabelog.com,other_or_restaurant_controlled | review_or_reservation_platform,1,3,negative_quality_evidence_not_structurally_captured
ChIJkaoKMvKIGGAR3tWB6F9Q_7Y,Futaba Sushi,Sushi restaurant,Koto Initial,72.99,75.26,75.26,0.0,public-v3-local-discovery,53.83,0.0,0.0,0.0,0.0,53.83,53.83,53.83,90.93,100.0,89.58,90.93,100.0,92.73,76.05,0.79,76.05,76.05,76.05,77.99,0.79,0.79,0.79,2.73,True,True,True,independent_single,False,False,,,True,,88.35,,,,other_or_restaurant_controlled | review_or_reservation_platform,0,1,no_independently_corroborated_food_quality_theme | negative_quality_evidence_not_structurally_captured
ChIJkc5FhO2OGGARBjtODt0S1Go,Masumi Zushi,寿司,Taito,83.52,82.55,82.53,-0.02,public-v2-chain-classification,72.4,0.0,0.0,0.0,0.0,72.4,72.4,72.4,91.5,100.0,0.0,91.5,100.0,92.74,84.49,1.96,84.49,84.49,84.49,85.51,1.96,1.96,1.96,2.98,True,True,True,independent_single,False,False,,,True,,87.95,,,tabelog.com | yahoo.co.jp,other_or_restaurant_controlled | review_or_reservation_platform,1,3,negative_quality_evidence_not_structurally_captured | local_audience | international_visibility | corporate_visibility
ChIJkeIVcimNGGARvZDTJkIEUTw,Kangien,和食,Shibuya Initial,73.82,76.11,76.11,0.0,public-v3-local-discovery,79.99,0.0,0.0,0.0,0.0,79.99,79.99,79.99,68.93,82.5,69.62,68.93,82.5,69.62,76.12,0.01,76.12,76.12,76.12,75.6,0.01,0.01,0.01,-0.51,True,True,True,small_group_distinct_concept,False,False,,,True,,82.35,,,,,0,0,quality_review_themes_unavailable | negative_quality_evidence_not_structurally_captured
ChIJkfc8AZyNGGARfGBM1TmY5nM,Hirayoshi,居酒屋,Toshima Initial,66.78,70.88,70.88,0.0,public-v3-local-discovery,59.62,0.0,0.0,0.0,0.0,59.62,59.62,59.62,66.18,100.0,76.51,66.18,100.0,79.66,71.67,0.79,71.67,71.67,71.67,72.67,0.79,0.79,0.79,1.79,False,True,True,independent_single,False,False,,,True,,87.95,,,gnavi.co.jp | hotpepper.jp,blog_platform | other_or_restaurant_controlled | review_or_reservation_platform,2,3,negative_quality_evidence_not_structurally_captured
ChIJl49HlUCLGGARVpL8teK9vfY,Nihonshu × Wine Nonbee Ebisu,居酒屋,Shibuya Initial,67.69,72.28,72.28,0.0,public-v3-local-discovery,67.71,0.0,0.0,0.0,0.0,67.71,67.71,67.71,64.5,94.0,72.16,64.5,100.0,78.12,74.67,2.39,74.67,74.67,74.67,75.19,2.39,2.39,2.39,2.91,False,True,True,independent_single,False,False,,,True,,82.35,,,foodre.jp | retty.me | tabelog.com,other_or_restaurant_controlled | review_or_reservation_platform,2,3,negative_quality_evidence_not_structurally_captured | specialist_restaurant
ChIJlQ0IwcOIGGAROxb5XnJB01c,Washoku Dining Takechan,Izakaya,Koto Initial,67.16,72.66,72.66,0.0,public-v3-local-discovery,58.28,0.0,0.0,0.0,0.0,58.28,58.28,58.28,83.64,94.0,79.15,83.64,100.0,85.89,75.24,2.58,75.24,75.24,75.24,76.62,2.58,2.58,2.58,3.96,False,True,True,independent_single,False,False,,,True,,81.95,,,,other_or_restaurant_controlled | review_or_reservation_platform,0,2,no_independently_corroborated_food_quality_theme | negative_quality_evidence_not_structurally_captured | specialist_restaurant
ChIJlSqQiXftGGARfavSYg7Npck,Hormones and Sake Harutaya,Yakiniku / offal barbecue restaurant,Suginami Initial,65.25,69.53,69.53,0.0,public-v3-local-discovery,68.08,0.0,0.0,0.0,0.0,68.08,68.08,68.08,63.98,82.5,67.67,63.98,82.5,70.82,70.31,0.78,70.31,70.31,70.31,70.45,0.78,0.78,0.78,0.92,False,True,True,small_group_distinct_concept,False,False,,,True,,88.35,,,horumon-sake-harutaya.com | hotpepper.jp | tabelog.com,other_or_restaurant_controlled | review_or_reservation_platform,1,3,negative_quality_evidence_not_structurally_captured
ChIJlTTZeJ-LGGAR3wTysDYye1o,Uo BAR Ippo Azabujuban,Izakaya / seafood bar,Minato Initial,64.03,67.79,67.79,0.0,public-v3-local-discovery,50.85,1.5,1.5,1.5,1.5,52.35,52.35,52.35,71.77,100.0,76.55,71.77,100.0,81.24,68.96,1.17,69.63,69.63,69.63,71.08,1.84,1.84,1.84,3.29,False,True,True,independent_single,False,False,,,True,,87.55,food/execution praise +1.5: Fresh fish and seafood dishes,,line.me | tabelog.com | wanderlog.com,other_or_restaurant_controlled | review_or_reservation_platform,2,4,negative_quality_evidence_not_structurally_captured | local_audience
ChIJlVU1aJqOGGARXrzT_uwqvAQ,YAKITORI DINER VENOM Mu,焼き鳥,Taito Initial,73.26,76.3,76.3,0.0,public-v3-local-discovery,54.93,0.0,0.0,0.0,0.0,54.93,54.93,54.93,94.71,100.0,89.49,94.71,100.0,92.64,77.08,0.78,77.08,77.08,77.08,78.97,0.78,0.78,0.78,2.67,True,True,True,independent_single,False,False,,,True,,87.55,,,,,0,0,quality_review_themes_unavailable | negative_quality_evidence_not_structurally_captured
ChIJlY1V95CNGGARj2mGQZvc7q4,TOKYO Banh Mi Stand,ベトナム料理・サンドイッチ,Shinjuku Initial,76.85,84.38,84.38,0.0,public-v3-local-discovery,89.49,1.5,1.5,1.5,1.5,90.99,90.99,90.99,68.16,100.0,75.53,68.16,100.0,78.68,85.16,0.78,85.84,85.84,85.84,85.22,1.46,1.46,1.46,0.84,True,True,True,independent_single,False,False,,,True,,73.35,"food/execution praise +1.5: Crisp bread paired with house-prepared pickles, herbs, and substantial fillings",,ethnic-magazine.com | tabelog.com,other_or_restaurant_controlled | review_or_reservation_platform,1,2,negative_quality_evidence_not_structurally_captured
ChIJlYd5DQCJGGARB4dlxRyGQFA,Chongqing Shokudo,Chinese restaurant,Koto Initial,76.9,78.94,78.94,0.0,public-v3-local-discovery,57.2,0.0,0.0,0.0,0.0,57.2,57.2,57.2,100.0,100.0,92.8,100.0,100.0,95.95,79.73,0.79,79.73,79.73,79.73,81.67,0.79,0.79,0.79,2.73,True,True,True,independent_single,False,False,,,True,,75.55,,,,,0,0,quality_review_themes_unavailable | negative_quality_evidence_not_structurally_captured
ChIJlYy0RwCPGGARkaVy6x9E0_U,Kuroge Wagyu Ichinoya Asakusa Denbouin,和牛焼きおにぎり・ライスバーガー専門店,Taito Initial,68.3,62.91,62.91,0.0,public-v3-local-discovery,47.58,0.0,0.0,0.0,0.0,47.58,47.58,47.58,68.07,82.5,75.65,68.07,82.5,75.65,62.91,0.0,62.91,62.91,62.91,64.31,0.0,0.0,0.0,1.4,False,True,True,small_group_distinct_concept,False,False,,,True,,84.2,,,hatenablog.com | macaro-ni.jp | retty.me | tabelog.com,other_or_restaurant_controlled | review_or_reservation_platform,1,3,negative_quality_evidence_not_structurally_captured
ChIJlblhOgDzGGAR-WAnH8QNSSA,Wine and Food ohako,ワインバル・イタリアン,Setagaya Initial,81.97,85.56,83.93,-1.63,public-v2-chain-classification,72.96,0.0,0.0,0.0,0.0,72.96,72.96,72.96,96.56,100.0,0.0,96.56,100.0,94.81,86.02,2.09,86.02,86.02,86.02,87.11,2.09,2.09,2.09,3.18,True,True,True,independent_single,False,False,,,True,,87.55,,,retty.me | tabelog.com,review_or_reservation_platform,2,3,negative_quality_evidence_not_structurally_captured | local_audience | international_visibility | corporate_visibility
ChIJldZpdN2LGGARdsW9hD3RgUs,Gorio,Steakhouse,Chuo Initial,69.75,69.92,69.92,0.0,public-v3-local-discovery,74.91,2.0,2.0,2.0,2.0,76.91,76.91,76.91,56.17,82.5,61.64,56.17,82.5,63.7,70.44,0.52,71.33,71.33,71.33,70.67,1.41,1.41,1.41,0.75,False,True,True,small_group_distinct_concept,False,False,,,True,,82.35,specialist/craft evidence +2: Specialist Tajima or Kobe-style beef steak is the central draw,,co.uk | tabelog.com | wanderlog.com,other_or_restaurant_controlled | review_or_reservation_platform,1,4,negative_quality_evidence_not_structurally_captured | local_audience
ChIJlxRzV16NGGAR_MzJ2wGvOjU,Danji,韓国料理,Toshima Initial,76.06,81.5,81.5,0.0,public-v3-local-discovery,72.21,0.0,0.0,0.0,0.0,72.21,72.21,72.21,81.75,100.0,86.96,81.75,100.0,86.96,81.5,0.0,81.5,81.5,81.5,82.23,0.0,0.0,0.0,0.73,True,True,True,independent_single,False,False,,,True,,87.95,,,,review_or_reservation_platform,0,2,no_independently_corroborated_food_quality_theme | negative_quality_evidence_not_structurally_captured
ChIJlxnWE0jzGGARf4AD0zzBcRE,Matsushima,Chinese restaurant,Shinjuku,83.44,79.24,81.21,1.97,public-v2-chain-classification,77.59,0.0,0.0,0.0,0.0,77.59,77.59,77.59,77.0,100.0,0.0,77.0,100.0,84.18,82.51,1.3,82.51,82.51,82.51,82.84,1.3,1.3,1.3,1.63,True,True,True,independent_single,False,False,,,True,,87.95,,,getnavi.jp | tabelog.com | top-rated.online,other_or_restaurant_controlled | review_or_reservation_platform,1,3,negative_quality_evidence_not_structurally_captured | local_audience | international_visibility | corporate_visibility
ChIJlycbUC-QGGARaMUbKyNazVo,AKINAI,Izakaya,Adachi Initial,60.43,70.15,70.15,0.0,public-v3-local-discovery,48.5,0.0,0.0,0.0,0.0,48.5,48.5,48.5,81.45,100.0,84.43,81.45,100.0,84.43,70.15,0.0,70.15,70.15,70.15,71.95,0.0,0.0,0.0,1.8,False,True,True,independent_single,False,False,,,True,,81.95,,,,,0,0,quality_review_themes_unavailable | negative_quality_evidence_not_structurally_captured
ChIJm-84OQCLGGARWwOEbB0GGuA,Tsukiji Ihachi Nigo,倭料理・和食,Chuo Initial,80.1,72.2,72.2,0.0,public-v3-local-discovery,75.63,0.0,0.0,0.0,0.0,75.63,75.63,75.63,64.73,75.0,68.82,64.73,86.67,72.32,74.82,2.62,74.82,74.82,74.82,74.66,2.62,2.62,2.62,2.46,False,True,True,unknown,False,True,confirmed_address_identity_conflict,,False,critical:confirmed_address_identity_conflict,48.95,,,,,0,0,quality_review_themes_unavailable | negative_quality_evidence_not_structurally_captured | chain_classification | local_audience | international_visibility | corporate_visibility
ChIJm0NCZEGTGGARb_vxdMvBLW0,Ichifuji,Izakaya,Toshima Initial,73.57,75.98,75.98,0.0,public-v3-local-discovery,59.12,0.0,0.0,0.0,0.0,59.12,59.12,59.12,93.96,94.0,84.73,93.96,100.0,92.09,78.72,2.74,78.72,78.72,78.72,80.37,2.74,2.74,2.74,4.39,True,True,True,independent_single,False,False,,,True,,81.95,,,,,0,0,quality_review_themes_unavailable | negative_quality_evidence_not_structurally_captured | specialist_restaurant
ChIJm2KyXACLGGARwvlKkHRjIpc,Yakiniku Ao,焼肉,Shibuya Initial,72.78,78.1,78.1,0.0,public-v3-local-discovery,84.08,0.0,0.0,0.0,0.0,84.08,84.08,84.08,55.46,100.0,67.79,55.46,100.0,70.94,78.89,0.79,78.89,78.89,78.89,78.23,0.79,0.79,0.79,0.13,True,True,True,independent_single,False,False,,,True,,88.35,,,ikyu.com | tabelog.com,review_or_reservation_platform,1,1,negative_quality_evidence_not_structurally_captured
ChIJm5vyS-RgGGARzppKSUjyc1E,Sushikatsu Minamirokugo,寿司,Ota Initial,66.95,73.55,73.55,0.0,public-v3-local-discovery,65.69,0.0,0.0,0.0,0.0,65.69,65.69,65.69,68.5,100.0,74.84,68.5,100.0,79.22,74.64,1.09,74.64,74.64,74.64,75.32,1.09,1.09,1.09,1.77,False,True,True,independent_single,False,False,,,True,,87.95,,,,,0,0,quality_review_themes_unavailable | negative_quality_evidence_not_structurally_captured | local_audience
ChIJm685pUvzGGARLllG7zxpMVM,Sumiyaki Unafuji Tokyo Opera City Branch,Unagi restaurant,Shibuya Initial,68.96,69.28,69.28,0.0,public-v3-local-discovery,84.88,3.5,3.5,3.5,3.5,88.38,88.38,88.38,44.63,64.5,58.86,44.63,64.5,58.86,69.28,0.0,70.86,70.86,70.86,69.38,1.58,1.58,1.58,0.1,False,True,True,small_group_distinct_concept,False,False,,,True,,88.35,food/execution praise +1.5: Charcoal-grilled eel with crisp exterior and tender interior | specialist/craft evidence +2: Charcoal-grilled eel with crisp exterior and tender interior,,sumiyaki-unafuji.com | tabelog.com | tokyooperacity.co.jp,government_or_local_official | other_or_restaurant_controlled | review_or_reservation_platform,2,3,negative_quality_evidence_not_structurally_captured
ChIJmRpWdgGJGGAR4fQZWuGv-Qw,Yukari Shokudo,定食屋・食堂,Koto Initial,61.76,69.9,69.9,0.0,public-v3-local-discovery,59.03,4.0,4.0,4.0,4.0,63.03,63.03,63.03,74.23,94.0,72.4,74.23,100.0,78.39,72.3,2.4,74.1,74.1,74.1,74.86,4.2,4.2,4.2,4.96,False,True,True,independent_single,False,False,,,True,,87.55,specialist/craft evidence +2: Charcoal-grilled chicken is a recurring specialty | signature-dish reputation +2: Charcoal-grilled chicken is a recurring specialty,,tabelog.com | yahoo.co.jp,other_or_restaurant_controlled | review_or_reservation_platform,1,3,negative_quality_evidence_not_structurally_captured | specialist_restaurant
ChIJmTUeSHftGGARbCT-3qPW6q0,Craft Beer Stand Chu,ビアバー,Toshima Initial,76.16,80.09,80.09,0.0,public-v3-local-discovery,68.99,0.0,0.0,0.0,0.0,68.99,68.99,68.99,84.45,100.0,85.5,84.45,100.0,88.65,80.88,0.79,80.88,80.88,80.88,81.86,0.79,0.79,0.79,1.77,True,True,True,independent_single,False,False,,,True,,82.35,,,,,0,0,quality_review_themes_unavailable | negative_quality_evidence_not_structurally_captured
ChIJmUqIOACLGGAReNydLZGKX80,Tori Nanba,焼き鳥,Minato Initial,76.37,77.66,77.66,0.0,public-v3-local-discovery,83.38,0.0,0.0,0.0,0.0,83.38,83.38,83.38,68.16,82.5,70.15,68.16,82.5,73.3,78.44,0.78,78.44,78.44,78.44,77.94,0.78,0.78,0.78,0.28,True,True,True,small_group_distinct_concept,False,False,,,True,,81.95,,,,review_or_reservation_platform,0,3,no_independently_corroborated_food_quality_theme | same_source_family_themes_excluded:3 | negative_quality_evidence_not_structurally_captured
ChIJmUxCWCyPGGARuzfI05FIP7E,Manpuku Gyoza,中華料理,Taito Initial,68.54,65.24,65.24,0.0,public-v3-local-discovery,48.77,0.0,0.0,0.0,0.0,48.77,48.77,48.77,86.74,73.0,77.34,86.74,100.0,87.84,71.92,6.68,71.92,71.92,71.92,73.87,6.68,6.68,6.68,8.63,False,True,True,unknown,False,False,,,True,,81.95,,,hotpepper.jp | tabelog.com,review_or_reservation_platform,1,1,negative_quality_evidence_not_structurally_captured | chain_classification | specialist_restaurant
ChIJmUxFaWOMGGARv_DpPI0LXX8,Sushi Shinpa,Sushi restaurant,Chiyoda Initial,78.32,78.55,78.55,0.0,public-v3-local-discovery,79.24,0.0,0.0,0.0,0.0,79.24,79.24,79.24,63.38,100.0,73.54,63.38,100.0,73.54,78.55,0.0,78.55,78.55,78.55,78.27,0.0,0.0,0.0,-0.28,True,True,True,independent_single,False,False,,,True,,88.35,,,,,0,0,quality_review_themes_unavailable | negative_quality_evidence_not_structurally_captured
ChIJmYLx65byGGARNGuFxH6t6aM,Ten,bar and restaurant,Suginami Initial,76.87,78.84,78.84,0.0,public-v3-local-discovery,71.71,3.5,3.5,3.5,3.5,75.21,75.21,75.21,83.62,94.0,79.69,83.62,100.0,86.49,81.44,2.6,83.01,83.01,83.01,83.57,4.17,4.17,4.17,4.73,True,True,True,independent_single,False,False,,,True,,88.35,food/execution praise +1.5: Napolitan is highlighted as a notable Western-style dish | signature-dish reputation +2: Spicy chicken curry is repeatedly identified as a signature dish,,aumo.jp | retty.me | sakura.ne.jp,other_or_restaurant_controlled | review_or_reservation_platform,3,4,negative_quality_evidence_not_structurally_captured | specialist_restaurant
ChIJmYMjG1PyGGARwDAtUyTA8eM,Kushiage Yakimono Zen,串揚げ・串焼き居酒屋,Suginami Initial,76.5,82.21,82.21,0.0,public-v3-local-discovery,72.51,0.0,0.0,0.0,0.0,72.51,72.51,72.51,83.72,100.0,88.1,83.72,100.0,88.1,82.21,0.0,82.21,82.21,82.21,82.99,0.0,0.0,0.0,0.78,True,True,True,independent_single,False,False,,,True,,88.35,,,,,0,0,quality_review_themes_unavailable | negative_quality_evidence_not_structurally_captured
ChIJmYz5ZOaOGGAR-jXvw5GqT_E,Kameya Liquor Store,Liquor store with standing bar,Taito Initial,72.88,80.09,80.09,0.0,public-v3-local-discovery,71.85,1.5,1.5,1.5,1.5,73.35,73.35,73.35,77.09,100.0,84.77,77.09,100.0,84.77,80.09,0.0,80.76,80.76,80.76,81.33,0.67,0.67,0.67,1.24,True,True,True,independent_single,False,False,,,True,,73.35,"food/execution praise +1.5: Distinctive mix of liquor retail, kaku-uchi, and freshly milled rice",,kameya-saketen.com | syupo.com,government_or_local_official | other_or_restaurant_controlled | review_or_reservation_platform,1,4,negative_quality_evidence_not_structurally_captured
ChIJma60hQTzGGARE7rMqDbDwYg,Chiisana Teppanyakiya Izukawa,鉄板焼き,Suginami Initial,69.65,77.31,77.31,0.0,public-v3-local-discovery,68.08,0.0,0.0,0.0,0.0,68.08,68.08,68.08,73.6,100.0,82.55,73.6,100.0,82.55,77.31,0.0,77.31,77.31,77.31,78.04,0.0,0.0,0.0,0.73,True,True,True,independent_single,False,False,,,True,,87.95,,,,,0,0,quality_review_themes_unavailable | negative_quality_evidence_not_structurally_captured
ChIJmfuVJiuLGGAR1g4nyKpZRTc,440 Broadway Taco Truck,Mexican fast food / taco truck,Minato Initial,76.87,76.89,76.89,0.0,public-v3-local-discovery,87.22,0.0,0.0,0.0,0.0,87.22,87.22,87.22,63.95,78.5,65.09,63.95,78.5,65.09,76.89,0.0,76.89,76.89,76.89,75.78,0.0,0.0,0.0,-1.11,True,True,True,small_group_distinct_concept,False,False,,,True,,87.95,,,wanderlog.com | willchews.com,other_or_restaurant_controlled,1,2,negative_quality_evidence_not_structurally_captured
ChIJmzxks_eLGGARaCgZgPse04o,Clos des Gourmets,French restaurant,Minato Initial,79.71,81.71,81.71,0.0,public-v3-local-discovery,93.03,0.0,0.0,0.0,0.0,93.03,93.03,93.03,53.45,100.0,67.3,53.45,100.0,67.3,81.71,0.0,81.71,81.71,81.71,80.42,0.0,0.0,0.0,-1.29,True,True,True,independent_single,False,False,,,True,,88.35,,,,,0,0,quality_review_themes_unavailable | negative_quality_evidence_not_structurally_captured
ChIJn33d9IaLGGARyyyo0TM6CW0,Kyobashi Tsukune,Yakitori,Chuo Initial,82.09,81.91,81.59,-0.32,public-v2-chain-classification,71.22,0.0,0.0,0.0,0.0,71.22,71.22,71.22,90.17,100.0,0.0,90.17,100.0,91.76,83.51,1.92,83.51,83.51,83.51,84.54,1.92,1.92,1.92,2.95,True,True,True,independent_single,False,False,,,True,,72.55,,,,other_or_restaurant_controlled | review_or_reservation_platform,0,2,no_independently_corroborated_food_quality_theme | negative_quality_evidence_not_structurally_captured | local_audience | international_visibility | corporate_visibility
ChIJn4mnY1aNGGARyciDkkdK694,Blauer Engel,German and Austrian restaurant,Chiyoda Initial,70.72,75.86,75.86,0.0,public-v3-local-discovery,73.26,0.0,0.0,0.0,0.0,73.26,73.26,73.26,65.15,100.0,72.5,65.15,100.0,75.65,76.65,0.79,76.65,76.65,76.65,76.77,0.79,0.79,0.79,0.91,True,True,True,independent_single,False,False,,,True,,88.35,,,,,0,0,quality_review_themes_unavailable | negative_quality_evidence_not_structurally_captured
ChIJn54M0M6MGGARGRjKH-M6lEE,Yoyogi Imahan,Shabu-shabu restaurant,Shibuya Initial,67.37,72.01,72.01,0.0,public-v3-local-discovery,68.4,0.0,0.0,0.0,0.0,68.4,68.4,68.4,55.21,100.0,71.81,55.21,100.0,71.81,72.01,0.0,72.01,72.01,72.01,72.18,0.0,0.0,0.0,0.17,False,True,True,independent_single,False,False,,,True,,87.95,,,gourmand.tokyo | hpplus.jp | suntory.co.jp | tabelog.com | timeout.jp,other_or_restaurant_controlled | review_or_reservation_platform,2,3,negative_quality_evidence_not_structurally_captured
ChIJn9ZwXL3uGGARcv2GdpmLUb8,Houten Hanten,Chinese restaurant,Suginami Initial,62.8,67.32,67.32,0.0,public-v3-local-discovery,44.03,2.0,2.0,2.0,2.0,46.03,46.03,46.03,79.5,100.0,82.31,79.5,100.0,85.46,68.1,0.78,69.0,69.0,69.0,70.97,1.68,1.68,1.68,3.65,False,True,True,independent_single,False,False,,,True,,81.95,specialist/craft evidence +2: Handmade dumplings and broad comfort-food menu,,demae-can.com | yahoo.co.jp,other_or_restaurant_controlled | review_or_reservation_platform,1,3,negative_quality_evidence_not_structurally_captured
ChIJnVFByfGRGGARtLi4nyGGDHA,Daruma-ya,焼肉,Adachi Initial,68.11,73.46,73.46,0.0,public-v3-local-discovery,58.34,0.0,0.0,0.0,0.0,58.34,58.34,58.34,78.39,100.0,81.78,78.39,100.0,84.94,74.25,0.79,74.25,74.25,74.25,75.58,0.79,0.79,0.79,2.12,False,True,True,independent_single,False,False,,,True,,87.95,,,,review_or_reservation_platform,0,3,no_independently_corroborated_food_quality_theme | negative_quality_evidence_not_structurally_captured
ChIJnc4qabXyGGAR8IXimY31DII,Indian Restaurant New Kalika,Indian restaurant,Shinjuku Initial,65.27,67.82,67.82,0.0,public-v3-local-discovery,60.24,0.0,0.0,0.0,0.0,60.24,60.24,60.24,73.05,79.0,71.6,73.05,100.0,75.94,72.05,4.23,72.05,72.05,72.05,72.84,4.23,4.23,4.23,5.02,False,True,True,unknown,False,False,,,True,,87.95,,,menu.jp | tabelog.com | tsuku2.jp | wanderlog.com,other_or_restaurant_controlled | review_or_reservation_platform,3,3,negative_quality_evidence_not_structurally_captured | chain_classification
ChIJnc7yvbSLGGARt8N8bublMiY,Shibaura Horumon Hanare,ホルモン・串焼き,Minato Initial,75.24,73.78,73.78,0.0,public-v3-local-discovery,65.13,0.0,0.0,0.0,0.0,65.13,65.13,65.13,79.14,78.5,83.29,79.14,78.5,83.29,73.78,0.0,73.78,73.78,73.78,74.69,0.0,0.0,0.0,0.91,False,True,True,small_group_distinct_concept,False,False,,,True,,88.35,,,,other_or_restaurant_controlled | review_or_reservation_platform,0,1,no_independently_corroborated_food_quality_theme | negative_quality_evidence_not_structurally_captured
ChIJnyTdnB2LGGARCd7QD6il9kw,la Canca,Cantonese cuisine,Shinjuku Initial,77.92,82.47,82.47,0.0,public-v3-local-discovery,83.99,0.0,0.0,0.0,0.0,83.99,83.99,83.99,71.42,100.0,75.86,71.42,100.0,79.01,83.26,0.79,83.26,83.26,83.26,83.01,0.79,0.79,0.79,0.54,True,True,True,independent_single,False,False,,,True,,88.35,,,gnavi.co.jp | lacanca.co.jp | yahoo.co.jp,other_or_restaurant_controlled | review_or_reservation_platform,1,3,negative_quality_evidence_not_structurally_captured
ChIJnykfp_aIGGARgqxyExIIP70,Sai-ya,洋食,Koto Initial,66.59,73.11,73.11,0.0,public-v3-local-discovery,53.24,2.0,2.0,2.0,2.0,55.24,55.24,55.24,86.67,100.0,84.6,86.67,100.0,87.75,73.9,0.79,74.8,74.8,74.8,76.42,1.69,1.69,1.69,3.31,False,True,True,independent_single,False,False,,,True,,87.95,"specialist/craft evidence +2: Handmade Western-style cooking, including hamburg steak and seafood dishes",,ekiten.jp | minamisuna1.com | tabelog.com,other_or_restaurant_controlled | review_or_reservation_platform,1,2,negative_quality_evidence_not_structurally_captured
ChIJo1VnEQDtGGARc4sM_NdNQ-8,Sim Sim,Halal international cuisine,Suginami Initial,76.63,78.99,78.99,0.0,public-v3-local-discovery,62.97,0.0,0.0,0.0,0.0,62.97,62.97,62.97,89.78,100.0,88.74,89.78,100.0,91.89,79.78,0.79,79.78,79.78,79.78,81.22,0.79,0.79,0.79,2.23,True,True,True,independent_single,False,False,,,True,,81.95,,,,,0,0,quality_review_themes_unavailable | negative_quality_evidence_not_structurally_captured
ChIJo2LEtpVhGGARgzMif-Cd8aM,Matsushoen Kamata,焼肉・ホルモン,Ota Initial,78.83,79.0,79.0,0.0,public-v3-local-discovery,89.77,0.0,0.0,0.0,0.0,89.77,89.77,89.77,63.71,75.0,71.17,63.71,86.67,75.4,81.8,2.8,81.8,81.8,81.8,81.09,2.8,2.8,2.8,2.09,True,True,True,unknown,False,False,,,True,,87.95,,,,,0,0,quality_review_themes_unavailable | negative_quality_evidence_not_structurally_captured | chain_classification
ChIJo5zlWvSIGGARTPI-zmdmUIg,Makoto Sushi,Sushi,Koto Initial,73.2,75.95,75.95,0.0,public-v3-local-discovery,54.7,0.0,0.0,0.0,0.0,54.7,54.7,54.7,96.57,100.0,87.39,96.57,100.0,93.99,77.6,1.65,77.6,77.6,77.6,79.56,1.65,1.65,1.65,3.61,True,True,True,independent_single,False,False,,,True,,81.95,,,tabelog.com | wanderlog.com,other_or_restaurant_controlled | review_or_reservation_platform,1,2,negative_quality_evidence_not_structurally_captured | local_audience
ChIJoRGQDQCPGGARgb7lMlvYpyE,Haneya,割烹居酒屋,Adachi Initial,73.76,77.09,77.09,0.0,public-v3-local-discovery,69.33,0.0,0.0,0.0,0.0,69.33,69.33,69.33,73.57,100.0,79.44,73.57,100.0,84.63,78.39,1.3,78.39,78.39,78.39,79.16,1.3,1.3,1.3,2.07,True,True,True,independent_single,False,False,,,True,,87.95,,,,review_or_reservation_platform,0,3,no_independently_corroborated_food_quality_theme | same_source_family_themes_excluded:2 | negative_quality_evidence_not_structurally_captured | local_audience
ChIJoWGKvUOLGGARoRM1qUxs5_w,Sakuragawa,料亭・懐石料理,Chiyoda Initial,80.87,80.91,81.75,0.84,public-v2-chain-classification,73.79,0.0,0.0,0.0,0.0,73.79,73.79,73.79,85.08,100.0,0.0,85.08,100.0,90.64,83.63,1.88,83.63,83.63,83.63,84.47,1.88,1.88,1.88,2.72,False,True,True,independent_single,False,False,,,True,,87.55,,,tabelog.com | yahoo.co.jp,other_or_restaurant_controlled | review_or_reservation_platform,1,2,negative_quality_evidence_not_structurally_captured | local_audience | international_visibility | corporate_visibility
ChIJoWwK4yyLGGAR4UenMerdoXg,Restaurant Ararat,French bistro,Minato Initial,63.15,75.26,75.26,0.0,public-v3-local-discovery,69.68,0.0,0.0,0.0,0.0,69.68,69.68,69.68,68.7,100.0,74.41,68.7,100.0,74.42,75.27,0.01,75.27,75.27,75.27,75.5,0.01,0.01,0.01,0.24,False,False,True,independent_single,False,False,,,False,product_ineligible,88.35,,,,other_or_restaurant_controlled | review_or_reservation_platform,0,1,no_independently_corroborated_food_quality_theme | negative_quality_evidence_not_structurally_captured
ChIJoXjxGZ6NGGAR-eRDQr0jT-I,Yanaka Sugiura,French restaurant,Taito Initial,60.83,66.18,66.18,0.0,public-v3-local-discovery,59.71,1.5,1.5,1.5,1.5,61.21,61.21,61.21,52.66,100.0,65.63,52.66,100.0,65.63,66.18,0.0,66.85,66.85,66.85,67.07,0.67,0.67,0.67,0.89,False,True,True,independent_single,False,False,,,True,,82.35,"food/execution praise +1.5: Seasonal course cooking with carefully handled fish, meat, and vegetables",,tabelog.com | tv-tokyo.co.jp,other_or_restaurant_controlled | review_or_reservation_platform,2,2,negative_quality_evidence_not_structurally_captured
ChIJoXxXpH2LGGARqoOsQVUnnoQ,Wine Dining Luonto,Italian restaurant,Chuo Initial,69.77,75.62,75.62,0.0,public-v3-local-discovery,63.56,0.0,0.0,0.0,0.0,63.56,63.56,63.56,80.23,100.0,79.92,80.23,100.0,85.2,76.94,1.32,76.94,76.94,76.94,78.02,1.32,1.32,1.32,2.4,True,True,True,independent_single,False,False,,,True,,75.95,,,,,0,0,quality_review_themes_unavailable | negative_quality_evidence_not_structurally_captured | local_audience
ChIJoYTnh5eOGGARRZ2Us9BMDhk,Yakiniku House Chingu,Yakiniku restaurant,Taito Initial,68.42,76.81,76.81,0.0,public-v3-local-discovery,68.08,0.0,0.0,0.0,0.0,68.08,68.08,68.08,72.55,100.0,81.17,72.55,100.0,81.17,76.81,0.0,76.81,76.81,76.81,77.47,0.0,0.0,0.0,0.66,True,True,True,independent_single,False,False,,,True,,72.55,,,hotpepper.jp | jalan.net | t-data.tokyo,other_or_restaurant_controlled | review_or_reservation_platform,1,2,negative_quality_evidence_not_structurally_captured
ChIJoZeaLyLzGGARlZv-lbErhyQ,Yurippe,家庭料理・居酒屋,Shibuya Initial,74.36,75.04,75.04,0.0,public-v3-local-discovery,53.94,0.0,0.0,0.0,0.0,53.94,53.94,53.94,93.52,94.0,90.54,93.52,100.0,95.04,77.06,2.02,77.06,77.06,77.06,79.12,2.02,2.02,2.02,4.08,True,True,True,independent_single,False,False,,,True,,75.95,,,,,0,0,quality_review_themes_unavailable | negative_quality_evidence_not_structurally_captured | specialist_restaurant
ChIJoad5uXuNGGARApliN-RZ1SM,Koryori Kisui,Japanese small-plate restaurant,Taito Initial,74.88,74.3,74.3,0.0,public-v3-local-discovery,56.37,0.0,0.0,0.0,0.0,56.37,56.37,56.37,93.38,94.0,83.29,93.38,100.0,90.49,77.0,2.7,77.0,77.0,77.0,78.7,2.7,2.7,2.7,4.4,False,True,True,independent_single,False,False,,,True,,87.95,,,,,0,0,quality_review_themes_unavailable | negative_quality_evidence_not_structurally_captured | specialist_restaurant
ChIJocELqzphGGARL4xO9nMthmE,Pierre,食堂・洋食,Ota Initial,76.8,78.83,78.83,0.0,public-v3-local-discovery,64.91,0.0,0.0,0.0,0.0,64.91,64.91,64.91,94.11,94.0,85.62,94.11,100.0,93.08,81.6,2.77,81.6,81.6,81.6,83.0,2.77,2.77,2.77,4.17,True,True,True,independent_single,False,False,,,True,,81.15,,,,,0,0,quality_review_themes_unavailable | negative_quality_evidence_not_structurally_captured | specialist_restaurant
ChIJocPTCQCLGGAR3cKTJ_u83-w,Odako Sakaba Shinagawa,Izakaya,Minato Initial,63.93,59.84,59.84,0.0,public-v3-local-discovery,43.74,0.0,0.0,0.0,0.0,43.74,43.74,43.74,76.98,73.0,70.64,76.98,100.0,80.25,66.29,6.45,66.29,66.29,66.29,68.12,6.45,6.45,6.45,8.28,False,True,True,unknown,False,False,,,True,,75.55,,,,blog_platform | review_or_reservation_platform,0,2,no_independently_corroborated_food_quality_theme | negative_quality_evidence_not_structurally_captured | chain_classification | specialist_restaurant | local_audience
ChIJofV7jnOLGGARVcWBSS43AII,Rairaiken,中華料理,Minato Initial,64.4,67.25,67.25,0.0,public-v3-local-discovery,50.95,0.0,0.0,0.0,0.0,50.95,50.95,50.95,72.96,94.0,77.1,72.96,100.0,83.61,69.77,2.52,69.77,69.77,69.77,71.41,2.52,2.52,2.52,4.16,False,True,True,independent_single,False,False,,,True,,88.35,,,,,0,0,quality_review_themes_unavailable | negative_quality_evidence_not_structurally_captured | specialist_restaurant
ChIJofh-u06JGGARGUo4ONLEp0c,Ryori Goya Yukimaru,居酒屋,Chuo Initial,79.5,79.52,79.52,0.0,public-v3-local-discovery,64.09,0.0,0.0,0.0,0.0,64.09,64.09,64.09,98.07,94.0,87.49,98.07,100.0,95.15,82.34,2.82,82.34,82.34,82.34,83.89,2.82,2.82,2.82,4.37,True,True,True,independent_single,False,False,,,True,,87.55,,,,,0,0,quality_review_themes_unavailable | negative_quality_evidence_not_structurally_captured | specialist_restaurant
ChIJofqiT0OLGGARh-J6aVG7zXY,French Teppan Restaurant Ginza Fujimaru,French teppan restaurant,Chuo Initial,74.73,77.92,77.92,0.0,public-v3-local-discovery,77.63,0.0,0.0,0.0,0.0,77.63,77.63,77.63,64.74,100.0,73.11,64.74,100.0,77.19,78.94,1.02,78.94,78.94,78.94,78.92,1.02,1.02,1.02,1.0,True,True,True,independent_single,False,False,,,True,,88.35,,,chronoba.com | ikyu.com | owst.jp | tabelog.com,other_or_restaurant_controlled | review_or_reservation_platform,2,3,negative_quality_evidence_not_structurally_captured | local_audience
ChIJowp5BwD1GGARwSIAOsrULRU,Osaka Gyoza Senmonten Yoshiko Sangenjaya,餃子店,Setagaya Initial,61.77,54.99,54.99,0.0,public-v3-local-discovery,97.52,0.0,0.0,0.0,0.0,97.52,97.52,97.52,41.71,26.0,40.39,41.71,26.0,38.7,54.99,0.0,54.99,54.99,54.99,54.99,0.0,0.0,0.0,0.0,False,True,True,small_same_brand_chain,True,False,,,False,chain_excluded,88.35,,,prtimes.jp | tabelog.com,other_or_restaurant_controlled | review_or_reservation_platform,1,2,same_source_family_themes_excluded:1 | negative_quality_evidence_not_structurally_captured | local_audience
ChIJp2Dwot2RGGARRTUuKg5Qos4,Tatsuya,寿司,Adachi Initial,60.14,69.13,69.13,0.0,public-v3-local-discovery,63.58,0.0,0.0,0.0,0.0,63.58,63.58,63.58,71.99,79.0,71.5,71.99,100.0,71.88,72.38,3.25,72.38,72.38,72.38,72.79,3.25,3.25,3.25,3.66,False,True,True,unknown,False,False,,,True,,75.95,,,,,0,0,quality_review_themes_unavailable | negative_quality_evidence_not_structurally_captured | chain_classification
ChIJp4KSNgCJGGARNrCUTczMkBg,Lakujo,福建料理・中華料理,Koto Initial,77.17,81.82,81.82,0.0,public-v3-local-discovery,72.08,0.0,0.0,0.0,0.0,72.08,72.08,72.08,85.8,100.0,86.06,85.8,100.0,89.22,82.61,0.79,82.61,82.61,82.61,83.47,0.79,0.79,0.79,1.65,True,True,True,independent_single,False,False,,,True,,81.95,,,,,0,0,quality_review_themes_unavailable | negative_quality_evidence_not_structurally_captured
ChIJp6JC97mJGGARq_Ej-CF4hXc,Suizin,Izakaya restaurant,Koto Initial,75.84,71.37,71.37,0.0,public-v3-local-discovery,70.54,0.0,0.0,0.0,0.0,70.54,70.54,70.54,76.39,73.0,68.86,85.18,100.0,86.8,81.22,9.85,81.22,81.22,81.22,82.03,9.85,9.85,9.85,10.66,False,True,True,unknown,False,False,,,True,,21.95,,,,,0,0,quality_review_themes_unavailable | negative_quality_evidence_not_structurally_captured | tourist_coverage | chain_classification | specialist_restaurant | local_audience | tourist_orientation | international_visibility | corporate_visibility
ChIJp6SIHzJgGGARl9rG5Usutoc,Wabisuke,Japanese cuisine / izakaya,Ota Initial,74.04,77.48,77.48,0.0,public-v3-local-discovery,60.9,0.0,0.0,0.0,0.0,60.9,60.9,60.9,88.61,100.0,87.13,88.61,100.0,90.28,78.27,0.79,78.27,78.27,78.27,79.74,0.79,0.79,0.79,2.26,True,True,True,independent_single,False,False,,,True,,81.95,,,lavietaste.com | tabelog.com,review_or_reservation_platform,1,2,negative_quality_evidence_not_structurally_captured
ChIJp7sb0GhfGGARt9-0YA7VosM,Fukushi Shokudo RIN,食堂・定食,Ota Initial,70.82,72.3,72.3,0.0,public-v3-local-discovery,53.47,0.0,0.0,0.0,0.0,53.47,53.47,53.47,87.65,94.0,83.96,87.65,100.0,91.23,75.02,2.72,75.02,75.02,75.02,76.9,2.72,2.72,2.72,4.6,False,True,True,independent_single,False,False,,,True,,87.95,,,,,0,0,quality_review_themes_unavailable | negative_quality_evidence_not_structurally_captured | specialist_restaurant
ChIJp8g6tTiJGGAR9HrzNOYeixA,Kawacho,焼き鳥・居酒屋,Chuo Initial,67.07,80.28,80.28,0.0,public-v3-local-discovery,63.89,0.0,0.0,0.0,0.0,63.89,63.89,63.89,97.88,100.0,87.4,97.88,100.0,90.55,81.07,0.79,81.07,81.07,81.07,82.4,0.79,0.79,0.79,2.12,True,True,True,independent_single,False,False,,,True,,87.95,,,retty.me | tabelog.com,other_or_restaurant_controlled | review_or_reservation_platform,1,3,negative_quality_evidence_not_structurally_captured
ChIJp8xpl8n1GGARer_XKyRNffU,GEMS Sangenjaya,都市型商業施設,Setagaya Initial,60.52,60.15,60.15,0.0,public-v3-local-discovery,54.12,0.0,0.0,0.0,0.0,54.12,54.12,54.12,71.18,55.0,67.48,71.18,10.0,73.76,54.97,-5.18,54.97,54.97,54.97,55.95,-5.18,-5.18,-5.18,-4.2,False,True,True,unknown,False,False,,,True,,82.35,,,,,0,0,quality_review_themes_unavailable | negative_quality_evidence_not_structurally_captured | chain_classification | specialist_restaurant
ChIJpTbzA-GNGGARVeibvhoU90o,CasaBella,Italian restaurant,Shibuya Initial,61.55,65.25,65.25,0.0,public-v3-local-discovery,53.09,0.0,0.0,0.0,0.0,53.09,53.09,53.09,58.0,100.0,70.66,58.0,100.0,70.66,65.26,0.01,65.26,65.26,65.26,66.13,0.01,0.01,0.01,0.88,False,True,True,independent_single,False,False,,,True,,87.95,,,,other_or_restaurant_controlled,0,3,no_independently_corroborated_food_quality_theme | negative_quality_evidence_not_structurally_captured
ChIJpXiz24JhGGAR18weeeJ_qB8,Yakiniku Hitotsuboshi,焼肉,Ota Initial,65.5,72.62,72.62,0.0,public-v3-local-discovery,74.71,0.0,0.0,0.0,0.0,74.71,74.71,74.71,50.63,100.0,65.62,50.63,100.0,68.77,73.41,0.79,73.41,73.41,73.41,73.11,0.79,0.79,0.79,0.49,False,True,True,independent_single,False,False,,,True,,82.35,,,,,0,0,quality_review_themes_unavailable | negative_quality_evidence_not_structurally_captured
ChIJpYyQesaMGGAR9LN7OKQc3AM,Haretoke Yoyogi,Izakaya,Shibuya Initial,66.98,60.39,60.39,0.0,public-v3-local-discovery,51.78,0.0,0.0,0.0,0.0,51.78,51.78,51.78,53.9,79.0,68.62,53.9,100.0,67.16,63.18,2.79,63.18,63.18,63.18,63.95,2.79,2.79,2.79,3.56,False,True,True,unknown,False,False,,,True,,88.35,,,,,0,0,quality_review_themes_unavailable | negative_quality_evidence_not_structurally_captured | chain_classification
ChIJpZWSZ8LzGGARE50C-cKwpn0,Okinawa Cuisine × Charcoal-Grill Bar Nakamu Shokudo,沖縄料理・炭火焼きバル・居酒屋,Setagaya Initial,74.17,77.37,77.37,0.0,public-v3-local-discovery,66.37,0.0,0.0,0.0,0.0,66.37,66.37,66.37,79.1,100.0,82.54,79.1,100.0,85.69,78.15,0.78,78.15,78.15,78.15,79.12,0.78,0.78,0.78,1.75,True,True,True,independent_single,False,False,,,True,,88.35,,,,,0,0,quality_review_themes_unavailable | negative_quality_evidence_not_structurally_captured
ChIJpZ_pF3OJGGARL7-Jm3vn8KA,Yakitori Nao,Yakitori restaurant,Koto Initial,67.64,76.28,76.28,0.0,public-v3-local-discovery,78.84,3.0,3.0,3.0,3.0,81.84,81.84,81.84,55.84,100.0,69.72,55.84,100.0,73.21,77.16,0.88,78.51,78.51,78.51,78.08,2.23,2.23,2.23,1.8,True,True,True,independent_single,False,False,,,True,,88.35,food/execution praise +3: Rich egg-over-rice is repeatedly highlighted as a memorable finishing dish,,gnavi.co.jp | hotpepper.jp | tabelog.com,review_or_reservation_platform,2,3,negative_quality_evidence_not_structurally_captured | local_audience
ChIJp_CtauaRGGARFqdeST3vTcU,Kappo Okano,Japanese kappo restaurant,Adachi Initial,64.73,72.07,72.07,0.0,public-v3-local-discovery,65.06,0.0,0.0,0.0,0.0,65.06,65.06,65.06,62.51,100.0,73.67,62.51,100.0,73.67,72.07,0.0,72.07,72.07,72.07,72.5,0.0,0.0,0.0,0.43,False,True,True,independent_single,False,False,,,True,,87.95,,,owst.jp | tabelog.com,other_or_restaurant_controlled | review_or_reservation_platform,1,3,negative_quality_evidence_not_structurally_captured
ChIJpc2hSeiLGGARyIRrpE9e9Oc,SHARI Akasaka,Kaiseki restaurant,Shinjuku Initial,79.43,78.93,78.93,0.0,public-v3-local-discovery,96.13,1.5,1.5,1.5,1.5,97.63,97.63,97.63,46.5,82.5,65.27,46.5,82.5,65.27,78.93,0.0,79.6,79.6,79.6,77.98,0.67,0.67,0.67,-0.95,True,True,True,small_group_distinct_concept,False,False,,,True,,88.35,"food/execution praise +1.5: Seasonal kaiseki courses featuring seafood, wagyu, and carefully presented dishes",,shari-the-tokyo.jp | tabelog.com,government_or_local_official | review_or_reservation_platform,1,2,negative_quality_evidence_not_structurally_captured
ChIJq0Y983OLGGARzWJnPWMOs2c,Gentoushi Nakada,日本料理・懐石,Minato Initial,80.94,81.35,80.36,-0.99,public-v2-chain-classification,69.72,1.5,1.5,1.5,1.5,71.22,71.22,71.22,87.76,100.0,0.0,87.76,100.0,90.7,82.21,1.85,82.89,82.89,82.89,83.86,2.53,2.53,2.53,3.5,True,True,True,independent_single,False,False,,,True,,87.95,"food/execution praise +1.5: Guests frequently highlight carefully prepared rice, soup, and foie gras dishes",,ameblo.jp | lavietaste.com | yahoo.co.jp,blog_platform | other_or_restaurant_controlled | review_or_reservation_platform,2,3,negative_quality_evidence_not_structurally_captured | local_audience | international_visibility | corporate_visibility
ChIJq1V9NhaRGGARERkRCR7rW6k,Bikenshokusai Iroha,韓国料理,Adachi Initial,73.57,79.24,79.24,0.0,public-v3-local-discovery,72.21,0.0,0.0,0.0,0.0,72.21,72.21,72.21,75.24,100.0,81.83,75.24,100.0,84.97,80.02,0.78,80.02,80.02,80.02,80.66,0.78,0.78,0.78,1.42,True,True,True,independent_single,False,False,,,True,,87.95,,,,,0,0,quality_review_themes_unavailable | negative_quality_evidence_not_structurally_captured
ChIJq2pn4yPzGGARD1qi7r1EU9o,Utagoe Sumichan,Snack bar,Shibuya Initial,80.09,49.99,77.33,27.34,public-v3-local-discovery,67.49,0.0,0.0,0.0,0.0,67.49,67.49,67.49,98.36,79.0,81.42,98.36,100.0,94.7,83.8,6.47,83.8,83.8,83.8,85.16,6.47,6.47,6.47,7.83,False,True,True,unknown,False,False,,,True,,46.95,,,,,0,0,quality_review_themes_unavailable | negative_quality_evidence_not_structurally_captured | chain_classification | local_audience | international_visibility | corporate_visibility
ChIJq3-_iWWLGGARAh1xm66RrjQ,Sudachi,Japanese restaurant,Shibuya Initial,63.43,64.84,64.84,0.0,public-v3-local-discovery,68.45,0.0,0.0,0.0,0.0,68.45,68.45,68.45,47.12,82.5,58.39,47.12,82.5,59.87,65.21,0.37,65.21,65.21,65.21,64.78,0.37,0.37,0.37,-0.06,False,True,True,small_group_distinct_concept,False,False,,,True,,88.35,,,,,0,0,quality_review_themes_unavailable | negative_quality_evidence_not_structurally_captured | local_audience
ChIJq4QAz1ORGGARaOihUDdtVOk,Kanmidokoro Nagomian,甘味処,Adachi Initial,63.99,70.03,70.03,0.0,public-v3-local-discovery,57.8,0.0,0.0,0.0,0.0,57.8,57.8,57.8,71.71,100.0,73.06,71.71,100.0,73.06,70.03,0.0,70.03,70.03,70.03,70.79,0.0,0.0,0.0,0.76,False,True,True,independent_single,False,False,,,True,,88.35,,,,other_or_restaurant_controlled | review_or_reservation_platform,0,1,no_independently_corroborated_food_quality_theme | negative_quality_evidence_not_structurally_captured
ChIJq4__TwCRGGARGbxiiQWF970,Ramen Tsuru,Ramen restaurant,Adachi Initial,64.25,71.95,71.95,0.0,public-v3-local-discovery,58.62,0.0,0.0,0.0,0.0,58.62,58.62,58.62,74.45,100.0,77.62,74.45,100.0,80.78,72.74,0.79,72.74,72.74,72.74,73.85,0.79,0.79,0.79,1.9,False,True,True,independent_single,False,False,,,True,,81.95,,,,other_or_restaurant_controlled,0,1,no_independently_corroborated_food_quality_theme | negative_quality_evidence_not_structurally_captured
ChIJq62GSsqNGGARKeu4HiU2AdE,Ebi to Wine Lino,Wine bar,Toshima Initial,77.08,78.17,78.17,0.0,public-v3-local-discovery,62.12,0.0,0.0,0.0,0.0,62.12,62.12,62.12,86.24,100.0,89.11,86.24,100.0,92.26,78.95,0.78,78.95,78.95,78.95,80.46,0.78,0.78,0.78,2.29,True,True,True,independent_single,False,False,,,True,,87.95,,,,,0,0,quality_review_themes_unavailable | negative_quality_evidence_not_structurally_captured
ChIJq6olFeGPGGAR88JcdJWh8eg,COCO,Modern izakaya restaurant,Adachi Initial,60.13,65.92,65.92,0.0,public-v3-local-discovery,56.07,0.0,0.0,0.0,0.0,56.07,56.07,56.07,79.89,73.0,71.04,89.85,100.0,90.78,76.4,10.48,76.4,76.4,76.4,78.14,10.48,10.48,10.48,12.22,False,True,True,unknown,False,False,,,True,,21.95,,,,,0,0,quality_review_themes_unavailable | negative_quality_evidence_not_structurally_captured | tourist_coverage | chain_classification | specialist_restaurant | local_audience | tourist_orientation | international_visibility | corporate_visibility
ChIJq6pH7RONGGARCf_YQ5CRFTU,Shijimi,食堂,Toshima Initial,61.29,74.09,74.09,0.0,public-v3-local-discovery,53.28,0.0,0.0,0.0,0.0,53.28,53.28,53.28,95.61,94.0,86.69,95.61,100.0,94.26,76.88,2.79,76.88,76.88,76.88,78.93,2.79,2.79,2.79,4.84,False,True,True,independent_single,False,False,,,True,,87.95,,,,other_or_restaurant_controlled | review_or_reservation_platform,0,3,no_independently_corroborated_food_quality_theme | negative_quality_evidence_not_structurally_captured | specialist_restaurant
ChIJq6pPpKiSGGARWNgs5AGumGE,Koryori Shinshu,割烹・小料理屋,Toshima Initial,80.67,78.27,77.3,-0.97,public-v2-chain-classification,69.79,0.0,0.0,0.0,0.0,69.79,69.79,69.79,93.05,79.0,0.0,93.05,100.0,93.02,83.62,6.32,83.62,83.62,83.62,84.78,6.32,6.32,6.32,7.48,True,True,True,unknown,False,False,,,True,,79.55,,,,,0,0,quality_review_themes_unavailable | negative_quality_evidence_not_structurally_captured | chain_classification | local_audience | international_visibility | corporate_visibility
ChIJq6q688aMGGARTbWHzwQtZyM,Teppan to Sumi Soil,Teppanyaki restaurant,Shibuya Initial,78.87,81.28,81.28,0.0,public-v3-local-discovery,97.8,0.0,0.0,0.0,0.0,97.8,97.8,97.8,55.51,82.5,66.29,55.51,82.5,69.17,82.0,0.72,82.0,82.0,82.0,80.57,0.72,0.72,0.72,-0.71,True,True,True,small_group_distinct_concept,False,False,,,True,,72.95,,,hotpepper.jp | teppan-soil.com | yahoo.co.jp,other_or_restaurant_controlled | review_or_reservation_platform,2,2,negative_quality_evidence_not_structurally_captured | local_audience
ChIJq6qJbe6OGGARFQLEMCFYjsE,Ippachi Sushi,Sushi restaurant,Taito Initial,80.93,84.53,81.53,-3.0,public-v2-chain-classification,72.9,0.0,0.0,0.0,0.0,72.9,72.9,72.9,87.5,100.0,0.0,87.5,100.0,89.8,83.38,1.85,83.38,83.38,83.38,84.22,1.85,1.85,1.85,2.69,True,True,True,independent_single,False,False,,,True,,87.55,,,ameblo.jp | syupo.com | tabelog.com,blog_platform | other_or_restaurant_controlled | review_or_reservation_platform,3,3,negative_quality_evidence_not_structurally_captured | local_audience | international_visibility | corporate_visibility
ChIJq6qq6qnyGGARDt4GuJgcZbc,Uemura,とんかつ・串揚げ,Toshima Initial,75.9,80.45,80.45,0.0,public-v3-local-discovery,64.03,0.0,0.0,0.0,0.0,64.03,64.03,64.03,94.84,100.0,89.65,94.84,100.0,92.8,81.24,0.79,81.24,81.24,81.24,82.68,0.79,0.79,0.79,2.23,True,True,True,independent_single,False,False,,,True,,81.15,,,,review_or_reservation_platform,0,1,no_independently_corroborated_food_quality_theme | same_source_family_themes_excluded:1 | negative_quality_evidence_not_structurally_captured
ChIJq6ru862SGGARZZyq1FL68fU,Vario,Italian restaurant,Toshima Initial,70.55,72.43,72.43,0.0,public-v3-local-discovery,45.81,0.0,0.0,0.0,0.0,45.81,45.81,45.81,97.78,94.0,92.19,97.78,100.0,96.87,74.5,2.07,74.5,74.5,74.5,77.05,2.07,2.07,2.07,4.62,False,True,True,independent_single,False,False,,,True,,80.0,,,ste-map.com | torisetuya.com,other_or_restaurant_controlled,1,1,negative_quality_evidence_not_structurally_captured | specialist_restaurant
ChIJq93re5KOGGARyOWE3u9BOzo,Fucha Ryori Bon,Vegetarian restaurant,Taito Initial,64.18,72.62,72.62,0.0,public-v3-local-discovery,86.93,1.5,1.5,1.5,1.5,88.43,88.43,88.43,34.78,100.0,53.16,34.78,100.0,53.16,72.63,0.01,73.3,73.3,73.3,71.54,0.68,0.68,0.68,-1.08,False,True,True,independent_single,False,False,,,True,,87.95,"food/execution praise +1.5: Seasonal, carefully presented Buddhist vegetarian cuisine",,thejapaneserose.com | vegewel.com,other_or_restaurant_controlled,1,3,negative_quality_evidence_not_structurally_captured
ChIJqQPK2xCNGGAR0V1FHQg0qTk,Eiraku,寿司,Toshima Initial,78.7,82.17,82.17,0.0,public-v3-local-discovery,70.61,0.0,0.0,0.0,0.0,70.61,70.61,70.61,86.93,100.0,89.42,86.93,100.0,89.42,82.17,0.0,82.17,82.17,82.17,83.11,0.0,0.0,0.0,0.94,True,True,True,independent_single,False,False,,,True,,88.35,,,retty.me | tabelog.com,review_or_reservation_platform,1,2,negative_quality_evidence_not_structurally_captured
ChIJqScYcG-TGGARbgGcih9oTwA,Izakaya Temari,居酒屋,Adachi Initial,64.76,79.55,79.55,0.0,public-v3-local-discovery,65.42,0.0,0.0,0.0,0.0,65.42,65.42,65.42,93.22,94.0,88.1,93.22,100.0,92.33,81.5,1.95,81.5,81.5,81.5,82.85,1.95,1.95,1.95,3.3,True,True,True,independent_single,False,False,,,True,,57.95,,,,,0,0,quality_review_themes_unavailable | negative_quality_evidence_not_structurally_captured | specialist_restaurant
ChIJqTAapfGIGGARxFfzRhn0C2E,Kakaya,お好み焼き・もんじゃ焼き,Koto Initial,63.72,68.35,68.35,0.0,public-v3-local-discovery,43.35,0.0,0.0,0.0,0.0,43.35,43.35,43.35,83.92,100.0,85.0,83.92,100.0,88.15,69.13,0.78,69.13,69.13,69.13,71.37,0.78,0.78,0.78,3.02,False,True,True,independent_single,False,False,,,True,,81.15,,,ekiten.jp | itp.ne.jp | lavietaste.com | tabelog.com,other_or_restaurant_controlled | review_or_reservation_platform,2,2,negative_quality_evidence_not_structurally_captured
ChIJqTrILQCRGGAR6ZVcLw1KnHg,KARAIMOYA Juttoku,焼き芋・大学芋,Adachi Initial,76.1,80.98,80.98,0.0,public-v3-local-discovery,67.87,0.0,0.0,0.0,0.0,67.87,67.87,67.87,92.42,100.0,86.32,92.42,100.0,86.32,80.98,0.0,80.98,80.98,80.98,81.91,0.0,0.0,0.0,0.93,True,True,False,independent_single,False,False,,,True,,87.95,,,,other_or_restaurant_controlled | review_or_reservation_platform,0,2,no_independently_corroborated_food_quality_theme | negative_quality_evidence_not_structurally_captured
ChIJqUeJ7XWNGGAR4_dIhHjJppQ,Kappo Matsushima,Japanese kappo cuisine,Toshima Initial,71.41,85.5,85.5,0.0,public-v3-local-discovery,99.6,0.0,0.0,0.0,0.0,99.6,99.6,99.6,59.32,100.0,67.13,59.32,100.0,70.28,86.29,0.79,86.29,86.29,86.29,84.82,0.79,0.79,0.79,-0.68,True,True,True,independent_single,False,False,,,True,,75.95,,,,,0,0,quality_review_themes_unavailable | negative_quality_evidence_not_structurally_captured
ChIJqXD3mWuJGGARKTIhQI2xhKo,Momofuku,Yakitori,Chuo Initial,67.46,70.74,70.74,0.0,public-v3-local-discovery,59.17,0.0,0.0,0.0,0.0,59.17,59.17,59.17,65.37,100.0,77.24,65.37,100.0,76.34,70.52,-0.22,70.52,70.52,70.52,71.38,-0.22,-0.22,-0.22,0.64,False,True,True,independent_single,False,False,,,True,,72.95,,,,other_or_restaurant_controlled | review_or_reservation_platform,0,1,no_independently_corroborated_food_quality_theme | negative_quality_evidence_not_structurally_captured
ChIJqY9Sh-mJGGARm1f0IIoAXNw,Karaya,韓国料理,Chuo Initial,71.5,72.13,72.13,0.0,public-v3-local-discovery,51.41,2.0,2.0,2.0,2.0,53.41,53.41,53.41,82.33,100.0,86.59,82.33,100.0,89.74,72.92,0.79,73.82,73.82,73.82,75.64,1.69,1.69,1.69,3.51,False,True,True,independent_single,False,False,,,True,,87.95,specialist/craft evidence +2: Korean home cooking with handmade banchan,,kanshoku.net | tabelog.com,other_or_restaurant_controlled | review_or_reservation_platform,1,3,negative_quality_evidence_not_structurally_captured
ChIJqeYZAgCNGGARPpu95GT9fl8,Wajō Tokyo,発酵和食居酒屋,Toshima Initial,77.02,79.82,79.82,0.0,public-v3-local-discovery,79.91,0.0,0.0,0.0,0.0,79.91,79.91,79.91,64.22,100.0,76.93,64.22,100.0,76.93,79.83,0.01,79.83,79.83,79.83,79.68,0.01,0.01,0.01,-0.14,True,True,True,independent_single,False,False,,,True,,87.95,,,foodre.jp | ikebukuro-times.com | tabelog.com,other_or_restaurant_controlled | review_or_reservation_platform,2,3,negative_quality_evidence_not_structurally_captured
ChIJr2PaMZuRGGAREglR2f-N55E,Sengyo Sakaba Ushioni,海鮮居酒屋,Adachi Initial,67.05,76.84,76.84,0.0,public-v3-local-discovery,68.11,1.5,1.5,1.5,1.5,69.61,69.61,69.61,72.47,100.0,81.29,72.47,100.0,81.29,76.84,0.0,77.52,77.52,77.52,78.1,0.68,0.68,0.68,1.26,True,True,True,independent_single,False,False,,,True,,87.55,food/execution praise +1.5: Fresh sashimi and seafood are central to the experience,,tabelog.com | yahoo.co.jp,other_or_restaurant_controlled | review_or_reservation_platform,2,2,negative_quality_evidence_not_structurally_captured
ChIJr2zNoP-KGGARi-xoFeMGcnc,Koharu,居酒屋,Minato Initial,75.14,76.51,76.51,0.0,public-v3-local-discovery,65.18,2.0,2.0,2.0,2.0,67.18,67.18,67.18,84.2,94.0,81.8,84.2,100.0,88.83,79.17,2.66,80.07,80.07,80.07,81.15,3.56,3.56,3.56,4.64,True,True,True,independent_single,False,False,,,True,,87.95,"specialist/craft evidence +2: Broad handmade menu spanning seafood, vegetables, meat dishes, and set meals",,retty.me | tabelog.com,government_or_local_official | review_or_reservation_platform,1,3,negative_quality_evidence_not_structurally_captured | specialist_restaurant
ChIJr3RTzwqNGGARtr-J46KkSms,Saigon Pho,Vietnamese restaurant,Shinjuku Initial,68.22,69.11,69.11,0.0,public-v3-local-discovery,47.85,1.5,1.5,1.5,1.5,49.35,49.35,49.35,79.16,100.0,82.83,79.16,100.0,82.83,69.11,0.0,69.79,69.79,69.79,71.46,0.68,0.68,0.68,2.35,False,True,True,independent_single,False,False,,,True,,87.55,food/execution praise +1.5: Bún bò Huế is repeatedly highlighted as another notable menu item,,restaurantguru.com | wanderlog.com,other_or_restaurant_controlled | review_or_reservation_platform,1,1,negative_quality_evidence_not_structurally_captured
ChIJr7XwyqiOGGARE_f7506S6NY,Yakiniku Hormone Yōan 33 Banchi,焼肉,Chiyoda Initial,73.84,82.63,82.63,0.0,public-v3-local-discovery,85.05,0.0,0.0,0.0,0.0,85.05,85.05,85.05,70.54,100.0,75.11,70.54,100.0,78.25,83.42,0.79,83.42,83.42,83.42,83.08,0.79,0.79,0.79,0.45,True,True,True,independent_single,False,False,,,True,,81.95,,,,,0,0,quality_review_themes_unavailable | negative_quality_evidence_not_structurally_captured
ChIJrQhaaACLGGAR0NP2h5k1h20,Aburi Miso Ramen Mensho Shinbu Sakiya Shibuya,Ramen,Shibuya Initial,61.81,58.38,58.38,0.0,public-v3-local-discovery,51.95,0.0,0.0,0.0,0.0,51.95,51.95,51.95,62.18,67.0,62.5,62.18,60.0,60.62,56.86,-1.52,56.86,56.86,56.86,57.29,-1.52,-1.52,-1.52,-1.09,False,True,True,unknown,False,False,,,True,,64.95,,,,,0,0,quality_review_themes_unavailable | negative_quality_evidence_not_structurally_captured | chain_classification
ChIJrTLa7leJGGARdYC6pMyWXms,Okei Sushi Nihombashi Takashimaya,寿司,Chuo Initial,60.35,60.9,60.9,0.0,public-v3-local-discovery,51.08,0.0,0.0,0.0,0.0,51.08,51.08,51.08,62.52,79.0,66.74,62.52,100.0,65.93,63.85,2.95,63.85,63.85,63.85,64.59,2.95,2.95,2.95,3.69,False,True,True,unknown,False,False,,,True,,88.35,,,tabelog.com | tripadvisor.jp,review_or_reservation_platform,1,2,negative_quality_evidence_not_structurally_captured | chain_classification
ChIJrXOMRh2LGGARTyWU63Fwj4I,Enoteca Miyaji,Italian restaurant,Shibuya Initial,77.61,80.96,80.96,0.0,public-v3-local-discovery,82.85,0.0,0.0,0.0,0.0,82.85,82.85,82.85,65.47,100.0,75.42,65.47,100.0,79.9,82.08,1.12,82.08,82.08,82.08,81.93,1.12,1.12,1.12,0.97,True,True,True,independent_single,False,False,,,True,,87.95,,,,,0,0,quality_review_themes_unavailable | negative_quality_evidence_not_structurally_captured | local_audience
ChIJrYlr-mhgGGARAXBZxwdDSgQ,Chuka Bar PABLO,中華料理・中華バル,Ota Initial,70.1,72.62,72.62,0.0,public-v3-local-discovery,58.58,2.0,2.0,2.0,2.0,60.58,60.58,60.58,72.66,100.0,81.44,72.66,100.0,84.59,73.41,0.79,74.31,74.31,74.31,75.51,1.69,1.69,1.69,2.89,False,True,True,independent_single,False,False,,,True,,87.95,signature-dish reputation +2: Chicken-paitan gyoza is the restaurant’s signature dish,,hitosara.com | kamatanomi.com | retty.me,other_or_restaurant_controlled | review_or_reservation_platform,2,2,negative_quality_evidence_not_structurally_captured
ChIJrb7mrW2PGGARD0DiozKNWM8,Fuji,Izakaya restaurant,Adachi Initial,65.07,73.72,73.72,0.0,public-v3-local-discovery,66.6,0.0,0.0,0.0,0.0,66.6,66.6,66.6,92.39,73.0,75.77,92.39,100.0,89.58,81.22,7.5,81.22,81.22,81.22,82.37,7.5,7.5,7.5,8.65,False,True,True,unknown,False,True,confirmed_address_identity_conflict,,False,critical:confirmed_address_identity_conflict,19.75,,,,,0,0,quality_review_themes_unavailable | negative_quality_evidence_not_structurally_captured | chain_classification | specialist_restaurant | local_audience
ChIJrcOgGlWNGGARzVqYyDScVo8,Patisserie Konohana,Pastry shop,Toshima Initial,67.48,70.63,70.63,0.0,public-v3-local-discovery,47.94,0.0,0.0,0.0,0.0,47.94,47.94,47.94,82.74,100.0,86.59,82.74,100.0,89.74,71.42,0.79,71.42,71.42,71.42,73.51,0.79,0.79,0.79,2.88,False,True,True,independent_single,False,False,,,True,,87.95,,,,,0,0,quality_review_themes_unavailable | negative_quality_evidence_not_structurally_captured
ChIJrfeApjmSGGARhGro3pSEuwo,Anzu,居酒屋,Adachi Initial,61.75,71.66,71.66,0.0,public-v3-local-discovery,57.52,0.0,0.0,0.0,0.0,57.52,57.52,57.52,94.26,73.0,82.75,94.26,100.0,91.07,77.79,6.13,77.79,77.79,77.79,79.47,6.13,6.13,6.13,7.81,False,True,True,unknown,False,False,,,True,,74.75,,,,,0,0,quality_review_themes_unavailable | negative_quality_evidence_not_structurally_captured | chain_classification | specialist_restaurant
ChIJryyAwRjuGGAR8p5N6VC_uvQ,Gentou,居酒屋,Suginami Initial,63.27,67.46,67.46,0.0,public-v3-local-discovery,44.14,0.0,0.0,0.0,0.0,44.14,44.14,44.14,87.43,94.0,81.52,87.43,100.0,88.52,70.11,2.65,70.11,70.11,70.11,72.33,2.65,2.65,2.65,4.87,False,True,True,independent_single,False,False,,,True,,80.75,,,,,0,0,quality_review_themes_unavailable | negative_quality_evidence_not_structurally_captured | specialist_restaurant
ChIJs-hMQRaNGGAReCJc6cLgmek,Yanaka Tsumugi,会席料理,Taito Initial,73.07,75.03,75.03,0.0,public-v3-local-discovery,75.15,4.0,4.0,4.0,4.0,79.15,79.15,79.15,55.63,100.0,71.49,55.63,100.0,71.49,75.03,0.0,76.83,76.83,76.83,76.45,1.8,1.8,1.8,1.42,True,True,True,independent_single,False,False,,,True,,88.35,specialist/craft evidence +2: Aged tiger pufferfish straw-grilling is a distinctive signature | signature-dish reputation +2: Aged tiger pufferfish straw-grilling is a distinctive signature,,biz-hibana.com | ibaraki-shokusai.net | tabelog.com | tablecheck.com | tsumugi-yanaka.com,other_or_restaurant_controlled | review_or_reservation_platform,3,4,negative_quality_evidence_not_structurally_captured
ChIJs0_ILQKMGGARCUAeifzb6xQ,80-nendai Sakaba Bushitsu,Izakaya,Chiyoda Initial,73.18,75.66,75.66,0.0,public-v3-local-discovery,51.08,0.0,0.0,0.0,0.0,51.08,51.08,51.08,96.07,100.0,93.05,96.07,100.0,93.05,75.66,0.0,75.66,75.66,75.66,77.76,0.0,0.0,0.0,2.1,True,True,True,independent_single,False,False,,,True,,87.95,,,retty.me | tabelog.com | tokyogyoza.net,other_or_restaurant_controlled | review_or_reservation_platform,1,3,negative_quality_evidence_not_structurally_captured
ChIJsTPuqeiJGGARJRtVjHosYyI,Sushi Koichi,Sushi,Koto Initial,77.99,78.67,78.67,0.0,public-v3-local-discovery,66.31,0.0,0.0,0.0,0.0,66.31,66.31,66.31,83.03,100.0,85.5,83.03,100.0,84.6,78.44,-0.23,78.44,78.44,78.44,79.36,-0.23,-0.23,-0.23,0.69,True,True,True,independent_single,False,False,,,True,,87.55,,,,other_or_restaurant_controlled | review_or_reservation_platform,0,1,no_independently_corroborated_food_quality_theme | negative_quality_evidence_not_structurally_captured
ChIJsUxSGjmNGGARAq6bSwSnrwE,Showa Ramen Ikebukuro Sunshine Street,Ramen restaurant,Toshima Initial,66.67,70.41,70.41,0.0,public-v3-local-discovery,68.74,0.0,0.0,0.0,0.0,68.74,68.74,68.74,71.52,78.5,67.88,71.52,78.5,71.03,71.19,0.78,71.19,71.19,71.19,71.31,0.78,0.78,0.78,0.9,False,True,True,small_group_distinct_concept,False,False,,,True,,88.35,,,ameblo.jp | showa-ramen.jp | tabelog.com | yahoo.co.jp,blog_platform | other_or_restaurant_controlled | review_or_reservation_platform,2,3,negative_quality_evidence_not_structurally_captured
ChIJsXLFGWfzGGARgZQotHmFMPY,Jiangxi Rice Noodles Guyue (Karaoke Izakaya),中華料理・カラオケ居酒屋,Suginami,83.11,82.3,90.2,7.9,public-v2-chain-classification,99.34,0.0,0.0,0.0,0.0,99.34,99.34,99.34,78.25,100.0,0.0,78.25,100.0,81.35,91.78,1.58,91.78,91.78,91.78,90.88,1.58,1.58,1.58,0.68,True,True,True,independent_single,False,False,,,True,,81.15,,,,,0,0,quality_review_themes_unavailable | negative_quality_evidence_not_structurally_captured | local_audience | international_visibility | corporate_visibility
ChIJsYdZt_zxGGARdaNKCoqht6g,OC (Ōshī),居酒屋,Suginami Initial,78.93,81.95,81.95,0.0,public-v3-local-discovery,69.53,0.0,0.0,0.0,0.0,69.53,69.53,69.53,94.93,94.0,89.28,94.93,100.0,93.64,83.94,1.99,83.94,83.94,83.94,85.14,1.99,1.99,1.99,3.19,True,True,True,independent_single,False,False,,,True,,82.35,,,,,0,0,quality_review_themes_unavailable | negative_quality_evidence_not_structurally_captured | specialist_restaurant
ChIJsdl5i3yPGGARaKDWc3MQKj0,Karakusa,Tempura restaurant,Taito Initial,80.47,78.09,79.52,1.43,public-v2-chain-classification,79.8,3.0,3.0,3.0,3.0,82.8,82.8,82.8,66.92,100.0,0.0,66.92,100.0,78.42,80.55,1.03,81.9,81.9,81.9,81.68,2.38,2.38,2.38,2.16,True,True,True,independent_single,False,False,,,True,,87.95,food/execution praise +3: Freshly fried tempura is served piece by piece,,lavietaste.com | retty.me | tabelog.com,review_or_reservation_platform,2,3,negative_quality_evidence_not_structurally_captured | local_audience | international_visibility | corporate_visibility
ChIJse9z9zbzGGARs9hEHLuEo-8,Kyoto Cuisine Aun,Kyoto cuisine / kaiseki,Shinjuku Initial,75.52,77.02,77.02,0.0,public-v3-local-discovery,86.4,0.0,0.0,0.0,0.0,86.4,86.4,86.4,62.34,82.5,65.66,62.34,82.5,65.66,77.02,0.0,77.02,77.02,77.02,75.98,0.0,0.0,0.0,-1.04,True,True,True,small_group_distinct_concept,False,False,,,True,,87.95,,,lavietaste.com | triptap.com,other_or_restaurant_controlled | review_or_reservation_platform,1,3,negative_quality_evidence_not_structurally_captured
ChIJsenTCN6JGGARPCAqux1hR40,Nihonbashi SANO,Japanese restaurant,Chuo Initial,75.93,77.58,77.58,0.0,public-v3-local-discovery,90.19,0.0,0.0,0.0,0.0,90.19,90.19,90.19,56.74,79.0,66.54,56.74,100.0,69.62,81.5,3.92,81.5,81.5,81.5,80.47,3.92,3.92,3.92,2.89,True,True,True,unknown,False,False,,,True,,88.35,,,nihonbashi-sano.com | tabelog.com | yahoo.co.jp,other_or_restaurant_controlled | review_or_reservation_platform,1,3,negative_quality_evidence_not_structurally_captured | chain_classification
ChIJt1NzEuf1GGARPZGgeghTKsU,Setagaya Yakiniku bon,焼肉,Setagaya Initial,65.19,72.95,72.95,0.0,public-v3-local-discovery,73.63,1.5,1.5,1.5,1.5,75.13,75.13,75.13,55.95,100.0,65.68,55.95,100.0,68.83,73.73,0.78,74.41,74.41,74.41,74.09,1.46,1.46,1.46,1.14,False,True,True,independent_single,False,False,,,True,,82.35,"food/execution praise +1.5: Raw-meat dishes, including yukke, are a notable part of the menu",,tabelog.com | yakinikubon.com,other_or_restaurant_controlled | review_or_reservation_platform,2,2,negative_quality_evidence_not_structurally_captured
ChIJt2QEWDmNGGARvJ5tMBSBCqI,Edo Sakaba Umi,Izakaya / standing bar,Shibuya,86.26,87.44,80.51,-6.93,public-v1,80.86,0.0,0.0,0.0,0.0,80.86,80.86,80.86,93.05,94.0,0.0,93.05,100.0,94.47,88.96,8.45,88.96,88.96,88.96,89.64,8.45,8.45,8.45,9.13,True,True,True,unknown,False,False,,,True,,87.95,,,,other_or_restaurant_controlled | review_or_reservation_platform,0,2,no_independently_corroborated_food_quality_theme | negative_quality_evidence_not_structurally_captured | chain_classification | specialist_restaurant | local_audience | international_visibility | corporate_visibility
ChIJt3IBzA2JGGARevNcDwx55uU,Fukagawa Magoroku,Yakitori restaurant,Koto Initial,71.04,79.48,79.48,0.0,public-v3-local-discovery,84.91,3.5,3.5,3.5,3.5,88.41,88.41,88.41,56.69,100.0,71.08,56.69,100.0,74.23,80.27,0.79,81.85,81.85,81.85,81.14,2.37,2.37,2.37,1.66,True,True,True,independent_single,False,False,,,True,,88.35,food/execution praise +1.5: Charcoal-grilled yakitori with carefully prepared chicken cuts | specialist/craft evidence +2: Charcoal-grilled yakitori with carefully prepared chicken cuts,,kotomise.jp | magoroku.jp | mec-h.com,other_or_restaurant_controlled,2,3,negative_quality_evidence_not_structurally_captured
ChIJt57Jd9vzGGARAXIL9prSPDY,OLE (Ore),居酒屋,Shinjuku Initial,81.97,84.33,80.52,-3.81,public-v2-chain-classification,69.61,0.0,0.0,0.0,0.0,69.61,69.61,69.61,94.43,94.0,0.0,94.43,100.0,97.1,84.76,4.24,84.76,84.76,84.76,86.14,4.24,4.24,4.24,5.62,True,True,True,independent_single,False,False,,,True,,87.55,,,ekiten.jp | tabelog.com,review_or_reservation_platform,1,2,negative_quality_evidence_not_structurally_captured | specialist_restaurant | local_audience | international_visibility | corporate_visibility
ChIJt6roUVbvGGARFqT8He9KEso,Kyoko-san no Dining,居酒屋,Suginami Initial,74.76,72.55,72.55,0.0,public-v3-local-discovery,61.17,0.0,0.0,0.0,0.0,61.17,61.17,61.17,94.22,73.0,79.76,94.22,100.0,91.3,79.48,6.93,79.48,79.48,79.48,80.99,6.93,6.93,6.93,8.44,False,True,True,unknown,False,False,,,True,,87.55,,,autoreserve.com | yahoo.co.jp,other_or_restaurant_controlled | review_or_reservation_platform,1,3,negative_quality_evidence_not_structurally_captured | chain_classification | specialist_restaurant
ChIJt7qtYACPGGARxd9MkUmW5IE,UUTO SECOND Wagyu Cafe,Wagyu restaurant / izakaya,Taito,82.86,77.44,86.16,8.72,public-v2-chain-classification,100.0,0.0,0.0,0.0,0.0,100.0,100.0,100.0,60.64,100.0,0.0,60.64,100.0,71.38,86.94,0.78,86.94,86.94,86.94,85.51,0.78,0.78,0.78,-0.65,True,True,True,independent_single,False,False,,,True,,88.35,,,ameblo.jp | tablecheck.com,blog_platform | other_or_restaurant_controlled | review_or_reservation_platform,1,3,negative_quality_evidence_not_structurally_captured | local_audience | international_visibility | corporate_visibility
ChIJt7yNWliNGGARtyx54UfOax0,Sushi Ohmi,Sushi,Chiyoda Initial,69.54,70.06,70.06,0.0,public-v3-local-discovery,61.72,0.0,0.0,0.0,0.0,61.72,61.72,61.72,61.69,100.0,72.14,61.69,100.0,72.14,70.06,0.0,70.06,70.06,70.06,70.58,0.0,0.0,0.0,0.52,False,True,True,independent_single,False,False,,,True,,82.35,,,,,0,0,quality_review_themes_unavailable | negative_quality_evidence_not_structurally_captured
ChIJtROIXgCPGGARDNTH2bQf3TY,Restaurant Kamiya,洋食,Taito Initial,61.97,61.3,61.3,0.0,public-v3-local-discovery,39.26,0.0,0.0,0.0,0.0,39.26,39.26,39.26,67.04,100.0,74.3,67.04,100.0,74.3,61.3,0.0,61.3,61.3,61.3,63.05,0.0,0.0,0.0,1.75,False,True,True,independent_single,False,False,,,True,,82.35,,,,review_or_reservation_platform,0,1,no_independently_corroborated_food_quality_theme | same_source_family_themes_excluded:1 | negative_quality_evidence_not_structurally_captured
ChIJtS529mGJGGARuTqe-OGVLvQ,Kaiseki Fujiki,Japanese cuisine,Chuo Initial,64.21,66.51,66.51,0.0,public-v3-local-discovery,51.5,0.0,0.0,0.0,0.0,51.5,51.5,51.5,67.96,100.0,72.56,67.96,100.0,76.54,67.5,0.99,67.5,67.5,67.5,68.76,0.99,0.99,0.99,2.25,False,True,True,independent_single,False,False,,,True,,87.95,,,,other_or_restaurant_controlled | review_or_reservation_platform,0,1,no_independently_corroborated_food_quality_theme | negative_quality_evidence_not_structurally_captured | local_audience
ChIJtSOIwoCPGGARtgofDWyOaZE,Café & Bar Omiya,cafe and bar,Taito Initial,77.92,70.02,70.02,0.0,public-v3-local-discovery,65.77,0.0,0.0,0.0,0.0,65.77,65.77,65.77,81.69,73.0,68.89,81.69,100.0,77.07,76.12,6.1,76.12,76.12,76.12,76.68,6.1,6.1,6.1,6.66,False,True,True,unknown,False,False,,,True,,66.35,,,,,0,0,quality_review_themes_unavailable | negative_quality_evidence_not_structurally_captured | chain_classification | specialist_restaurant | local_audience
ChIJtUQEMGaLGGARsZ3HOjBcPdI,Shinka Nogizaka,Chinese restaurant,Shinjuku Initial,77.5,78.33,78.33,0.0,public-v3-local-discovery,84.37,1.5,1.5,1.5,1.5,85.87,85.87,85.87,73.2,82.5,68.02,73.2,82.5,71.17,79.11,0.78,79.79,79.79,79.79,79.05,1.46,1.46,1.46,0.72,True,True,True,small_group_distinct_concept,False,False,,,True,,76.35,food/execution praise +1.5: Seasonal tasting courses with carefully composed dishes,,rai-ka.com | wanderlog.com,other_or_restaurant_controlled,2,3,negative_quality_evidence_not_structurally_captured
ChIJtWLCpOyLGGARvwp1ZVmN3Kw,Shinbashi Sasada,Japanese cuisine,Minato Initial,77.32,78.21,78.21,0.0,public-v3-local-discovery,79.58,0.0,0.0,0.0,0.0,79.58,79.58,79.58,62.51,100.0,72.08,62.51,100.0,72.08,78.21,0.0,78.21,78.21,78.21,77.83,0.0,0.0,0.0,-0.38,True,True,True,independent_single,False,False,,,True,,88.35,,,,other_or_restaurant_controlled | review_or_reservation_platform,0,1,no_independently_corroborated_food_quality_theme | negative_quality_evidence_not_structurally_captured
ChIJtYa6GimPGGARH4QzUm37at4,Yakiniku Katari,焼肉,Taito Initial,77.08,79.83,79.83,0.0,public-v3-local-discovery,82.55,0.0,0.0,0.0,0.0,82.55,82.55,82.55,63.7,100.0,72.52,63.7,100.0,75.67,80.62,0.79,80.62,80.62,80.62,80.28,0.79,0.79,0.79,0.45,True,True,True,independent_single,False,False,,,True,,87.95,,,,,0,0,quality_review_themes_unavailable | negative_quality_evidence_not_structurally_captured
ChIJtbuyPSOJGGARIaGcLiAI3CU,Mara Takumi,麻辣湯専門店,Koto Initial,77.54,77.3,77.3,0.0,public-v3-local-discovery,71.48,0.0,0.0,0.0,0.0,71.48,71.48,71.48,82.78,82.5,81.37,82.78,82.5,84.52,78.09,0.79,78.09,78.09,78.09,78.74,0.79,0.79,0.79,1.44,True,True,True,small_group_distinct_concept,False,False,,,True,,88.35,,,goguynet.jp | owst.jp,editorial_or_guide | other_or_restaurant_controlled | review_or_reservation_platform,1,3,negative_quality_evidence_not_structurally_captured
ChIJtdLWZb2MGGARVqeAQoptOb4,Usagi Udon,Udon restaurant,Shibuya Initial,68.82,71.85,71.85,0.0,public-v3-local-discovery,44.75,1.5,1.5,1.5,1.5,46.25,46.25,46.25,93.48,100.0,90.75,93.48,100.0,90.75,71.85,0.0,72.52,72.52,72.52,74.75,0.67,0.67,0.67,2.9,False,True,True,independent_single,False,False,,,True,,87.95,food/execution praise +1.5: Kasu udon as a notable menu item,,note.com | san-tatsu.jp | tabelog.com,blog_platform | editorial_or_guide | government_or_local_official | review_or_reservation_platform,1,4,negative_quality_evidence_not_structurally_captured
ChIJtdl_5PlfGGAROi2yvXApCnU,Miigiriya,居酒屋,Ota Initial,74.7,74.28,74.28,0.0,public-v3-local-discovery,66.09,0.0,0.0,0.0,0.0,66.09,66.09,66.09,90.13,73.0,80.28,90.13,100.0,87.54,80.14,5.86,80.14,80.14,80.14,81.22,5.86,5.86,5.86,6.94,False,True,True,unknown,False,False,,,True,,70.35,,,,,0,0,quality_review_themes_unavailable | negative_quality_evidence_not_structurally_captured | chain_classification | specialist_restaurant
ChIJtwPfUQBhGGARX3NB0AnOuAs,Diyalo Asian Restaurant and Bar,インド料理,Ota Initial,68.97,73.47,73.47,0.0,public-v3-local-discovery,65.97,0.0,0.0,0.0,0.0,65.97,65.97,65.97,84.99,79.0,76.73,84.99,100.0,82.35,78.02,4.55,78.02,78.02,78.02,78.84,4.55,4.55,4.55,5.37,False,True,True,unknown,False,False,,,True,,87.15,,,tabelog.com | tripadvisor.jp | yahoo.co.jp,other_or_restaurant_controlled | review_or_reservation_platform,2,2,negative_quality_evidence_not_structurally_captured | chain_classification
ChIJtwy-Hz_yGGARy20toJr6kZk,Fukunoya,おでん,Suginami Initial,76.65,79.78,79.78,0.0,public-v3-local-discovery,61.56,1.5,1.5,1.5,1.5,63.06,63.06,63.06,96.19,100.0,90.59,96.19,100.0,93.74,80.57,0.79,81.24,81.24,81.24,82.77,1.46,1.46,1.46,2.99,True,True,True,independent_single,False,False,,,True,,87.95,food/execution praise +1.5: Kyoto-style light broth and carefully prepared oden,,toyokeizai.net | tv-tokyo.co.jp,other_or_restaurant_controlled | review_or_reservation_platform,1,3,negative_quality_evidence_not_structurally_captured
ChIJty8wjE-RGGAROgr3vKDEAuY,Yakusudong Gukbap,韓国料理,Adachi Initial,74.3,83.28,83.28,0.0,public-v3-local-discovery,87.15,0.0,0.0,0.0,0.0,87.15,87.15,87.15,73.35,100.0,72.24,73.35,100.0,75.39,84.07,0.79,84.07,84.07,84.07,83.48,0.79,0.79,0.79,0.2,True,True,True,independent_single,False,False,,,True,,87.95,,,,review_or_reservation_platform,0,3,no_independently_corroborated_food_quality_theme | same_source_family_themes_excluded:2 | negative_quality_evidence_not_structurally_captured
ChIJtyAS_kfzGGARE6I-lBjgamQ,Restaurant La Chambre,French restaurant,Shinjuku Initial,71.49,78.24,78.24,0.0,public-v3-local-discovery,66.76,3.5,3.5,3.5,3.5,70.26,70.26,70.26,83.87,100.0,82.47,83.87,100.0,85.62,79.03,0.79,80.6,80.6,80.6,81.37,2.36,2.36,2.36,3.13,True,True,True,independent_single,False,False,,,True,,81.95,food/execution praise +1.5: The restaurant is known for pairing French cuisine with carefully selected wines | signature-dish reputation +2: The restaurant is known for pairing French cuisine with carefully selected wines,,restaurant-lachambre2007.com | wanderlog.com,other_or_restaurant_controlled,2,2,negative_quality_evidence_not_structurally_captured
ChIJtyDgsNOLGGARETyOjtfemPw,Tullio,Italian restaurant,Shibuya Initial,70.15,83.4,83.4,0.0,public-v3-local-discovery,65.66,0.0,0.0,0.0,0.0,65.66,65.66,65.66,99.25,100.0,95.85,99.25,100.0,95.85,83.4,0.0,83.4,83.4,83.4,84.91,0.0,0.0,0.0,1.51,True,True,True,independent_single,False,False,,,True,,87.95,,,dancyu.jp | livedoor.com | tabelog.com,other_or_restaurant_controlled | review_or_reservation_platform,1,1,negative_quality_evidence_not_structurally_captured
ChIJtylO3jZhGGARyT3iCtU3uSw,Izakaya Kenchan,居酒屋,Ota,82.63,78.75,80.16,1.41,public-v2-chain-classification,87.64,0.0,0.0,0.0,0.0,87.64,87.64,87.64,81.81,73.0,0.0,81.81,100.0,81.98,87.2,7.04,87.2,87.2,87.2,86.92,7.04,7.04,7.04,6.76,True,True,True,unknown,False,False,,,True,,87.95,,,,,0,0,quality_review_themes_unavailable | negative_quality_evidence_not_structurally_captured | chain_classification | specialist_restaurant | local_audience | international_visibility | corporate_visibility
ChIJu-DeSAGJGGARYLPQT52vqhw,Sumibi Yakiniku Senryu,焼肉,Koto Initial,68.8,74.85,74.85,0.0,public-v3-local-discovery,73.28,0.0,0.0,0.0,0.0,73.28,73.28,73.28,56.51,100.0,73.59,56.51,100.0,76.74,75.64,0.79,75.64,75.64,75.64,75.81,0.79,0.79,0.79,0.96,False,True,True,independent_single,False,False,,,True,,88.35,,,,,0,0,quality_review_themes_unavailable | negative_quality_evidence_not_structurally_captured
ChIJu40U23aLGGARJ4Gk33MkyAU,Sushiya no Ike-kan,Sushi restaurant,Shinjuku Initial,73.65,81.25,81.25,0.0,public-v3-local-discovery,81.69,1.5,1.5,1.5,1.5,83.19,83.19,83.19,73.77,100.0,73.69,73.77,100.0,77.87,82.29,1.04,82.97,82.97,82.97,82.7,1.72,1.72,1.72,1.45,True,True,True,independent_single,False,False,,,True,,82.35,"food/execution praise +1.5: Careful preparation of sushi rice, seasoning, and ingredients",,taveri.jp | wanderlog.com,other_or_restaurant_controlled,2,3,negative_quality_evidence_not_structurally_captured | local_audience
ChIJu6dV29TzGGARzgarPJEpQdE,vivo daily stand Nishi-Eifuku,ワインバー・バル,Suginami Initial,69.44,54.99,54.99,0.0,public-v3-local-discovery,68.01,0.0,0.0,0.0,0.0,68.01,68.01,68.01,66.52,12.0,59.08,66.52,12.0,62.23,54.99,0.0,54.99,54.99,54.99,54.99,0.0,0.0,0.0,0.0,False,True,True,large_chain_or_franchise,True,False,,,False,chain_excluded,88.35,,,hotpepper.jp | tabelog.com,other_or_restaurant_controlled | review_or_reservation_platform,1,4,negative_quality_evidence_not_structurally_captured
ChIJu8IpvWf0GGAReqrkXRLcFOo,SENA,イタリアン,Setagaya Initial,61.15,64.47,64.47,0.0,public-v3-local-discovery,39.09,0.0,0.0,0.0,0.0,39.09,39.09,39.09,81.41,94.0,82.28,81.41,100.0,85.87,66.27,1.8,66.27,66.27,66.27,68.61,1.8,1.8,1.8,4.14,False,True,True,independent_single,False,False,,,True,,81.95,,,ekiten.jp | tabelog.com,review_or_reservation_platform,1,2,same_source_family_themes_excluded:1 | negative_quality_evidence_not_structurally_captured | specialist_restaurant
ChIJu8QTGSSOGGARIGVEMyiSOvk,Hamashin,Tempura restaurant,Adachi Initial,78.48,81.33,81.33,0.0,public-v3-local-discovery,68.14,2.0,2.0,2.0,2.0,70.14,70.14,70.14,89.78,100.0,88.8,89.78,100.0,91.95,82.12,0.79,83.02,83.02,83.02,84.11,1.69,1.69,1.69,2.78,True,True,True,independent_single,False,False,,,True,,99.6,"signature-dish reputation +2: Tempura is the core specialty, with broader Japanese dishes beyond tempura",,ekiten.jp | tabelog.com | yahoo.co.jp,other_or_restaurant_controlled | review_or_reservation_platform,2,4,negative_quality_evidence_not_structurally_captured
ChIJu9sCqkqKGGARefMe0G_IJ2M,Toshi,Japanized western restaurant,Minato Initial,64.66,70.54,70.54,0.0,public-v3-local-discovery,50.94,0.0,0.0,0.0,0.0,50.94,50.94,50.94,77.81,100.0,83.79,77.81,100.0,83.79,70.54,0.0,70.54,70.54,70.54,72.18,0.0,0.0,0.0,1.64,False,True,True,independent_single,False,False,,,True,,87.95,,,,blog_platform | other_or_restaurant_controlled | review_or_reservation_platform,0,3,no_independently_corroborated_food_quality_theme | negative_quality_evidence_not_structurally_captured
ChIJuQO-C7GPGGARY6IZZWYSG4Q,Nihonshu・Shochu Dining Nihei,Izakaya,Taito Initial,74.96,85.27,85.27,0.0,public-v3-local-discovery,100.0,3.0,3.0,3.0,3.0,100.0,100.0,100.0,53.32,100.0,69.08,53.32,100.0,72.23,86.06,0.79,86.06,86.06,86.06,84.67,0.79,0.79,0.79,-0.6,True,True,True,independent_single,False,False,,,True,,88.35,food/execution praise +3: Carefully selected sake and shochu are a central part of the experience,,hotpepper.jp | niheishokudo.com,other_or_restaurant_controlled | review_or_reservation_platform,2,3,negative_quality_evidence_not_structurally_captured
ChIJuQwqC_mNGGARV58m3cG_bxg,Yukinko,Izakaya,Toshima Initial,68.83,82.03,82.03,0.0,public-v3-local-discovery,68.41,0.0,0.0,0.0,0.0,68.41,68.41,68.41,96.85,94.0,90.48,96.85,100.0,94.98,84.06,2.03,84.06,84.06,84.06,85.39,2.03,2.03,2.03,3.36,True,True,True,independent_single,False,False,,,True,,81.95,,,,,0,0,quality_review_themes_unavailable | negative_quality_evidence_not_structurally_captured | specialist_restaurant
ChIJuTPk4weNGGARGDgBlCzaD18,Kateifu Izakaya Tasuki,居酒屋,Toshima Initial,74.05,76.36,76.36,0.0,public-v3-local-discovery,63.61,0.0,0.0,0.0,0.0,63.61,63.61,63.61,86.05,94.0,82.91,86.05,100.0,90.06,79.05,2.69,79.05,79.05,79.05,80.37,2.69,2.69,2.69,4.01,True,True,True,independent_single,False,False,,,True,,81.95,,,,other_or_restaurant_controlled | review_or_reservation_platform,0,2,no_independently_corroborated_food_quality_theme | same_source_family_themes_excluded:1 | negative_quality_evidence_not_structurally_captured | specialist_restaurant
ChIJuUUiJwCNGGARlNLrGou4Cfg,Kato,Chinese restaurant,Shibuya Initial,68.34,74.78,74.78,0.0,public-v3-local-discovery,65.7,1.5,1.5,1.5,1.5,67.2,67.2,67.2,88.75,79.0,80.23,88.75,100.0,86.73,79.56,4.78,80.23,80.23,80.23,81.21,5.45,5.45,5.45,6.43,False,True,True,unknown,False,False,,,True,,75.55,"food/execution praise +1.5: Deep, carefully developed broth and umami-forward Chinese cooking",,tabelog.com | yahoo.co.jp,other_or_restaurant_controlled | review_or_reservation_platform,1,2,negative_quality_evidence_not_structurally_captured | chain_classification
ChIJuX4KovGIGGAR4AMX_JN3ftQ,Kazu,Izakaya,Koto Initial,76.38,75.12,75.12,0.0,public-v3-local-discovery,68.0,0.0,0.0,0.0,0.0,68.0,68.0,68.0,92.63,73.0,78.69,92.63,100.0,89.77,81.94,6.82,81.94,81.94,81.94,83.03,6.82,6.82,6.82,7.91,True,True,True,unknown,False,False,,,True,,81.95,,,,,0,0,quality_review_themes_unavailable | negative_quality_evidence_not_structurally_captured | chain_classification | specialist_restaurant
ChIJuXdhUjWLGGARPCm51rrL-CE,Sushi Tanaka,Sushi restaurant,Minato Initial,79.61,80.98,80.98,0.0,public-v3-local-discovery,77.2,0.0,0.0,0.0,0.0,77.2,77.2,77.2,72.19,100.0,81.63,72.19,100.0,80.73,80.75,-0.23,80.75,80.75,80.75,80.93,-0.23,-0.23,-0.23,-0.05,False,True,True,independent_single,False,True,confirmed_permanent_closure,,False,critical:confirmed_permanent_closure,87.95,,,blogspot.com | reddit.com | tabelog.com | yahoo.co.jp,other_or_restaurant_controlled | review_or_reservation_platform,3,3,negative_quality_evidence_not_structurally_captured
ChIJuYZ1fK6NGGARUa4ABVsvsSI,Korean Sundubu,韓国料理,Toshima Initial,79.54,78.25,78.25,0.0,public-v3-local-discovery,75.33,0.0,0.0,0.0,0.0,75.33,75.33,75.33,89.97,79.0,76.03,89.97,100.0,81.48,82.76,4.51,82.76,82.76,82.76,83.07,4.51,4.51,4.51,4.82,True,True,True,unknown,False,False,,,True,,75.15,,,,review_or_reservation_platform,0,2,no_independently_corroborated_food_quality_theme | same_source_family_themes_excluded:2 | negative_quality_evidence_not_structurally_captured | chain_classification
ChIJuZ2krYaOGGARQiVhq5VZZRs,Uokō,居酒屋,Taito Initial,74.26,76.39,76.39,0.0,public-v3-local-discovery,65.42,0.0,0.0,0.0,0.0,65.42,65.42,65.42,79.3,100.0,80.23,79.3,100.0,83.38,77.18,0.79,77.18,77.18,77.18,78.08,0.79,0.79,0.79,1.69,True,True,True,independent_single,False,False,,,True,,88.35,,,,,0,0,quality_review_themes_unavailable | negative_quality_evidence_not_structurally_captured
ChIJud60V3GNGGARMNPLUYyKPnM,Tentoshi,天ぷら,Toshima Initial,78.61,84.45,84.45,0.0,public-v3-local-discovery,76.59,0.0,0.0,0.0,0.0,76.59,76.59,76.59,87.61,100.0,87.39,87.61,100.0,87.39,84.45,0.0,84.45,84.45,84.45,84.99,0.0,0.0,0.0,0.54,True,True,True,independent_single,False,False,,,True,,98.4,,,ikebukuro-toshimah-rc.org | ntv.co.jp | tripadvisor.jp,blog_platform | other_or_restaurant_controlled | review_or_reservation_platform,1,3,negative_quality_evidence_not_structurally_captured
ChIJudnUUV6JGGARFMuUSSYQzSc,Yamamototei,居酒屋,Chuo Initial,72.01,71.41,71.41,0.0,public-v3-local-discovery,48.23,0.0,0.0,0.0,0.0,48.23,48.23,48.23,92.56,94.0,86.9,92.56,100.0,94.5,74.21,2.8,74.21,74.21,74.21,76.53,2.8,2.8,2.8,5.12,False,True,True,independent_single,False,False,,,True,,74.35,,,,other_or_restaurant_controlled | review_or_reservation_platform,0,2,no_independently_corroborated_food_quality_theme | negative_quality_evidence_not_structurally_captured | specialist_restaurant
ChIJufH5w2mLGGARJNgHA2uXoYo,d'ici,French bistro,Minato Initial,63.42,70.13,70.13,0.0,public-v3-local-discovery,74.7,0.0,0.0,0.0,0.0,74.7,74.7,74.7,42.6,100.0,60.5,42.6,100.0,60.5,70.13,0.0,70.13,70.13,70.13,69.42,0.0,0.0,0.0,-0.71,False,True,True,independent_single,False,False,,,True,,81.95,,,,,0,0,quality_review_themes_unavailable | negative_quality_evidence_not_structurally_captured
ChIJuwLDMaqMGGARAAPYTN4gl0g,Lounge 8 Tokyo,Bar,Shibuya,83.59,75.99,75.99,0.0,public-v3-local-discovery,74.99,0.0,0.0,0.0,0.0,74.99,74.99,74.99,79.35,79.0,73.95,79.35,100.0,80.56,80.79,4.8,80.79,80.79,80.79,81.07,4.8,4.8,4.8,5.08,True,True,True,unknown,False,False,,,True,,66.15,,,,other_or_restaurant_controlled | review_or_reservation_platform,0,2,no_independently_corroborated_food_quality_theme | negative_quality_evidence_not_structurally_captured | chain_classification | local_audience | international_visibility | corporate_visibility
ChIJuwM0uuSPGGARYzhhQoOnLTw,Bear-no-ie,たこ焼き,Adachi Initial,62.5,72.95,72.95,0.0,public-v3-local-discovery,66.67,1.5,1.5,1.5,1.5,68.17,68.17,68.17,61.5,100.0,74.91,61.5,100.0,74.91,72.95,0.0,73.63,73.63,73.63,73.97,0.68,0.68,0.68,1.02,False,True,True,independent_single,False,False,,,True,,72.55,"food/execution praise +1.5: Made-to-order service and hot, freshly prepared takoyaki",,adachikuarukitai.com | asaihome.co.jp | kitasenjunin.com | retty.me | yahoo.co.jp,other_or_restaurant_controlled | review_or_reservation_platform,2,4,negative_quality_evidence_not_structurally_captured
ChIJuyVwmlXxGGARYp7ZDiyMGPI,Shunpu Taitou,Bistro,Setagaya Initial,70.15,76.69,76.69,0.0,public-v3-local-discovery,67.83,0.0,0.0,0.0,0.0,67.83,67.83,67.83,74.49,100.0,79.96,74.49,100.0,83.11,77.47,0.78,77.47,77.47,77.47,78.24,0.78,0.78,0.78,1.55,True,True,True,independent_single,False,False,,,True,,88.35,,,,,0,0,quality_review_themes_unavailable | negative_quality_evidence_not_structurally_captured
ChIJv-5yzOiNGGARGnWUzwfbBCI,Teppanyaki Steak SUN SHO,Teppanyaki restaurant,Shinjuku Initial,75.0,81.49,81.49,0.0,public-v3-local-discovery,100.0,0.0,0.0,0.0,0.0,100.0,100.0,100.0,42.87,100.0,60.23,42.87,100.0,60.23,81.49,0.0,81.49,81.49,81.49,79.5,0.0,0.0,0.0,-1.99,True,True,True,independent_single,False,False,,,True,,87.95,,,,other_or_restaurant_controlled | review_or_reservation_platform,0,3,no_independently_corroborated_food_quality_theme | negative_quality_evidence_not_structurally_captured
ChIJv-9kUwCLGGARFn--okn1byE,Yakitori Enma,Yakitori restaurant,Minato Initial,72.38,73.73,73.73,0.0,public-v3-local-discovery,77.93,0.0,0.0,0.0,0.0,77.93,77.93,77.93,60.61,82.5,68.78,60.61,82.5,72.09,74.56,0.83,74.56,74.56,74.56,74.27,0.83,0.83,0.83,0.54,False,True,True,small_group_distinct_concept,False,False,,,True,,88.35,,,gnavi.co.jp | ikyu.com | tabelog.com | takeme.com,other_or_restaurant_controlled | review_or_reservation_platform,2,3,negative_quality_evidence_not_structurally_captured | local_audience
ChIJv0C4H4TzGGARx5nVg4IFMhI,Cucina Kiona,Italian restaurant,Setagaya Initial,75.13,76.97,76.97,0.0,public-v3-local-discovery,54.86,0.0,0.0,0.0,0.0,54.86,54.86,54.86,97.43,100.0,90.67,97.43,100.0,93.82,77.76,0.79,77.76,77.76,77.76,79.7,0.79,0.79,0.79,2.73,True,True,True,independent_single,False,False,,,True,,87.95,,,gnavi.co.jp | retty.me,other_or_restaurant_controlled | review_or_reservation_platform,1,2,negative_quality_evidence_not_structurally_captured
ChIJv3DQNNCNGGARPhDuCiJjcKo,EZOTTORIA,Italian restaurant,Taito Initial,65.01,68.95,68.95,0.0,public-v3-local-discovery,47.58,0.0,0.0,0.0,0.0,47.58,47.58,47.58,79.92,100.0,82.21,79.92,100.0,85.36,69.74,0.79,69.74,69.74,69.74,71.63,0.79,0.79,0.79,2.68,False,True,True,independent_single,False,False,,,True,,81.95,,,koumetan.com | tabelog.com | wanderlog.com,other_or_restaurant_controlled | review_or_reservation_platform,1,1,negative_quality_evidence_not_structurally_captured
ChIJv7KsEk2JGGAREcNYov7zTs0,GaNapati Higashi-Nihombashi,Indian restaurant,Chuo Initial,60.52,57.05,57.05,0.0,public-v3-local-discovery,29.09,0.0,0.0,0.0,0.0,29.09,29.09,29.09,81.05,78.5,80.12,81.05,78.5,83.27,57.84,0.79,57.84,57.84,57.84,60.55,0.79,0.79,0.79,3.5,False,True,True,small_group_distinct_concept,False,False,,,True,,88.35,,,retty.me | tabelog.com,review_or_reservation_platform,1,2,negative_quality_evidence_not_structurally_captured
ChIJv9vCd1mNGGARjbqdZEpPKKE,Restaurant Ivy,University cafeteria,Toshima Initial,68.88,72.79,72.79,0.0,public-v3-local-discovery,59.06,0.0,0.0,0.0,0.0,59.06,59.06,59.06,85.2,94.0,77.33,85.2,100.0,86.44,75.97,3.18,75.97,75.97,75.97,77.34,3.18,3.18,3.18,4.55,False,True,True,independent_single,False,False,,,True,,81.95,,,,,0,0,quality_review_themes_unavailable | negative_quality_evidence_not_structurally_captured | specialist_restaurant | local_audience
ChIJvQCMjD6JGGARvtMyEY8LH2o,Shokukobo BEST,食堂・定食,Koto Initial,76.1,80.46,80.46,0.0,public-v3-local-discovery,70.54,0.0,0.0,0.0,0.0,70.54,70.54,70.54,89.23,94.0,84.92,89.23,100.0,88.81,82.33,1.87,82.33,82.33,82.33,83.24,1.87,1.87,1.87,2.78,True,True,True,independent_single,False,False,,,True,,81.15,,,,,0,0,quality_review_themes_unavailable | negative_quality_evidence_not_structurally_captured | specialist_restaurant
ChIJvSwFVwCLGGARiP66F60iZnI,Kashiwa Hamamatsucho,Tempura izakaya,Minato Initial,67.95,66.74,66.74,0.0,public-v3-local-discovery,64.07,1.5,1.5,1.5,1.5,65.57,65.57,65.57,73.2,67.0,67.52,73.2,60.0,70.83,66.52,-0.22,67.19,67.19,67.19,67.46,0.45,0.45,0.45,0.72,False,True,True,unknown,False,False,,,True,,76.35,"food/execution praise +1.5: Chicken tempura is the central draw, with crisp batter and juicy chicken",,kashiwa-hamamatsucho.com | tabelog.com,other_or_restaurant_controlled | review_or_reservation_platform,2,2,negative_quality_evidence_not_structurally_captured | chain_classification
ChIJvVnEd5j1GGARGemORVbcFw8,Pizzeria Simbiosi,Pizza restaurant,Setagaya Initial,77.55,80.45,80.45,0.0,public-v3-local-discovery,69.35,0.0,0.0,0.0,0.0,69.35,69.35,69.35,85.66,100.0,85.57,85.66,100.0,88.72,81.24,0.79,81.24,81.24,81.24,82.2,0.79,0.79,0.79,1.75,True,True,True,independent_single,False,False,,,True,,87.95,,,oshi-china.com | tabelog.com,other_or_restaurant_controlled | review_or_reservation_platform,1,4,same_source_family_themes_excluded:2 | negative_quality_evidence_not_structurally_captured
ChIJvZTEdaWTGGARC0fKkkhwk3o,Torisho,焼き鳥,Toshima Initial,71.31,76.24,76.24,0.0,public-v3-local-discovery,54.84,0.0,0.0,0.0,0.0,54.84,54.84,54.84,92.07,100.0,91.0,92.07,100.0,91.0,76.24,0.0,76.24,76.24,76.24,78.05,0.0,0.0,0.0,1.81,True,True,True,independent_single,False,False,,,True,,75.15,,,,,0,0,quality_review_themes_unavailable | negative_quality_evidence_not_structurally_captured
ChIJv_t5X4XvGGARLSUtEeSAfe4,Teppan Nishimura Honten,Teppanyaki,Suginami Initial,60.27,71.27,71.27,0.0,public-v3-local-discovery,76.16,0.0,0.0,0.0,0.0,76.16,76.16,76.16,43.53,100.0,61.88,43.53,100.0,63.97,71.79,0.52,71.79,71.79,71.79,71.18,0.52,0.52,0.52,-0.09,False,True,True,independent_single,False,False,,,True,,88.35,,,ikyu.com | kichijoji-go.net | restaurantguru.com | teppan-nishimura.jp,other_or_restaurant_controlled | review_or_reservation_platform,2,3,negative_quality_evidence_not_structurally_captured | local_audience
ChIJvdV87IiJGGARleVGizDqYLw,Tempura Yaguchi,Tempura restaurant,Chuo Initial,75.61,73.06,73.06,0.0,public-v3-local-discovery,58.36,1.5,1.5,1.5,1.5,59.86,59.86,59.86,73.03,100.0,83.38,73.03,100.0,83.38,73.06,0.0,73.74,73.74,73.74,74.91,0.68,0.68,0.68,1.85,False,True,True,independent_single,False,False,,,True,,87.95,"food/execution praise +1.5: Ingredient-focused tempura with light, crisp batter",,hamoni.jp | michelin.com | wanderlog.com,other_or_restaurant_controlled | review_or_reservation_platform,1,3,negative_quality_evidence_not_structurally_captured
ChIJvdohV-LzGGART_Sfr5if8hk,Namaste Japan Restaurant & Bar,Indian and Nepalese restaurant,Suginami Initial,73.22,81.14,81.14,0.0,public-v3-local-discovery,84.4,0.0,0.0,0.0,0.0,84.4,84.4,84.4,73.65,94.0,72.04,73.65,100.0,77.99,83.53,2.39,83.53,83.53,83.53,83.2,2.39,2.39,2.39,2.06,True,True,True,independent_single,False,False,,,True,,81.95,,,eifukukita.com | restaurantguru.jp | ubereats.com | wanderlog.com,other_or_restaurant_controlled,2,3,negative_quality_evidence_not_structurally_captured | specialist_restaurant
ChIJvwopXaiNGGARCTuQaPeNUBk,Hinata-ya,居酒屋,Shinjuku Initial,79.47,80.77,80.77,0.0,public-v3-local-discovery,73.11,0.0,0.0,0.0,0.0,73.11,73.11,73.11,88.83,94.0,81.8,88.83,100.0,92.39,84.32,3.55,84.32,84.32,84.32,85.29,3.55,3.55,3.55,4.52,True,True,True,independent_single,False,False,,,True,,81.95,,,,,0,0,quality_review_themes_unavailable | negative_quality_evidence_not_structurally_captured | specialist_restaurant | local_audience
ChIJw-a5qeHzGGARebk-4ljN2MA,Thalee Ling,Modern Thai restaurant,Shinjuku Initial,63.69,66.63,66.63,0.0,public-v3-local-discovery,60.44,0.0,0.0,0.0,0.0,60.44,60.44,60.44,68.11,82.5,67.35,68.11,82.5,70.5,67.41,0.78,67.41,67.41,67.41,67.92,0.78,0.78,0.78,1.29,False,True,True,small_group_distinct_concept,False,False,,,True,,88.35,,,,,0,0,quality_review_themes_unavailable | negative_quality_evidence_not_structurally_captured
ChIJw3h76h-NGGARrf9tR5Y1Sv0,Nepal India Restaurant Solti,Nepalese restaurant,Toshima Initial,73.24,77.44,77.44,0.0,public-v3-local-discovery,85.9,0.0,0.0,0.0,0.0,85.9,85.9,85.9,72.78,79.0,64.08,72.78,100.0,66.54,81.21,3.77,81.21,81.21,81.21,80.24,3.77,3.77,3.77,2.8,True,True,True,unknown,False,False,,,True,,87.95,,,,review_or_reservation_platform,0,1,no_independently_corroborated_food_quality_theme | same_source_family_themes_excluded:1 | negative_quality_evidence_not_structurally_captured | chain_classification
ChIJw40TzFaLGGARJRTnn2SZmBU,Kuryu,九州季節料理・ちゃんこ鍋,Minato Initial,74.16,81.14,81.14,0.0,public-v3-local-discovery,75.23,0.0,0.0,0.0,0.0,75.23,75.23,75.23,79.99,100.0,81.14,79.99,100.0,84.29,81.92,0.78,81.92,81.92,81.92,82.38,0.78,0.78,0.78,1.24,True,True,True,independent_single,False,False,,,True,,87.95,,,azabujuban.or.jp | tabelog.com | yahoo.co.jp,other_or_restaurant_controlled | review_or_reservation_platform,1,4,same_source_family_themes_excluded:1 | negative_quality_evidence_not_structurally_captured
ChIJw5j9FWONGGARARaV_t_Nl3A,Korin Suisan,Fish restaurant,Toshima Initial,73.31,77.46,77.46,0.0,public-v3-local-discovery,74.76,0.0,0.0,0.0,0.0,74.76,74.76,74.76,63.24,100.0,77.34,63.24,100.0,76.44,77.24,-0.22,77.24,77.24,77.24,77.32,-0.22,-0.22,-0.22,-0.14,True,True,True,independent_single,False,False,,,True,,87.95,,,ikebukuro-times.com | retty.me | tabelog.com,other_or_restaurant_controlled | review_or_reservation_platform,1,2,negative_quality_evidence_not_structurally_captured
ChIJw8AprDPzGGARAJNJLzf5z7k,Hanaori,創作和食,Suginami Initial,67.38,74.18,74.18,0.0,public-v3-local-discovery,72.81,2.0,2.0,2.0,2.0,74.81,74.81,74.81,58.73,100.0,70.41,58.73,100.0,73.56,74.96,0.78,75.86,75.86,75.86,75.8,1.68,1.68,1.68,1.62,False,True,True,independent_single,False,False,,,True,,88.35,signature-dish reputation +2: Platinum Pork shabu-shabu is a central specialty,,gnavi.co.jp | nakano-hanaori.com | retty.me | tabelog.com | tokyogrown.jp,other_or_restaurant_controlled | review_or_reservation_platform,2,3,negative_quality_evidence_not_structurally_captured
ChIJw97h5hSLGGARsDLYo1Ri9wo,Wa-no-Shoku Igarashi,Japanese cuisine,Shibuya Initial,70.55,74.88,74.88,0.0,public-v3-local-discovery,76.47,1.5,1.5,1.5,1.5,77.97,77.97,77.97,51.8,100.0,70.78,51.8,100.0,70.78,74.88,0.0,75.55,75.55,75.55,75.19,0.67,0.67,0.67,0.31,False,True,True,independent_single,False,False,,,True,,87.95,food/execution praise +1.5: Seasonal Japanese ingredients and carefully composed courses,,gourmand-wg9141.com | tabelog.com,other_or_restaurant_controlled | review_or_reservation_platform,1,3,same_source_family_themes_excluded:1 | negative_quality_evidence_not_structurally_captured
ChIJwQbrMSzzGGARYjTKeA_Uqfs,Kiraku,Izakaya,Setagaya Initial,75.22,76.7,76.7,0.0,public-v3-local-discovery,57.96,0.0,0.0,0.0,0.0,57.96,57.96,57.96,97.31,94.0,87.69,97.31,100.0,95.38,79.52,2.82,79.52,79.52,79.52,81.39,2.82,2.82,2.82,4.69,True,True,True,independent_single,False,False,,,True,,87.95,,,,,0,0,quality_review_themes_unavailable | negative_quality_evidence_not_structurally_captured | specialist_restaurant
ChIJwUh9GxaJGGARX71IGi7X9Fg,Kusakabe,Monjayaki restaurant,Koto Initial,62.53,71.08,71.08,0.0,public-v3-local-discovery,58.99,0.0,0.0,0.0,0.0,58.99,58.99,58.99,70.63,100.0,75.75,70.63,100.0,78.9,71.87,0.79,71.87,71.87,71.87,72.86,0.79,0.79,0.79,1.78,False,True,True,independent_single,False,False,,,True,,75.15,,,,review_or_reservation_platform,0,1,no_independently_corroborated_food_quality_theme | negative_quality_evidence_not_structurally_captured
ChIJwX-K7sORGGARnNpiHhVGF1s,Donguri,Izakaya restaurant,Adachi Initial,60.17,65.38,65.38,0.0,public-v3-local-discovery,52.88,0.0,0.0,0.0,0.0,52.88,52.88,52.88,82.8,73.0,72.86,93.73,100.0,94.08,76.38,11.0,76.38,76.38,76.38,78.44,11.0,11.0,11.0,13.06,False,True,True,unknown,False,False,,,True,,19.55,,,,,0,0,quality_review_themes_unavailable | negative_quality_evidence_not_structurally_captured | tourist_coverage | chain_classification | specialist_restaurant | local_audience | tourist_orientation | international_visibility | corporate_visibility
ChIJwXYZD-2OGGARJhulGMTMjlA,Sakuranabe Nakae Annex Kanemura,馬肉料理,Taito Initial,60.76,65.64,65.64,0.0,public-v3-local-discovery,54.43,0.0,0.0,0.0,0.0,54.43,54.43,54.43,75.03,82.5,70.07,75.03,82.5,73.22,66.43,0.79,66.43,66.43,66.43,67.37,0.79,0.79,0.79,1.73,False,False,True,small_group_distinct_concept,False,True,confirmed_address_identity_conflict,,False,product_ineligible | critical:confirmed_address_identity_conflict,73.35,,,sakuranabe.com | tabelog.com,other_or_restaurant_controlled | review_or_reservation_platform,1,2,negative_quality_evidence_not_structurally_captured
ChIJwZ4LuxqTGGARfKem0wiPcoQ,Choya,居酒屋,Adachi Initial,66.55,73.53,73.53,0.0,public-v3-local-discovery,61.19,0.0,0.0,0.0,0.0,61.19,61.19,61.19,82.22,94.0,78.26,82.22,100.0,84.9,76.09,2.56,76.09,76.09,76.09,77.28,2.56,2.56,2.56,3.75,False,True,True,independent_single,False,False,,,True,,81.95,,,,,0,0,quality_review_themes_unavailable | negative_quality_evidence_not_structurally_captured | specialist_restaurant
ChIJw_xKIo7xGGARj_5ddHbY-f4,Kanaha,Sushi,Setagaya Initial,62.69,68.79,68.79,0.0,public-v3-local-discovery,44.11,0.0,0.0,0.0,0.0,44.11,44.11,44.11,82.17,100.0,86.45,82.17,100.0,86.45,68.79,0.0,68.79,68.79,68.79,70.9,0.0,0.0,0.0,2.11,False,True,True,independent_single,False,False,,,True,,87.55,,,blogspot.com | ekiten.jp | tabelog.com,other_or_restaurant_controlled | review_or_reservation_platform,2,2,negative_quality_evidence_not_structurally_captured
ChIJwbn3eVKPGGARm29oMa6ZjeI,Sushi Oku,寿司,Taito Initial,80.63,75.18,75.18,0.0,public-v3-local-discovery,65.97,2.0,2.0,2.0,2.0,67.97,67.97,67.97,71.25,100.0,79.22,71.25,100.0,84.22,76.43,1.25,77.33,77.33,77.33,78.14,2.15,2.15,2.15,2.96,True,True,True,independent_single,False,False,,,True,,72.95,signature-dish reputation +2: The chef’s seasoned rice is frequently noted for balance,,sushi-blog.com | tabelog.com,other_or_restaurant_controlled | review_or_reservation_platform,3,4,negative_quality_evidence_not_structurally_captured | local_audience | international_visibility | corporate_visibility
ChIJwbsAfMaRGGARbaZNfL7XBF4,Jingisukan Specialty Restaurant Shiki Sakaba RAM CHAN,Jingisukan restaurant,Adachi Initial,65.95,70.89,70.89,0.0,public-v3-local-discovery,71.08,3.5,3.5,3.5,3.5,74.58,74.58,74.58,73.36,79.0,64.22,73.36,100.0,70.57,75.63,4.74,77.21,77.21,77.21,77.01,6.32,6.32,6.32,6.12,False,True,True,unknown,False,False,,,True,,87.15,food/execution praise +1.5: Handmade lamb dumplings are a notable menu item | specialist/craft evidence +2: Handmade lamb dumplings are a notable menu item,,apese.net | ste-map.com | wanderlog.com,other_or_restaurant_controlled,2,3,negative_quality_evidence_not_structurally_captured | chain_classification | local_audience
ChIJwfkcddaNGGARcPt6ud_aeHI,Yamadaya Nippori,焼肉,Taito Initial,61.33,61.76,61.76,0.0,public-v3-local-discovery,50.73,0.0,0.0,0.0,0.0,50.73,50.73,50.73,62.25,78.5,71.27,62.25,78.5,70.36,61.53,-0.23,61.53,61.53,61.53,62.51,-0.23,-0.23,-0.23,0.75,False,True,True,small_group_distinct_concept,False,False,,,True,,87.95,,,tabelog.com | wanderlog.com,editorial_or_guide | other_or_restaurant_controlled | review_or_reservation_platform,1,3,negative_quality_evidence_not_structurally_captured
ChIJww2fLceOGGARt_aRHqu0ArI,Yoitora,ふぐ・日本料理・鍋・居酒屋,Taito Initial,79.73,83.45,83.45,0.0,public-v3-local-discovery,72.93,0.0,0.0,0.0,0.0,72.93,72.93,72.93,87.85,100.0,89.81,87.85,100.0,89.81,83.45,0.0,83.45,83.45,83.45,84.29,0.0,0.0,0.0,0.84,True,True,True,independent_single,False,False,,,True,,87.55,,,asakusa-ryoin.com | tabelog.com | topblog.jp | tripadvisor.jp,other_or_restaurant_controlled | review_or_reservation_platform,2,2,negative_quality_evidence_not_structurally_captured
ChIJwwDvybPzGGARJ9Hh1sAbQko,Sumiyaki Hajime,Yakitori restaurant,Suginami Initial,70.51,76.04,76.04,0.0,public-v3-local-discovery,54.9,0.0,0.0,0.0,0.0,54.9,54.9,54.9,92.0,100.0,90.16,92.0,100.0,90.16,76.04,0.0,76.04,76.04,76.04,77.81,0.0,0.0,0.0,1.77,True,True,True,independent_single,False,False,,,True,,82.35,,,,,0,0,quality_review_themes_unavailable | negative_quality_evidence_not_structurally_captured
ChIJwywKAeuOGGARP8-v0gQGO0A,Shabutatsu Asakusa,しゃぶしゃぶ,Taito Initial,76.69,76.43,76.43,0.0,public-v3-local-discovery,75.88,0.0,0.0,0.0,0.0,75.88,75.88,75.88,63.65,100.0,70.96,63.65,100.0,70.96,76.43,0.0,76.43,76.43,76.43,76.19,0.0,0.0,0.0,-0.24,True,True,True,independent_single,False,False,,,True,,87.95,,,,,0,0,quality_review_themes_unavailable | negative_quality_evidence_not_structurally_captured
ChIJx-V-YwKMGGARK1bfu9X1z2c,Kintarou Sushi,Sushi restaurant,Chiyoda Initial,66.2,73.76,73.76,0.0,public-v3-local-discovery,65.28,0.0,0.0,0.0,0.0,65.28,65.28,65.28,68.86,100.0,76.22,68.86,100.0,79.36,74.55,0.79,74.55,74.55,74.55,75.25,0.79,0.79,0.79,1.49,False,True,True,independent_single,False,False,,,True,,82.35,,,,,0,0,quality_review_themes_unavailable | negative_quality_evidence_not_structurally_captured
ChIJx4OVU4WLGGARI0mOXpaxh_o,Spice Theater msb Tamachi,スパイスカレー・カレー,Minato Initial,71.15,66.69,66.69,0.0,public-v3-local-discovery,47.99,0.0,0.0,0.0,0.0,47.99,47.99,47.99,93.66,75.0,79.19,93.66,86.67,85.42,70.0,3.31,70.0,70.0,70.0,71.87,3.31,3.31,3.31,5.18,False,True,True,unknown,False,False,,,True,,81.95,,,favy.jp | tabelog.com,other_or_restaurant_controlled | review_or_reservation_platform,2,2,negative_quality_evidence_not_structurally_captured | chain_classification
ChIJx68p0XKLGGARpL23zB4Pr1c,Washoku Ginnan,Japanese cuisine,Chuo Initial,76.56,82.86,82.86,0.0,public-v3-local-discovery,78.01,0.0,0.0,0.0,0.0,78.01,78.01,78.01,77.56,100.0,84.49,77.56,100.0,84.49,82.86,0.0,82.86,82.86,82.86,83.19,0.0,0.0,0.0,0.33,False,True,True,independent_single,False,True,confirmed_wrong_restaurant_identity,,False,critical:confirmed_wrong_restaurant_identity,71.35,,,,other_or_restaurant_controlled | review_or_reservation_platform,0,4,no_independently_corroborated_food_quality_theme | same_source_family_themes_excluded:1 | negative_quality_evidence_not_structurally_captured
ChIJx8WvvODzGGARIVnYvC48q1A,Izakaya Takuto,居酒屋,Shibuya Initial,80.97,75.09,75.09,0.0,public-v3-local-discovery,69.06,0.0,0.0,0.0,0.0,69.06,69.06,69.06,93.52,73.0,76.16,93.52,100.0,92.61,83.26,8.17,83.26,83.26,83.26,84.44,8.17,8.17,8.17,9.35,True,True,True,unknown,False,False,,,True,,87.15,,,lavietaste.com | tabelog.com,review_or_reservation_platform,1,2,negative_quality_evidence_not_structurally_captured | chain_classification | specialist_restaurant | local_audience | international_visibility | corporate_visibility
ChIJxQk2agCPGGARLVDnM2Ma5qQ,Indian Nepali Restaurant & Bar (Sakura),Indian and Nepali restaurant,Adachi Initial,74.74,77.49,77.49,0.0,public-v3-local-discovery,82.48,0.0,0.0,0.0,0.0,82.48,82.48,82.48,78.55,79.0,66.97,78.55,100.0,70.14,81.43,3.94,81.43,81.43,81.43,80.82,3.94,3.94,3.94,3.33,False,True,True,unknown,False,True,confirmed_address_identity_conflict,,False,critical:confirmed_address_identity_conflict,59.55,,,tabelog.com | wanderlog.com,other_or_restaurant_controlled | review_or_reservation_platform,1,2,negative_quality_evidence_not_structurally_captured | chain_classification
ChIJxRLlrY6OGGARF8rsVuk_ZPA,Nakaya,ラーメン・町中華,Taito Initial,63.01,61.51,61.51,0.0,public-v3-local-discovery,26.14,0.0,0.0,0.0,0.0,26.14,26.14,26.14,95.0,94.0,85.57,95.0,100.0,93.02,64.27,2.76,64.27,64.27,64.27,67.61,2.76,2.76,2.76,6.1,False,True,True,independent_single,False,False,,,True,,87.95,,,tabelog.com | yahoo.co.jp,blog_platform | other_or_restaurant_controlled | review_or_reservation_platform,1,2,negative_quality_evidence_not_structurally_captured | specialist_restaurant
ChIJxSOvHEKNGGARbq6qxn9NC4U,escravo,Wine bar,Toshima Initial,78.27,81.77,81.77,0.0,public-v3-local-discovery,73.24,0.0,0.0,0.0,0.0,73.24,73.24,73.24,84.13,100.0,84.78,84.13,100.0,87.93,82.56,0.79,82.56,82.56,82.56,83.29,0.79,0.79,0.79,1.52,True,True,True,independent_single,False,False,,,True,,87.95,,,food-stadium.com | tabelog.com,other_or_restaurant_controlled | review_or_reservation_platform,2,3,same_source_family_themes_excluded:1 | negative_quality_evidence_not_structurally_captured
ChIJxVBbAoKLGGARUxJedeLj1L4,Local Spicy SITARA Tsukiji,Indian restaurant,Chuo,85.37,78.53,78.49,-0.04,public-v1,79.03,2.0,2.0,2.0,2.0,81.03,81.03,81.03,80.48,100.0,0.0,80.48,100.0,85.74,84.07,5.58,84.97,84.97,84.97,85.21,6.48,6.48,6.48,6.72,True,True,True,unknown,False,False,,,True,,88.35,"signature-dish reputation +2: Chewy, substantial naan is a recurring highlight",,hotpepper.jp | tabelog.com,review_or_reservation_platform,1,1,negative_quality_evidence_not_structurally_captured | chain_classification | local_audience | international_visibility | corporate_visibility
ChIJxVCtWwCPGGARaw__u4DV9uA,Special Matcha Sweets Factory,Japanese sweets restaurant,Taito Initial,75.6,72.43,72.43,0.0,public-v3-local-discovery,71.37,0.0,0.0,0.0,0.0,71.37,71.37,71.37,75.53,79.0,68.54,75.53,100.0,72.37,76.54,4.11,76.54,76.54,76.54,76.59,4.11,4.11,4.11,4.16,False,True,True,unknown,False,False,,,True,,85.15,,,,,0,0,quality_review_themes_unavailable | negative_quality_evidence_not_structurally_captured | chain_classification | local_audience
ChIJxXPxGkKNGGARDPv4VuetZNw,Shokudo Fukuya,Japanese set-meal restaurant,Toshima Initial,60.89,68.49,68.49,0.0,public-v3-local-discovery,51.8,0.0,0.0,0.0,0.0,51.8,51.8,51.8,77.03,94.0,78.09,77.03,100.0,81.22,70.17,1.68,70.17,70.17,70.17,71.64,1.68,1.68,1.68,3.15,False,True,True,independent_single,False,False,,,True,,82.35,,,ikebukuro-times.com | tabelog.com,other_or_restaurant_controlled | review_or_reservation_platform,2,3,negative_quality_evidence_not_structurally_captured | specialist_restaurant
ChIJxaMzoHeNGGAReVXNLr5yH1Q,"Shiden to Sakana to, Fukukawa",Izakaya,Chiyoda Initial,72.2,76.17,76.17,0.0,public-v3-local-discovery,68.11,3.5,3.5,3.5,3.5,71.61,71.61,71.61,72.94,100.0,78.33,72.94,100.0,83.33,77.42,1.25,79.0,79.0,79.0,79.58,2.83,2.83,2.83,3.41,True,True,True,independent_single,False,False,,,True,,82.35,food/execution praise +1.5: Fresh seafood and creative dishes are prominent alongside the oden | signature-dish reputation +2: Shellfish-stock oden is the restaurant's defining specialty,,odentosakanatofukukawa.com | tabelog.com,other_or_restaurant_controlled | review_or_reservation_platform,3,4,negative_quality_evidence_not_structurally_captured | local_audience
ChIJxakJLpqNGGARIpc4I9vtosQ,Cho-i Nomi-dokoro Yorimichi,居酒屋,Shinjuku Initial,80.31,75.65,75.65,0.0,public-v3-local-discovery,71.82,0.0,0.0,0.0,0.0,71.82,71.82,71.82,83.11,79.0,76.06,83.11,100.0,86.09,81.31,5.66,81.31,81.31,81.31,82.02,5.66,5.66,5.66,6.37,True,True,True,unknown,False,False,,,True,,72.95,,,hotpepper.jp | tabelog.com,review_or_reservation_platform,1,3,negative_quality_evidence_not_structurally_captured | chain_classification | local_audience | international_visibility | corporate_visibility
ChIJxbT1BgCJGGARMEOoT1fmvuU,Bisho,Japanese cafeteria,Chuo Initial,77.32,75.19,75.19,0.0,public-v3-local-discovery,60.91,0.0,0.0,0.0,0.0,60.91,60.91,60.91,91.99,94.0,79.53,91.99,100.0,86.31,77.79,2.6,77.79,77.79,77.79,79.06,2.6,2.6,2.6,3.87,True,True,True,independent_single,False,False,,,True,,81.55,,,apahotel.com | tabelog.com,other_or_restaurant_controlled | review_or_reservation_platform,1,2,same_source_family_themes_excluded:1 | negative_quality_evidence_not_structurally_captured | specialist_restaurant
ChIJxcLfdALzGGARTloBVk9OFwg,Izakaya Bakushu Yoshioka,Italian bar,Setagaya Initial,74.26,83.93,83.93,0.0,public-v3-local-discovery,90.23,3.5,3.5,3.5,3.5,93.73,93.73,93.73,65.33,100.0,74.1,65.33,100.0,77.25,84.72,0.79,86.29,86.29,86.29,85.47,2.36,2.36,2.36,1.54,True,True,True,independent_single,False,False,,,True,,88.35,food/execution praise +1.5: Fresh pasta and lasagna are recurring menu highlights | specialist/craft evidence +2: Natural wine and craft beer are central to the drinks offering,,brewcast.net | ib-yoshioka.jp | tabelog.com | yahoo.co.jp,other_or_restaurant_controlled | review_or_reservation_platform,2,2,negative_quality_evidence_not_structurally_captured
ChIJxeMAUOqOGGARTXkvlQImjLQ,Sushi Isshin,Sushi restaurant,Taito Initial,74.16,74.56,74.56,0.0,public-v3-local-discovery,67.0,0.0,0.0,0.0,0.0,67.0,67.0,67.0,65.53,100.0,78.34,65.53,100.0,78.34,74.56,0.0,74.56,74.56,74.56,75.13,0.0,0.0,0.0,0.57,False,True,True,independent_single,False,False,,,True,,87.95,,,,other_or_restaurant_controlled | review_or_reservation_platform,0,2,no_independently_corroborated_food_quality_theme | negative_quality_evidence_not_structurally_captured
ChIJxf25VhWLGGARtLRMc7qDCFk,Kappou Uzuki,Japanese kappo cuisine,Shibuya Initial,68.2,70.24,70.24,0.0,public-v3-local-discovery,67.34,0.0,0.0,0.0,0.0,67.34,67.34,67.34,54.57,100.0,66.99,54.57,100.0,69.99,70.99,0.75,70.99,70.99,70.99,71.12,0.75,0.75,0.75,0.88,False,True,True,independent_single,False,False,,,True,,73.35,,,kappou-uzuki-ebisu.com | tabelog.com,other_or_restaurant_controlled | review_or_reservation_platform,2,3,negative_quality_evidence_not_structurally_captured | local_audience
ChIJxylpaU_uGGARkxm5B_JFPHU,Bakawarai Junsui,居酒屋,Suginami Initial,64.91,70.89,70.89,0.0,public-v3-local-discovery,77.26,0.0,0.0,0.0,0.0,77.26,77.26,77.26,44.36,100.0,57.87,44.36,100.0,57.87,70.89,0.0,70.89,70.89,70.89,69.92,0.0,0.0,0.0,-0.97,False,True,False,independent_single,False,False,,,True,,72.95,,,corner.inc | tripadvisor.com,other_or_restaurant_controlled | review_or_reservation_platform,1,2,negative_quality_evidence_not_structurally_captured
ChIJxzNkQCOQGGARN7ANCJUAsxA,Miho,お好み焼き・もんじゃ焼き,Adachi Initial,73.29,80.94,80.94,0.0,public-v3-local-discovery,73.34,0.0,0.0,0.0,0.0,73.34,73.34,73.34,82.9,100.0,82.0,82.9,100.0,85.15,81.73,0.79,81.73,81.73,81.73,82.32,0.79,0.79,0.79,1.38,True,True,True,independent_single,False,False,,,True,,69.95,,,,other_or_restaurant_controlled | review_or_reservation_platform,0,1,no_independently_corroborated_food_quality_theme | negative_quality_evidence_not_structurally_captured
ChIJxzWqQlSNGGARLOwQwOLFv_s,Kitchen Hinata,洋食,Shinjuku Initial,78.22,81.81,81.81,0.0,public-v3-local-discovery,74.8,0.0,0.0,0.0,0.0,74.8,74.8,74.8,82.44,100.0,83.13,82.44,100.0,86.28,82.6,0.79,82.6,82.6,82.6,83.17,0.79,0.79,0.79,1.36,True,True,True,independent_single,False,False,,,True,,81.95,,,,,0,0,quality_review_themes_unavailable | negative_quality_evidence_not_structurally_captured
ChIJy0yeE0SMGGARPTVaQKnDWcQ,Nakaya Sushi,Sushi restaurant,Chiyoda Initial,66.12,68.14,68.14,0.0,public-v3-local-discovery,57.41,1.5,1.5,1.5,1.5,58.91,58.91,58.91,73.42,82.5,75.68,73.42,82.5,78.83,68.93,0.79,69.61,69.61,69.61,70.6,1.47,1.47,1.47,2.46,False,True,True,small_group_distinct_concept,False,False,,,True,,88.35,food/execution praise +1.5: Seasonal seafood and carefully selected sushi ingredients,,nakayazushi.jp | tabelog.com,other_or_restaurant_controlled | review_or_reservation_platform,1,2,negative_quality_evidence_not_structurally_captured
ChIJy1ecyyzzGGARLIZswWTJgpE,Shoku-an Tonton,Japanese set-meal restaurant,Suginami Initial,70.81,74.8,74.8,0.0,public-v3-local-discovery,59.11,0.0,0.0,0.0,0.0,59.11,59.11,59.11,86.82,94.0,84.29,86.82,100.0,88.1,76.65,1.85,76.65,76.65,76.65,78.1,1.85,1.85,1.85,3.3,False,True,True,independent_single,False,False,,,True,,82.35,,,enjoytokyo.jp | takaido-lunch.com,government_or_local_official | other_or_restaurant_controlled,2,2,negative_quality_evidence_not_structurally_captured | specialist_restaurant
ChIJy4hlIrWRGGARvy6vEi3R0gg,Snack Oasis,スナック,Adachi Initial,63.42,76.9,76.9,0.0,public-v3-local-discovery,55.73,0.0,0.0,0.0,0.0,55.73,55.73,55.73,97.65,94.0,92.3,97.65,100.0,97.01,78.98,2.08,78.98,78.98,78.98,81.04,2.08,2.08,2.08,4.14,True,True,True,independent_single,False,False,,,True,,82.2,,,,,0,0,quality_review_themes_unavailable | negative_quality_evidence_not_structurally_captured | specialist_restaurant
ChIJy5AqdjD1GGARmmcHywIKRGA,Jiyugaoka Shu,Japanese cuisine,Setagaya Initial,78.83,74.64,74.64,0.0,public-v3-local-discovery,70.37,0.0,0.0,0.0,0.0,70.37,70.37,70.37,75.68,79.0,79.07,75.68,100.0,85.28,79.34,4.7,79.34,79.34,79.34,80.08,4.7,4.7,4.7,5.44,False,True,True,unknown,False,False,,,True,,88.35,,,jiyugaoka-shu.jp | ozmall.co.jp | takeme.com | yahoo.co.jp,other_or_restaurant_controlled | review_or_reservation_platform,2,4,negative_quality_evidence_not_structurally_captured | chain_classification
ChIJy5_arkuJGGARwY2DqVrARTM,Katei Ryori Mizu,居酒屋,Ogibashi Initial,70.52,75.14,75.14,0.0,public-v3-local-discovery,56.38,0.0,0.0,0.0,0.0,56.38,56.38,56.38,91.11,94.0,88.02,91.11,100.0,92.24,77.1,1.96,77.1,77.1,77.1,78.89,1.96,1.96,1.96,3.75,True,True,True,independent_single,False,False,,,True,,87.6,,,,review_or_reservation_platform,0,1,no_independently_corroborated_food_quality_theme | same_source_family_themes_excluded:1 | negative_quality_evidence_not_structurally_captured | specialist_restaurant
ChIJy6TA5YfvGGARxuhK8dMUUwA,Goyururi,食堂,Suginami Initial,76.59,84.86,84.86,0.0,public-v3-local-discovery,91.42,0.0,0.0,0.0,0.0,91.42,91.42,91.42,66.5,100.0,75.0,66.5,100.0,78.15,85.65,0.79,85.65,85.65,85.65,84.99,0.79,0.79,0.79,0.13,True,True,True,independent_single,False,False,,,True,,75.55,,,suginamigaku.org | tabelog.com,other_or_restaurant_controlled | review_or_reservation_platform,1,2,negative_quality_evidence_not_structurally_captured
ChIJy8bNFXqMGGAR4B7dCjMfQ1Y,Sakedokoro Ichiyoshi,Izakaya,Chiyoda Initial,73.3,73.48,73.48,0.0,public-v3-local-discovery,57.87,0.0,0.0,0.0,0.0,57.87,57.87,57.87,85.62,94.0,81.96,85.62,100.0,89.01,76.14,2.66,76.14,76.14,76.14,77.69,2.66,2.66,2.66,4.21,False,True,True,independent_single,False,False,,,True,,72.15,,,nagasakiwagyu-brand.jp | yahoo.co.jp,other_or_restaurant_controlled | review_or_reservation_platform,1,2,negative_quality_evidence_not_structurally_captured | specialist_restaurant
ChIJy8bYtL6MGGARdOCKd9yO_XI,Matsu Katei Ryori,Izakaya,Shibuya Initial,65.26,69.1,69.1,0.0,public-v3-local-discovery,54.54,0.0,0.0,0.0,0.0,54.54,54.54,54.54,75.23,94.0,76.68,75.23,100.0,83.14,71.61,2.51,71.61,71.61,71.61,73.04,2.51,2.51,2.51,3.94,False,True,True,independent_single,False,False,,,True,,75.95,,,,,0,0,quality_review_themes_unavailable | negative_quality_evidence_not_structurally_captured | specialist_restaurant
ChIJy9NeW22LGGARtI40VcH_FZU,"Tramont: People, Wine, and the Table",Italian restaurant,Chuo Initial,60.39,75.6,75.6,0.0,public-v3-local-discovery,67.34,0.0,0.0,0.0,0.0,67.34,67.34,67.34,72.41,100.0,77.73,72.41,100.0,80.88,76.38,0.78,76.38,76.38,76.38,77.06,0.78,0.78,0.78,1.46,True,True,True,independent_single,False,False,,,True,,87.95,,,hotpepper.jp | tabelog.com | yahoo.co.jp,other_or_restaurant_controlled | review_or_reservation_platform,2,3,negative_quality_evidence_not_structurally_captured
ChIJyVJcHVWNGGAR-wyhTpSXELE,Izakaya Eeyan,居酒屋,Toshima Initial,74.94,77.48,77.48,0.0,public-v3-local-discovery,62.47,0.0,0.0,0.0,0.0,62.47,62.47,62.47,88.86,94.0,87.74,88.86,100.0,91.93,79.42,1.94,79.42,79.42,79.42,80.9,1.94,1.94,1.94,3.42,True,True,True,independent_single,False,False,,,True,,75.95,,,,,0,0,quality_review_themes_unavailable | negative_quality_evidence_not_structurally_captured | specialist_restaurant
ChIJyWH0Dz2LGGARRGpOkrnrS2M,Washokubiyori Osaketo Kyobashi,Japanese restaurant,Chuo Initial,66.7,62.22,62.22,0.0,public-v3-local-discovery,57.82,0.0,0.0,0.0,0.0,57.82,57.82,57.82,66.42,61.0,68.37,66.42,40.0,71.9,59.96,-2.26,59.96,59.96,59.96,60.66,-2.26,-2.26,-2.26,-1.56,False,True,True,unknown,False,False,,,True,,88.35,,,osaketo-washoku.jp | tabelog.com,other_or_restaurant_controlled | review_or_reservation_platform,1,2,negative_quality_evidence_not_structurally_captured | chain_classification
ChIJyXCOJuqPGGAR3yAIHzTjvAs,Godaime Wagyu Tokyo Asakusa,Halal wagyu restaurant,Taito Initial,77.28,72.71,72.71,0.0,public-v3-local-discovery,84.54,0.0,0.0,0.0,0.0,84.54,84.54,84.54,63.73,71.0,57.83,63.73,73.33,55.88,72.57,-0.14,72.57,72.57,72.57,71.14,-0.14,-0.14,-0.14,-1.57,False,True,True,unknown,False,False,,,True,,81.55,,,,,0,0,quality_review_themes_unavailable | negative_quality_evidence_not_structurally_captured | chain_classification | local_audience
ChIJyXttmKaMGGARngJSkinyWZw,Shabuzen Shiwa,しゃぶしゃぶ,Shibuya Initial,60.42,66.01,66.01,0.0,public-v3-local-discovery,60.0,5.5,5,5.5,5.5,65.0,65.5,65.5,48.17,100.0,67.12,48.17,100.0,67.12,66.01,0.0,68.26,68.48,68.48,68.56,2.25,2.47,2.47,2.55,False,True,True,independent_single,False,False,,,True,,88.35,"food/execution praise +1.5: High-quality beef, especially aged Iwate wagyu | specialist/craft evidence +2: High-quality beef, especially aged Iwate wagyu | signature-dish reputation +2: Signature octopus shabu with a distinctive chewy texture",,autoreserve.com | lavietaste.com | res-reserve.com | shabuzenshiwa.com,other_or_restaurant_controlled | review_or_reservation_platform,2,3,negative_quality_evidence_not_structurally_captured
ChIJyZf7rxSJGGARnYOz0schjUg,Indian Restaurant & Bar Sahana,Indian restaurant,Koto Initial,62.23,66.37,66.37,0.0,public-v3-local-discovery,51.48,0.0,0.0,0.0,0.0,51.48,51.48,51.48,70.32,100.0,70.63,70.32,100.0,77.98,68.21,1.84,68.21,68.21,68.21,69.53,1.84,1.84,1.84,3.16,False,True,True,independent_single,False,False,,,True,,81.95,,,,,0,0,quality_review_themes_unavailable | negative_quality_evidence_not_structurally_captured | local_audience
ChIJyb3tuHGLGGAROSPgryZ-hVs,Sushi Hirose,Sushi restaurant,Minato Initial,69.13,74.35,74.35,0.0,public-v3-local-discovery,65.61,0.0,0.0,0.0,0.0,65.61,65.61,65.61,68.25,100.0,78.36,68.25,100.0,78.36,74.35,0.0,74.35,74.35,74.35,74.99,0.0,0.0,0.0,0.64,False,True,True,independent_single,False,False,,,True,,87.95,,,autoreserve.com | hiraganatimes.com | itmedia.co.jp | timeout.com,editorial_or_guide | other_or_restaurant_controlled | review_or_reservation_platform,2,3,negative_quality_evidence_not_structurally_captured
ChIJyejV9yXzGGARXuOAkrD1__w,Fukunoya,Yakitori restaurant,Shibuya Initial,78.75,80.84,80.84,0.0,public-v3-local-discovery,66.55,2.0,2.0,2.0,2.0,68.55,68.55,68.55,87.77,100.0,90.89,87.77,100.0,90.89,80.84,0.0,81.74,81.74,81.74,82.85,0.9,0.9,0.9,2.01,True,True,True,independent_single,False,False,,,True,,88.35,signature-dish reputation +2: Motsunabe is a recurring specialty alongside yakitori,,ekiten.jp | hotpepper.jp | line.me | tabelog.com,other_or_restaurant_controlled | review_or_reservation_platform,2,3,negative_quality_evidence_not_structurally_captured
ChIJyykdmLCLGGAR8kEHSP8dZWo,SUSHI KISARAGI,Sushi restaurant,Minato Initial,71.24,73.29,73.29,0.0,public-v3-local-discovery,75.64,0.0,0.0,0.0,0.0,75.64,75.64,75.64,49.84,100.0,67.12,49.84,100.0,67.12,73.29,0.0,73.29,73.29,73.29,72.87,0.0,0.0,0.0,-0.42,False,True,True,independent_single,False,False,,,True,,88.35,,,keizai.biz | sushi-kisaragi.com | tabiiro.jp,other_or_restaurant_controlled | review_or_reservation_platform,1,3,negative_quality_evidence_not_structurally_captured
ChIJz3Msn-GLGGARdfi2mRrjYHw,Vin de Rêve,French wine bar,Chuo Initial,66.58,70.0,70.0,0.0,public-v3-local-discovery,57.98,0.0,0.0,0.0,0.0,57.98,57.98,57.98,64.38,100.0,77.0,64.38,100.0,80.15,70.79,0.79,70.79,70.79,70.79,71.89,0.79,0.79,0.79,1.89,False,True,True,independent_single,False,False,,,True,,88.35,,,,other_or_restaurant_controlled | review_or_reservation_platform,0,3,no_independently_corroborated_food_quality_theme | same_source_family_themes_excluded:2 | negative_quality_evidence_not_structurally_captured
ChIJz3xTv5aNGGARUnCvr1Tm0VU,Shien,Yakiniku,Toshima Initial,76.28,81.28,81.28,0.0,public-v3-local-discovery,71.81,0.0,0.0,0.0,0.0,71.81,71.81,71.81,86.96,100.0,83.7,86.96,100.0,86.86,82.07,0.79,82.07,82.07,82.07,82.83,0.79,0.79,0.79,1.55,True,True,True,independent_single,False,False,,,True,,73.95,,,,,0,0,quality_review_themes_unavailable | negative_quality_evidence_not_structurally_captured
ChIJz7hlm-2PGGARJUQIi9nxkeM,Semolina,喫茶店・洋食,Taito Initial,60.68,63.34,63.34,0.0,public-v3-local-discovery,36.62,0.0,0.0,0.0,0.0,36.62,36.62,36.62,85.6,94.0,79.69,85.6,100.0,86.49,65.94,2.6,65.94,65.94,65.94,68.44,2.6,2.6,2.6,5.1,False,True,True,independent_single,False,False,,,True,,87.95,,,blog.jp | exblog.jp | tabelog.com | tripadvisor.jp,other_or_restaurant_controlled | review_or_reservation_platform,1,2,negative_quality_evidence_not_structurally_captured | specialist_restaurant
ChIJz7wmUs_vGGARhkbq_h7aIGY,FILIPPO Bacaro,Italian restaurant,Suginami Initial,70.81,74.95,74.95,0.0,public-v3-local-discovery,76.01,0.0,0.0,0.0,0.0,76.01,76.01,76.01,68.76,82.5,72.21,68.76,82.5,75.36,75.73,0.78,75.73,75.73,75.73,75.7,0.78,0.78,0.78,0.75,False,True,True,small_group_distinct_concept,False,False,,,True,,87.95,,,lemon8-app.com | tabelog.com,other_or_restaurant_controlled | review_or_reservation_platform,1,1,negative_quality_evidence_not_structurally_captured
ChIJzR1ajfaPGGARGvJVaqa3xNo,Asakusa Monjiya,もんじゃ焼き・お好み焼き,Taito,84.18,77.58,78.24,0.66,public-v2-chain-classification,82.05,0.0,0.0,0.0,0.0,82.05,82.05,82.05,76.07,79.0,0.0,76.07,100.0,78.19,82.88,4.64,82.88,82.88,82.88,82.69,4.64,4.64,4.64,4.45,True,True,True,unknown,False,False,,,True,,87.95,,,autoreserve.com | lavietaste.com | tabelog.com,blog_platform | other_or_restaurant_controlled | review_or_reservation_platform,1,4,negative_quality_evidence_not_structurally_captured | chain_classification | local_audience | international_visibility | corporate_visibility
ChIJzVX56BCNGGARLoHmvqYI2vQ,Izakaya Marumo,Izakaya,Toshima Initial,77.71,80.58,80.58,0.0,public-v3-local-discovery,70.03,0.0,0.0,0.0,0.0,70.03,70.03,70.03,92.26,94.0,84.53,92.26,100.0,91.87,83.32,2.74,83.32,83.32,83.32,84.41,2.74,2.74,2.74,3.83,True,True,True,independent_single,False,False,,,True,,81.15,,,,other_or_restaurant_controlled,0,2,no_independently_corroborated_food_quality_theme | negative_quality_evidence_not_structurally_captured | specialist_restaurant
ChIJzWZND1-NGGAR6t5dNtq58Oc,Suzunoki,Izakaya,Toshima Initial,74.9,78.43,78.43,0.0,public-v3-local-discovery,71.0,0.0,0.0,0.0,0.0,71.0,71.0,71.0,81.46,100.0,77.04,81.46,100.0,85.52,80.55,2.12,80.55,80.55,80.55,81.28,2.12,2.12,2.12,2.85,True,True,True,independent_single,False,False,,,True,,87.95,,,gnavi.co.jp | tabelog.com,review_or_reservation_platform,1,2,negative_quality_evidence_not_structurally_captured | local_audience
ChIJzZ6X0M-PGGARQ8kv7ZTSTPw,Senju Yado Gen,居酒屋,Adachi Initial,67.62,74.52,74.52,0.0,public-v3-local-discovery,75.7,0.0,0.0,0.0,0.0,75.7,75.7,75.7,59.52,94.0,69.71,59.52,100.0,71.89,75.97,1.45,75.97,75.97,75.97,75.78,1.45,1.45,1.45,1.26,False,True,True,independent_single,False,False,,,True,,88.35,,,,other_or_restaurant_controlled | review_or_reservation_platform,0,2,no_independently_corroborated_food_quality_theme | negative_quality_evidence_not_structurally_captured | specialist_restaurant
ChIJz_Yo1vtfGGARNrB45_fGtTk,Tonkatsu Cantine Yumemiru Kobuta,Tonkatsu / French-inspired restaurant,Ota Initial,76.16,79.03,79.03,0.0,public-v3-local-discovery,72.69,0.0,0.0,0.0,0.0,72.69,72.69,72.69,76.98,100.0,79.11,76.98,100.0,79.11,79.04,0.01,79.04,79.04,79.04,79.36,0.01,0.01,0.01,0.33,True,True,True,independent_single,False,False,,,True,,87.95,,,tabelog.com | tonkatsucantine.com,other_or_restaurant_controlled | review_or_reservation_platform,1,2,negative_quality_evidence_not_structurally_captured
ChIJzaTLHXuNGGAR0BV0Ff2P6Bc,Li Ji Pig's Trotter Rice,Chinese restaurant,Toshima Initial,75.94,73.56,73.56,0.0,public-v3-local-discovery,62.79,0.0,0.0,0.0,0.0,62.79,62.79,62.79,94.23,79.0,77.27,94.23,100.0,90.65,80.05,6.49,80.05,80.05,80.05,81.45,6.49,6.49,6.49,7.89,False,True,True,unknown,False,False,,,True,,75.55,,,,,0,0,quality_review_themes_unavailable | negative_quality_evidence_not_structurally_captured | chain_classification | local_audience
ChIJzb_L-sX1GGARdZkdi2Ct4GY,Kitchen & Dining -1000- (Sen),ダイニングバー,Setagaya Initial,69.66,73.06,73.06,0.0,public-v3-local-discovery,51.52,0.0,0.0,0.0,0.0,51.52,51.52,51.52,92.14,94.0,87.83,92.14,100.0,92.04,75.02,1.96,75.02,75.02,75.02,77.04,1.96,1.96,1.96,3.98,False,True,True,independent_single,False,False,,,True,,87.15,,,,,0,0,quality_review_themes_unavailable | negative_quality_evidence_not_structurally_captured | specialist_restaurant
ChIJzcPJte-LGGARY6WXF1fT0Ro,Toriichi,焼き鳥,Chiyoda Initial,74.62,77.61,77.61,0.0,public-v3-local-discovery,56.09,3.5,3.5,3.5,3.5,59.59,59.59,59.59,95.16,100.0,92.38,95.16,100.0,92.38,77.61,0.0,79.18,79.18,79.18,80.82,1.57,1.57,1.57,3.21,False,False,True,independent_single,False,False,,,False,product_ineligible,87.55,food/execution praise +1.5: Soba as a notable closing dish | specialist/craft evidence +2: Charcoal-grilled yakitori and chicken dishes,,enjoytokyo.jp | lifeteria.com | tabelog.com,government_or_local_official | other_or_restaurant_controlled | review_or_reservation_platform,2,4,same_source_family_themes_excluded:1 | negative_quality_evidence_not_structurally_captured
ChIJzdoIlxLxGGARwAosnKZ2xDw,Pahuna Asian Fusion,Indian-Nepalese restaurant,Suginami Initial,78.08,80.3,80.3,0.0,public-v3-local-discovery,70.82,0.0,0.0,0.0,0.0,70.82,70.82,70.82,90.16,94.0,83.22,90.16,100.0,90.42,83.0,2.7,83.0,83.0,83.0,83.98,2.7,2.7,2.7,3.68,True,True,True,independent_single,False,False,,,True,,81.95,,,,,0,0,quality_review_themes_unavailable | negative_quality_evidence_not_structurally_captured | specialist_restaurant
ChIJzx2ThCnvGGARXFoWw5RXnaI,Khaothai Tabetai,Thai restaurant,Suginami Initial,79.49,80.65,80.65,0.0,public-v3-local-discovery,80.49,0.0,0.0,0.0,0.0,80.49,80.49,80.49,72.08,100.0,74.47,72.08,100.0,82.5,82.66,2.01,82.66,82.66,82.66,82.76,2.01,2.01,2.01,2.11,True,True,True,independent_single,False,False,,,True,,88.35,,,,,0,0,quality_review_themes_unavailable | negative_quality_evidence_not_structurally_captured | local_audience
ChIJzxFioGVgGGAR3OgDcKz8N6g,Kacho,Izakaya,Ota Initial,68.54,73.24,73.24,0.0,public-v3-local-discovery,58.27,0.0,0.0,0.0,0.0,58.27,58.27,58.27,85.62,94.0,80.31,85.62,100.0,87.18,75.86,2.62,75.86,75.86,75.86,77.31,2.62,2.62,2.62,4.07,False,True,True,independent_single,False,False,,,True,,75.95,,,,,0,0,quality_review_themes_unavailable | negative_quality_evidence_not_structurally_captured | specialist_restaurant
ChIJzzpi9x3zGGARzzY517RwsJE,Wakyo,居酒屋,Shibuya Initial,60.62,69.37,69.37,0.0,public-v3-local-discovery,60.0,2.0,2.0,2.0,2.0,62.0,62.0,62.0,61.94,100.0,72.32,61.94,100.0,75.47,70.16,0.79,71.06,71.06,71.06,71.73,1.69,1.69,1.69,2.36,False,True,True,independent_single,False,False,,,True,,82.35,signature-dish reputation +2: Creative meat dishes and signature motsunabe,,tabelog.com | wakyo2020.com | yahoo.co.jp,other_or_restaurant_controlled | review_or_reservation_platform,2,3,negative_quality_evidence_not_structurally_captured
